{"type":"FeatureCollection","metadata":{"source":"OpenStreetMap via Overpass","generatedAt":"2026-09-14T22:25:00.201Z","failedBatches":0},"features":[{"type":"Feature","properties":{"label":"加油站","group":"重大環境設施","radius":500,"name":"台灣中油"},"geometry":{"type":"Point","coordinates":[121.4725348,25.046893]}},{"type":"Feature","properties":{"label":"高壓電塔","group":"重大環境設施","radius":500,"name":"OSM 未命名設施"},"geometry":{"type":"Point","coordinates":[121.4889523,25.0267296]}},{"type":"Feature","properties":{"label":"高壓電塔","group":"重大環境設施","radius":500,"name":"OSM 未命名設施"},"geometry":{"type":"Point","coordinates":[121.4891907,25.0367149]}},{"type":"Feature","properties":{"label":"高壓電塔","group":"重大環境設施","radius":500,"name":"OSM 未命名設施"},"geometry":{"type":"Point","coordinates":[121.4916219,25.0377477]}},{"type":"Feature","properties":{"label":"高壓電塔","group":"重大環境設施","radius":500,"name":"OSM 未命名設施"},"geometry":{"type":"Point","coordinates":[121.4938126,25.0386838]}},{"type":"Feature","properties":{"label":"高壓電塔","group":"重大環境設施","radius":500,"name":"OSM 未命名設施"},"geometry":{"type":"Point","coordinates":[121.4957824,25.039302]}},{"type":"Feature","properties":{"label":"高壓電塔","group":"重大環境設施","radius":500,"name":"OSM 未命名設施"},"geometry":{"type":"Point","coordinates":[121.4980863,25.0409687]}},{"type":"Feature","properties":{"label":"高壓電塔","group":"重大環境設施","radius":500,"name":"OSM 未命名設施"},"geometry":{"type":"Point","coordinates":[121.4997433,25.0425696]}},{"type":"Feature","properties":{"label":"高壓電塔","group":"重大環境設施","radius":500,"name":"OSM 未命名設施"},"geometry":{"type":"Point","coordinates":[121.4888459,25.0292965]}},{"type":"Feature","properties":{"label":"高壓電塔","group":"重大環境設施","radius":500,"name":"OSM 未命名設施"},"geometry":{"type":"Point","coordinates":[121.4965715,25.0106511]}},{"type":"Feature","properties":{"label":"高壓電塔","group":"重大環境設施","radius":500,"name":"OSM 未命名設施"},"geometry":{"type":"Point","coordinates":[121.4958729,25.0081942]}},{"type":"Feature","properties":{"label":"高壓電塔","group":"重大環境設施","radius":500,"name":"OSM 未命名設施"},"geometry":{"type":"Point","coordinates":[121.4985872,25.0078895]}},{"type":"Feature","properties":{"label":"高壓電塔","group":"重大環境設施","radius":500,"name":"OSM 未命名設施"},"geometry":{"type":"Point","coordinates":[121.4986386,25.0091017]}},{"type":"Feature","properties":{"label":"高壓電塔","group":"重大環境設施","radius":500,"name":"OSM 未命名設施"},"geometry":{"type":"Point","coordinates":[121.504694,25.0142294]}},{"type":"Feature","properties":{"label":"高壓電塔","group":"重大環境設施","radius":500,"name":"OSM 未命名設施"},"geometry":{"type":"Point","coordinates":[121.507685,25.0167588]}},{"type":"Feature","properties":{"label":"高壓電塔","group":"重大環境設施","radius":500,"name":"OSM 未命名設施"},"geometry":{"type":"Point","coordinates":[121.509505,25.0233416]}},{"type":"Feature","properties":{"label":"高壓電塔","group":"重大環境設施","radius":500,"name":"OSM 未命名設施"},"geometry":{"type":"Point","coordinates":[121.5313779,25.0107992]}},{"type":"Feature","properties":{"label":"高壓電塔","group":"重大環境設施","radius":500,"name":"OSM 未命名設施"},"geometry":{"type":"Point","coordinates":[121.5326707,25.0082053]}},{"type":"Feature","properties":{"label":"高壓電塔","group":"重大環境設施","radius":500,"name":"OSM 未命名設施"},"geometry":{"type":"Point","coordinates":[121.5349565,25.0026906]}},{"type":"Feature","properties":{"label":"高壓電塔","group":"重大環境設施","radius":500,"name":"OSM 未命名設施"},"geometry":{"type":"Point","coordinates":[121.5295291,25.0017838]}},{"type":"Feature","properties":{"label":"高壓電塔","group":"重大環境設施","radius":500,"name":"OSM 未命名設施"},"geometry":{"type":"Point","coordinates":[121.5558036,25.0149124]}},{"type":"Feature","properties":{"label":"高壓電塔","group":"重大環境設施","radius":500,"name":"OSM 未命名設施"},"geometry":{"type":"Point","coordinates":[121.5582353,25.0132292]}},{"type":"Feature","properties":{"label":"高壓電塔","group":"重大環境設施","radius":500,"name":"OSM 未命名設施"},"geometry":{"type":"Point","coordinates":[121.6021463,25.0655001]}},{"type":"Feature","properties":{"label":"高壓電塔","group":"重大環境設施","radius":500,"name":"OSM 未命名設施"},"geometry":{"type":"Point","coordinates":[121.5704434,25.0528633]}},{"type":"Feature","properties":{"label":"高壓電塔","group":"重大環境設施","radius":500,"name":"OSM 未命名設施"},"geometry":{"type":"Point","coordinates":[121.5731667,25.0533742]}},{"type":"Feature","properties":{"label":"高壓電塔","group":"重大環境設施","radius":500,"name":"OSM 未命名設施"},"geometry":{"type":"Point","coordinates":[121.5705012,25.0530385]}},{"type":"Feature","properties":{"label":"高壓電塔","group":"重大環境設施","radius":500,"name":"OSM 未命名設施"},"geometry":{"type":"Point","coordinates":[121.5729948,25.0536301]}},{"type":"Feature","properties":{"label":"高壓電塔","group":"重大環境設施","radius":500,"name":"OSM 未命名設施"},"geometry":{"type":"Point","coordinates":[121.5741611,25.0540224]}},{"type":"Feature","properties":{"label":"高壓電塔","group":"重大環境設施","radius":500,"name":"OSM 未命名設施"},"geometry":{"type":"Point","coordinates":[121.5742285,25.0538727]}},{"type":"Feature","properties":{"label":"加油站","group":"重大環境設施","radius":500,"name":"OSM 未命名設施"},"geometry":{"type":"Point","coordinates":[121.6179114,25.0675238]}},{"type":"Feature","properties":{"label":"加油站","group":"重大環境設施","radius":500,"name":"台灣中油"},"geometry":{"type":"Point","coordinates":[121.5636304,25.0594527]}},{"type":"Feature","properties":{"label":"加油站","group":"重大環境設施","radius":500,"name":"OSM 未命名設施"},"geometry":{"type":"Point","coordinates":[121.6177471,25.0674184]}},{"type":"Feature","properties":{"label":"高壓電塔","group":"重大環境設施","radius":500,"name":"OSM 未命名設施"},"geometry":{"type":"Point","coordinates":[121.336408,24.9682214]}},{"type":"Feature","properties":{"label":"高壓電塔","group":"重大環境設施","radius":500,"name":"OSM 未命名設施"},"geometry":{"type":"Point","coordinates":[121.3367085,24.9602257]}},{"type":"Feature","properties":{"label":"高壓電塔","group":"重大環境設施","radius":500,"name":"OSM 未命名設施"},"geometry":{"type":"Point","coordinates":[121.3352708,24.9584462]}},{"type":"Feature","properties":{"label":"高壓電塔","group":"重大環境設施","radius":500,"name":"OSM 未命名設施"},"geometry":{"type":"Point","coordinates":[121.3372878,24.9699327]}},{"type":"Feature","properties":{"label":"高壓電塔","group":"重大環境設施","radius":500,"name":"OSM 未命名設施"},"geometry":{"type":"Point","coordinates":[121.3389079,24.9727921]}},{"type":"Feature","properties":{"label":"高壓電塔","group":"重大環境設施","radius":500,"name":"OSM 未命名設施"},"geometry":{"type":"Point","coordinates":[121.3365582,24.9643989]}},{"type":"Feature","properties":{"label":"高壓電塔","group":"重大環境設施","radius":500,"name":"OSM 未命名設施"},"geometry":{"type":"Point","coordinates":[121.6565988,25.0518294]}},{"type":"Feature","properties":{"label":"高壓電塔","group":"重大環境設施","radius":500,"name":"協和～深美線044"},"geometry":{"type":"Point","coordinates":[121.6614072,25.052735]}},{"type":"Feature","properties":{"label":"高壓電塔","group":"重大環境設施","radius":500,"name":"OSM 未命名設施"},"geometry":{"type":"Point","coordinates":[121.6442131,25.066612]}},{"type":"Feature","properties":{"label":"高壓電塔","group":"重大環境設施","radius":500,"name":"OSM 未命名設施"},"geometry":{"type":"Point","coordinates":[121.643414,25.0694184]}},{"type":"Feature","properties":{"label":"高壓電塔","group":"重大環境設施","radius":500,"name":"OSM 未命名設施"},"geometry":{"type":"Point","coordinates":[121.6429068,25.0717789]}},{"type":"Feature","properties":{"label":"高壓電塔","group":"重大環境設施","radius":500,"name":"OSM 未命名設施"},"geometry":{"type":"Point","coordinates":[121.6443693,25.071775]}},{"type":"Feature","properties":{"label":"加油站","group":"重大環境設施","radius":500,"name":"全國加油站"},"geometry":{"type":"Point","coordinates":[121.4398404,24.9791422]}},{"type":"Feature","properties":{"label":"加油站","group":"重大環境設施","radius":500,"name":"全國加油站"},"geometry":{"type":"Point","coordinates":[121.4393463,24.979412]}},{"type":"Feature","properties":{"label":"高壓電塔","group":"重大環境設施","radius":500,"name":"OSM 未命名設施"},"geometry":{"type":"Point","coordinates":[121.6417368,25.071611]}},{"type":"Feature","properties":{"label":"高壓電塔","group":"重大環境設施","radius":500,"name":"OSM 未命名設施"},"geometry":{"type":"Point","coordinates":[121.5744846,25.0314135]}},{"type":"Feature","properties":{"label":"高壓電塔","group":"重大環境設施","radius":500,"name":"OSM 未命名設施"},"geometry":{"type":"Point","coordinates":[121.4959972,24.9519736]}},{"type":"Feature","properties":{"label":"高壓電塔","group":"重大環境設施","radius":500,"name":"OSM 未命名設施"},"geometry":{"type":"Point","coordinates":[121.4928047,24.9541047]}},{"type":"Feature","properties":{"label":"高壓電塔","group":"重大環境設施","radius":500,"name":"OSM 未命名設施"},"geometry":{"type":"Point","coordinates":[121.4902716,24.9557991]}},{"type":"Feature","properties":{"label":"高壓電塔","group":"重大環境設施","radius":500,"name":"OSM 未命名設施"},"geometry":{"type":"Point","coordinates":[121.6164202,25.0648906]}},{"type":"Feature","properties":{"label":"高壓電塔","group":"重大環境設施","radius":500,"name":"OSM 未命名設施"},"geometry":{"type":"Point","coordinates":[121.5414924,25.1099179]}},{"type":"Feature","properties":{"label":"高壓電塔","group":"重大環境設施","radius":500,"name":"OSM 未命名設施"},"geometry":{"type":"Point","coordinates":[121.5204266,25.1241348]}},{"type":"Feature","properties":{"label":"高壓電塔","group":"重大環境設施","radius":500,"name":"OSM 未命名設施"},"geometry":{"type":"Point","coordinates":[121.5221923,25.1268652]}},{"type":"Feature","properties":{"label":"高壓電塔","group":"重大環境設施","radius":500,"name":"OSM 未命名設施"},"geometry":{"type":"Point","coordinates":[121.5239857,25.1290055]}},{"type":"Feature","properties":{"label":"高壓電塔","group":"重大環境設施","radius":500,"name":"OSM 未命名設施"},"geometry":{"type":"Point","coordinates":[121.6428075,25.0714944]}},{"type":"Feature","properties":{"label":"高壓電塔","group":"重大環境設施","radius":500,"name":"OSM 未命名設施"},"geometry":{"type":"Point","coordinates":[121.6204305,25.0451054]}},{"type":"Feature","properties":{"label":"高壓電塔","group":"重大環境設施","radius":500,"name":"OSM 未命名設施"},"geometry":{"type":"Point","coordinates":[121.6215171,25.0459417]}},{"type":"Feature","properties":{"label":"高壓電塔","group":"重大環境設施","radius":500,"name":"OSM 未命名設施"},"geometry":{"type":"Point","coordinates":[121.5426457,25.0990558]}},{"type":"Feature","properties":{"label":"高壓電塔","group":"重大環境設施","radius":500,"name":"OSM 未命名設施"},"geometry":{"type":"Point","coordinates":[121.5448291,25.0995014]}},{"type":"Feature","properties":{"label":"高壓電塔","group":"重大環境設施","radius":500,"name":"OSM 未命名設施"},"geometry":{"type":"Point","coordinates":[121.4442887,25.1389584]}},{"type":"Feature","properties":{"label":"高壓電塔","group":"重大環境設施","radius":500,"name":"OSM 未命名設施"},"geometry":{"type":"Point","coordinates":[121.445893,25.143489]}},{"type":"Feature","properties":{"label":"高壓電塔","group":"重大環境設施","radius":500,"name":"OSM 未命名設施"},"geometry":{"type":"Point","coordinates":[121.4462499,25.1445191]}},{"type":"Feature","properties":{"label":"高壓電塔","group":"重大環境設施","radius":500,"name":"OSM 未命名設施"},"geometry":{"type":"Point","coordinates":[121.4573857,25.1554035]}},{"type":"Feature","properties":{"label":"高壓電塔","group":"重大環境設施","radius":500,"name":"OSM 未命名設施"},"geometry":{"type":"Point","coordinates":[121.4609023,25.158813]}},{"type":"Feature","properties":{"label":"高壓電塔","group":"重大環境設施","radius":500,"name":"OSM 未命名設施"},"geometry":{"type":"Point","coordinates":[121.4622435,25.1601226]}},{"type":"Feature","properties":{"label":"高壓電塔","group":"重大環境設施","radius":500,"name":"OSM 未命名設施"},"geometry":{"type":"Point","coordinates":[121.4638121,25.1606953]}},{"type":"Feature","properties":{"label":"高壓電塔","group":"重大環境設施","radius":500,"name":"OSM 未命名設施"},"geometry":{"type":"Point","coordinates":[121.4655804,25.1641504]}},{"type":"Feature","properties":{"label":"高壓電塔","group":"重大環境設施","radius":500,"name":"OSM 未命名設施"},"geometry":{"type":"Point","coordinates":[121.4634876,25.118961]}},{"type":"Feature","properties":{"label":"高壓電塔","group":"重大環境設施","radius":500,"name":"OSM 未命名設施"},"geometry":{"type":"Point","coordinates":[121.4462672,25.085591]}},{"type":"Feature","properties":{"label":"高壓電塔","group":"重大環境設施","radius":500,"name":"OSM 未命名設施"},"geometry":{"type":"Point","coordinates":[121.4919351,25.0912508]}},{"type":"Feature","properties":{"label":"高壓電塔","group":"重大環境設施","radius":500,"name":"OSM 未命名設施"},"geometry":{"type":"Point","coordinates":[121.5116179,25.0951551]}},{"type":"Feature","properties":{"label":"高壓電塔","group":"重大環境設施","radius":500,"name":"OSM 未命名設施"},"geometry":{"type":"Point","coordinates":[121.4595217,25.0802708]}},{"type":"Feature","properties":{"label":"高壓電塔","group":"重大環境設施","radius":500,"name":"OSM 未命名設施"},"geometry":{"type":"Point","coordinates":[121.5078926,25.0945912]}},{"type":"Feature","properties":{"label":"高壓電塔","group":"重大環境設施","radius":500,"name":"OSM 未命名設施"},"geometry":{"type":"Point","coordinates":[121.4723148,25.0774186]}},{"type":"Feature","properties":{"label":"高壓電塔","group":"重大環境設施","radius":500,"name":"OSM 未命名設施"},"geometry":{"type":"Point","coordinates":[121.4687418,25.0769053]}},{"type":"Feature","properties":{"label":"高壓電塔","group":"重大環境設施","radius":500,"name":"OSM 未命名設施"},"geometry":{"type":"Point","coordinates":[121.4768363,25.0781217]}},{"type":"Feature","properties":{"label":"高壓電塔","group":"重大環境設施","radius":500,"name":"OSM 未命名設施"},"geometry":{"type":"Point","coordinates":[121.4622951,25.0791952]}},{"type":"Feature","properties":{"label":"高壓電塔","group":"重大環境設施","radius":500,"name":"OSM 未命名設施"},"geometry":{"type":"Point","coordinates":[121.464512,25.0783323]}},{"type":"Feature","properties":{"label":"高壓電塔","group":"重大環境設施","radius":500,"name":"OSM 未命名設施"},"geometry":{"type":"Point","coordinates":[121.4762561,25.0779276]}},{"type":"Feature","properties":{"label":"高壓電塔","group":"重大環境設施","radius":500,"name":"OSM 未命名設施"},"geometry":{"type":"Point","coordinates":[121.439748,25.0880134]}},{"type":"Feature","properties":{"label":"高壓電塔","group":"重大環境設施","radius":500,"name":"OSM 未命名設施"},"geometry":{"type":"Point","coordinates":[121.473538,25.0765746]}},{"type":"Feature","properties":{"label":"高壓電塔","group":"重大環境設施","radius":500,"name":"OSM 未命名設施"},"geometry":{"type":"Point","coordinates":[121.4425629,25.0865632]}},{"type":"Feature","properties":{"label":"加油站","group":"重大環境設施","radius":500,"name":"全國加油站"},"geometry":{"type":"Point","coordinates":[121.5120883,25.0829023]}},{"type":"Feature","properties":{"label":"加油站","group":"重大環境設施","radius":500,"name":"台灣中油"},"geometry":{"type":"Point","coordinates":[121.5118107,25.0850974]}},{"type":"Feature","properties":{"label":"加油站","group":"重大環境設施","radius":500,"name":"台朔石油"},"geometry":{"type":"Point","coordinates":[121.4361112,25.0571955]}},{"type":"Feature","properties":{"label":"加油站","group":"重大環境設施","radius":500,"name":"台灣中油"},"geometry":{"type":"Point","coordinates":[121.4351832,25.0578224]}},{"type":"Feature","properties":{"label":"高壓電塔","group":"重大環境設施","radius":500,"name":"OSM 未命名設施"},"geometry":{"type":"Point","coordinates":[121.5126469,25.1446059]}},{"type":"Feature","properties":{"label":"高壓電塔","group":"重大環境設施","radius":500,"name":"OSM 未命名設施"},"geometry":{"type":"Point","coordinates":[121.5083489,25.1455541]}},{"type":"Feature","properties":{"label":"高壓電塔","group":"重大環境設施","radius":500,"name":"OSM 未命名設施"},"geometry":{"type":"Point","coordinates":[121.5036764,25.1459194]}},{"type":"Feature","properties":{"label":"高壓電塔","group":"重大環境設施","radius":500,"name":"OSM 未命名設施"},"geometry":{"type":"Point","coordinates":[121.5044244,25.146662]}},{"type":"Feature","properties":{"label":"高壓電塔","group":"重大環境設施","radius":500,"name":"OSM 未命名設施"},"geometry":{"type":"Point","coordinates":[121.5041129,25.093988]}},{"type":"Feature","properties":{"label":"高壓電塔","group":"重大環境設施","radius":500,"name":"OSM 未命名設施"},"geometry":{"type":"Point","coordinates":[121.5128175,25.0975449]}},{"type":"Feature","properties":{"label":"高壓電塔","group":"重大環境設施","radius":500,"name":"OSM 未命名設施"},"geometry":{"type":"Point","coordinates":[121.5218018,25.099064]}},{"type":"Feature","properties":{"label":"高壓電塔","group":"重大環境設施","radius":500,"name":"OSM 未命名設施"},"geometry":{"type":"Point","coordinates":[121.5397737,25.0995802]}},{"type":"Feature","properties":{"label":"高壓電塔","group":"重大環境設施","radius":500,"name":"OSM 未命名設施"},"geometry":{"type":"Point","coordinates":[121.5166407,25.0998037]}},{"type":"Feature","properties":{"label":"高壓電塔","group":"重大環境設施","radius":500,"name":"OSM 未命名設施"},"geometry":{"type":"Point","coordinates":[121.5239394,25.0998728]}},{"type":"Feature","properties":{"label":"高壓電塔","group":"重大環境設施","radius":500,"name":"OSM 未命名設施"},"geometry":{"type":"Point","coordinates":[121.5192913,25.0999585]}},{"type":"Feature","properties":{"label":"高壓電塔","group":"重大環境設施","radius":500,"name":"OSM 未命名設施"},"geometry":{"type":"Point","coordinates":[121.5354605,25.1005327]}},{"type":"Feature","properties":{"label":"高壓電塔","group":"重大環境設施","radius":500,"name":"OSM 未命名設施"},"geometry":{"type":"Point","coordinates":[121.5300627,25.1003118]}},{"type":"Feature","properties":{"label":"高壓電塔","group":"重大環境設施","radius":500,"name":"OSM 未命名設施"},"geometry":{"type":"Point","coordinates":[121.5271011,25.1007415]}},{"type":"Feature","properties":{"label":"高壓電塔","group":"重大環境設施","radius":500,"name":"OSM 未命名設施"},"geometry":{"type":"Point","coordinates":[121.5324473,25.1011685]}},{"type":"Feature","properties":{"label":"高壓電塔","group":"重大環境設施","radius":500,"name":"OSM 未命名設施"},"geometry":{"type":"Point","coordinates":[121.5394678,25.1143037]}},{"type":"Feature","properties":{"label":"高壓電塔","group":"重大環境設施","radius":500,"name":"OSM 未命名設施"},"geometry":{"type":"Point","coordinates":[121.5396237,25.1153275]}},{"type":"Feature","properties":{"label":"高壓電塔","group":"重大環境設施","radius":500,"name":"OSM 未命名設施"},"geometry":{"type":"Point","coordinates":[121.5397195,25.1174966]}},{"type":"Feature","properties":{"label":"高壓電塔","group":"重大環境設施","radius":500,"name":"OSM 未命名設施"},"geometry":{"type":"Point","coordinates":[121.6699845,25.0641268]}},{"type":"Feature","properties":{"label":"高壓電塔","group":"重大環境設施","radius":500,"name":"OSM 未命名設施"},"geometry":{"type":"Point","coordinates":[121.6322583,25.0669862]}},{"type":"Feature","properties":{"label":"高壓電塔","group":"重大環境設施","radius":500,"name":"OSM 未命名設施"},"geometry":{"type":"Point","coordinates":[121.6746622,25.0666519]}},{"type":"Feature","properties":{"label":"高壓電塔","group":"重大環境設施","radius":500,"name":"OSM 未命名設施"},"geometry":{"type":"Point","coordinates":[121.6755231,25.0670101]}},{"type":"Feature","properties":{"label":"高壓電塔","group":"重大環境設施","radius":500,"name":"OSM 未命名設施"},"geometry":{"type":"Point","coordinates":[121.6312504,25.0678259]}},{"type":"Feature","properties":{"label":"高壓電塔","group":"重大環境設施","radius":500,"name":"OSM 未命名設施"},"geometry":{"type":"Point","coordinates":[121.4979214,24.9864197]}},{"type":"Feature","properties":{"label":"殯儀／殯葬設施","group":"重大環境設施","radius":500,"name":"萬安生命"},"geometry":{"type":"Point","coordinates":[121.535308,25.0622277]}},{"type":"Feature","properties":{"label":"殯儀／殯葬設施","group":"重大環境設施","radius":500,"name":"金寶軒"},"geometry":{"type":"Point","coordinates":[121.535026,25.0622535]}},{"type":"Feature","properties":{"label":"殯儀／殯葬設施","group":"重大環境設施","radius":500,"name":"龍巖"},"geometry":{"type":"Point","coordinates":[121.5353981,25.0622277]}},{"type":"Feature","properties":{"label":"殯儀／殯葬設施","group":"重大環境設施","radius":500,"name":"寶剛生命規劃"},"geometry":{"type":"Point","coordinates":[121.5364339,25.0622063]}},{"type":"Feature","properties":{"label":"加油站","group":"重大環境設施","radius":500,"name":"台亞石油"},"geometry":{"type":"Point","coordinates":[121.4250639,24.9842528]}},{"type":"Feature","properties":{"label":"加油站","group":"重大環境設施","radius":500,"name":"德安加油站"},"geometry":{"type":"Point","coordinates":[121.5019852,24.9575087]}},{"type":"Feature","properties":{"label":"高壓電塔","group":"重大環境設施","radius":500,"name":"OSM 未命名設施"},"geometry":{"type":"Point","coordinates":[121.5018891,24.9872948]}},{"type":"Feature","properties":{"label":"高壓電塔","group":"重大環境設施","radius":500,"name":"OSM 未命名設施"},"geometry":{"type":"Point","coordinates":[121.5026983,24.9874584]}},{"type":"Feature","properties":{"label":"高壓電塔","group":"重大環境設施","radius":500,"name":"OSM 未命名設施"},"geometry":{"type":"Point","coordinates":[121.5067837,24.988365]}},{"type":"Feature","properties":{"label":"高壓電塔","group":"重大環境設施","radius":500,"name":"OSM 未命名設施"},"geometry":{"type":"Point","coordinates":[121.4788698,24.9902947]}},{"type":"Feature","properties":{"label":"高壓電塔","group":"重大環境設施","radius":500,"name":"OSM 未命名設施"},"geometry":{"type":"Point","coordinates":[121.4802229,24.9902976]}},{"type":"Feature","properties":{"label":"高壓電塔","group":"重大環境設施","radius":500,"name":"OSM 未命名設施"},"geometry":{"type":"Point","coordinates":[121.4822484,24.9916514]}},{"type":"Feature","properties":{"label":"高壓電塔","group":"重大環境設施","radius":500,"name":"OSM 未命名設施"},"geometry":{"type":"Point","coordinates":[121.4919401,24.9935735]}},{"type":"Feature","properties":{"label":"高壓電塔","group":"重大環境設施","radius":500,"name":"OSM 未命名設施"},"geometry":{"type":"Point","coordinates":[121.493068,24.9941942]}},{"type":"Feature","properties":{"label":"高壓電塔","group":"重大環境設施","radius":500,"name":"OSM 未命名設施"},"geometry":{"type":"Point","coordinates":[121.4470832,25.0187369]}},{"type":"Feature","properties":{"label":"高壓電塔","group":"重大環境設施","radius":500,"name":"OSM 未命名設施"},"geometry":{"type":"Point","coordinates":[121.3908126,25.0884761]}},{"type":"Feature","properties":{"label":"高壓電塔","group":"重大環境設施","radius":500,"name":"OSM 未命名設施"},"geometry":{"type":"Point","coordinates":[121.3931474,25.0885854]}},{"type":"Feature","properties":{"label":"加油站","group":"重大環境設施","radius":500,"name":"OSM 未命名設施"},"geometry":{"type":"Point","coordinates":[121.5847566,25.056956]}},{"type":"Feature","properties":{"label":"加油站","group":"重大環境設施","radius":500,"name":"全國加油站"},"geometry":{"type":"Point","coordinates":[121.4525965,25.0480032]}},{"type":"Feature","properties":{"label":"加油站","group":"重大環境設施","radius":500,"name":"中油加油站"},"geometry":{"type":"Point","coordinates":[121.5310002,24.9611158]}},{"type":"Feature","properties":{"label":"加油站","group":"重大環境設施","radius":500,"name":"FORMOSA加油站"},"geometry":{"type":"Point","coordinates":[121.5313061,24.9607898]}},{"type":"Feature","properties":{"label":"加油站","group":"重大環境設施","radius":500,"name":"中油加油站"},"geometry":{"type":"Point","coordinates":[121.5119045,24.9923596]}},{"type":"Feature","properties":{"label":"加油站","group":"重大環境設施","radius":500,"name":"台灣中油 車容坊文化二路站"},"geometry":{"type":"Point","coordinates":[121.3723466,25.0750422]}},{"type":"Feature","properties":{"label":"高壓電塔","group":"重大環境設施","radius":500,"name":"OSM 未命名設施"},"geometry":{"type":"Point","coordinates":[121.6187839,25.0458171]}},{"type":"Feature","properties":{"label":"高壓電塔","group":"重大環境設施","radius":500,"name":"OSM 未命名設施"},"geometry":{"type":"Point","coordinates":[121.5319349,24.9969008]}},{"type":"Feature","properties":{"label":"高壓電塔","group":"重大環境設施","radius":500,"name":"OSM 未命名設施"},"geometry":{"type":"Point","coordinates":[121.4481799,24.9569157]}},{"type":"Feature","properties":{"label":"高壓電塔","group":"重大環境設施","radius":500,"name":"OSM 未命名設施"},"geometry":{"type":"Point","coordinates":[121.4203135,24.9517236]}},{"type":"Feature","properties":{"label":"高壓電塔","group":"重大環境設施","radius":500,"name":"OSM 未命名設施"},"geometry":{"type":"Point","coordinates":[121.4429069,24.9550237]}},{"type":"Feature","properties":{"label":"高壓電塔","group":"重大環境設施","radius":500,"name":"OSM 未命名設施"},"geometry":{"type":"Point","coordinates":[121.6367617,25.075577]}},{"type":"Feature","properties":{"label":"高壓電塔","group":"重大環境設施","radius":500,"name":"OSM 未命名設施"},"geometry":{"type":"Point","coordinates":[121.6310393,25.0724862]}},{"type":"Feature","properties":{"label":"高壓電塔","group":"重大環境設施","radius":500,"name":"OSM 未命名設施"},"geometry":{"type":"Point","coordinates":[121.6291793,25.0694873]}},{"type":"Feature","properties":{"label":"高壓電塔","group":"重大環境設施","radius":500,"name":"OSM 未命名設施"},"geometry":{"type":"Point","coordinates":[121.4499836,25.0235158]}},{"type":"Feature","properties":{"label":"加油站","group":"重大環境設施","radius":500,"name":"中油加盟淳寶加油站"},"geometry":{"type":"Point","coordinates":[121.6706939,25.0661918]}},{"type":"Feature","properties":{"label":"加油站","group":"重大環境設施","radius":500,"name":"台灣中油"},"geometry":{"type":"Point","coordinates":[121.4569616,25.1643444]}},{"type":"Feature","properties":{"label":"加油站","group":"重大環境設施","radius":500,"name":"全國"},"geometry":{"type":"Point","coordinates":[121.5900975,25.0531358]}},{"type":"Feature","properties":{"label":"加油站","group":"重大環境設施","radius":500,"name":"台灣中油"},"geometry":{"type":"Point","coordinates":[121.5058438,24.9995698]}},{"type":"Feature","properties":{"label":"加油站","group":"重大環境設施","radius":500,"name":"台灣中油"},"geometry":{"type":"Point","coordinates":[121.4385049,24.9681039]}},{"type":"Feature","properties":{"label":"殯儀／殯葬設施","group":"重大環境設施","radius":500,"name":"存德壽木葬儀公司"},"geometry":{"type":"Point","coordinates":[121.4192099,24.9828844]}},{"type":"Feature","properties":{"label":"加油站","group":"重大環境設施","radius":500,"name":"CPC"},"geometry":{"type":"Point","coordinates":[121.5071093,25.0316165]}},{"type":"Feature","properties":{"label":"加油站","group":"重大環境設施","radius":500,"name":"全國加油站"},"geometry":{"type":"Point","coordinates":[121.5702657,25.0538551]}},{"type":"Feature","properties":{"label":"加油站","group":"重大環境設施","radius":500,"name":"OSM 未命名設施"},"geometry":{"type":"Point","coordinates":[121.4921576,25.0327485]}},{"type":"Feature","properties":{"label":"加油站","group":"重大環境設施","radius":500,"name":"OSM 未命名設施"},"geometry":{"type":"Point","coordinates":[121.4919979,25.0329034]}},{"type":"Feature","properties":{"label":"加油站","group":"重大環境設施","radius":500,"name":"連城路加氣站"},"geometry":{"type":"Point","coordinates":[121.4958598,24.9993979]}},{"type":"Feature","properties":{"label":"加油站","group":"重大環境設施","radius":500,"name":"台灣中油"},"geometry":{"type":"Point","coordinates":[121.4013634,24.9347557]}},{"type":"Feature","properties":{"label":"殯儀／殯葬設施","group":"重大環境設施","radius":500,"name":"以諾安息禮儀社"},"geometry":{"type":"Point","coordinates":[121.5052647,24.9973667]}},{"type":"Feature","properties":{"label":"加油站","group":"重大環境設施","radius":500,"name":"OSM 未命名設施"},"geometry":{"type":"Point","coordinates":[121.4579326,25.1646297]}},{"type":"Feature","properties":{"label":"加油站","group":"重大環境設施","radius":500,"name":"中油蘆洲中山二路站"},"geometry":{"type":"Point","coordinates":[121.4688572,25.0771375]}},{"type":"Feature","properties":{"label":"加油站","group":"重大環境設施","radius":500,"name":"台灣中油"},"geometry":{"type":"Point","coordinates":[121.4742236,25.0715269]}},{"type":"Feature","properties":{"label":"加油站","group":"重大環境設施","radius":500,"name":"車容坊三重站"},"geometry":{"type":"Point","coordinates":[121.4754545,25.07075]}},{"type":"Feature","properties":{"label":"加油站","group":"重大環境設施","radius":500,"name":"山隆加油站"},"geometry":{"type":"Point","coordinates":[121.4358275,25.0703799]}},{"type":"Feature","properties":{"label":"加油站","group":"重大環境設施","radius":500,"name":"台亞加油站"},"geometry":{"type":"Point","coordinates":[121.3774019,25.0837692]}},{"type":"Feature","properties":{"label":"加油站","group":"重大環境設施","radius":500,"name":"台灣中油"},"geometry":{"type":"Point","coordinates":[121.3969971,25.0778739]}},{"type":"Feature","properties":{"label":"加油站","group":"重大環境設施","radius":500,"name":"台灣中油"},"geometry":{"type":"Point","coordinates":[121.3954542,25.0781749]}},{"type":"Feature","properties":{"label":"高壓電塔","group":"重大環境設施","radius":500,"name":"OSM 未命名設施"},"geometry":{"type":"Point","coordinates":[121.4662172,25.077662]}},{"type":"Feature","properties":{"label":"殯儀／殯葬設施","group":"重大環境設施","radius":500,"name":"登出禮儀會館"},"geometry":{"type":"Point","coordinates":[121.5363737,25.0121343]}},{"type":"Feature","properties":{"label":"加油站","group":"重大環境設施","radius":500,"name":"台灣中油"},"geometry":{"type":"Point","coordinates":[121.5490442,24.9774518]}},{"type":"Feature","properties":{"label":"高壓電塔","group":"重大環境設施","radius":500,"name":"OSM 未命名設施"},"geometry":{"type":"Point","coordinates":[121.5798601,24.9778504]}},{"type":"Feature","properties":{"label":"高壓電塔","group":"重大環境設施","radius":500,"name":"OSM 未命名設施"},"geometry":{"type":"Point","coordinates":[121.5815202,24.9796433]}},{"type":"Feature","properties":{"label":"污水處理設施","group":"重大環境設施","radius":1000,"name":"古亭截流站"},"geometry":{"type":"Point","coordinates":[121.5230591,25.0199864]}},{"type":"Feature","properties":{"label":"加油站","group":"重大環境設施","radius":500,"name":"OSM 未命名設施"},"geometry":{"type":"Point","coordinates":[121.589487,25.0594982]}},{"type":"Feature","properties":{"label":"殯儀／殯葬設施","group":"重大環境設施","radius":500,"name":"世新禮儀花店"},"geometry":{"type":"Point","coordinates":[121.5426674,24.9950746]}},{"type":"Feature","properties":{"label":"加油站","group":"重大環境設施","radius":500,"name":"台灣中油"},"geometry":{"type":"Point","coordinates":[121.6549549,25.0690267]}},{"type":"Feature","properties":{"label":"加油站","group":"重大環境設施","radius":500,"name":"山隆加油站"},"geometry":{"type":"Point","coordinates":[121.3836578,25.0906797]}},{"type":"Feature","properties":{"label":"加油站","group":"重大環境設施","radius":500,"name":"OSM 未命名設施"},"geometry":{"type":"Point","coordinates":[121.4479985,25.1416956]}},{"type":"Feature","properties":{"label":"加油站","group":"重大環境設施","radius":500,"name":"台灣中油"},"geometry":{"type":"Point","coordinates":[121.4878638,25.0044951]}},{"type":"Feature","properties":{"label":"加油站","group":"重大環境設施","radius":500,"name":"全國加油站"},"geometry":{"type":"Point","coordinates":[121.4385915,25.0640111]}},{"type":"Feature","properties":{"label":"加油站","group":"重大環境設施","radius":500,"name":"台灣中油"},"geometry":{"type":"Point","coordinates":[121.4370999,25.0634548]}},{"type":"Feature","properties":{"label":"加油站","group":"重大環境設施","radius":500,"name":"台灣中油"},"geometry":{"type":"Point","coordinates":[121.4407654,24.9740028]}},{"type":"Feature","properties":{"label":"加油站","group":"重大環境設施","radius":500,"name":"台塑石油"},"geometry":{"type":"Point","coordinates":[121.3714959,24.9247347]}},{"type":"Feature","properties":{"label":"加油站","group":"重大環境設施","radius":500,"name":"台亞石油(化成路站)"},"geometry":{"type":"Point","coordinates":[121.4649432,25.0609329]}},{"type":"Feature","properties":{"label":"加油站","group":"重大環境設施","radius":500,"name":"台亞石油(浮洲橋站)"},"geometry":{"type":"Point","coordinates":[121.4320868,24.9942157]}},{"type":"Feature","properties":{"label":"加油站","group":"重大環境設施","radius":500,"name":"台灣中油"},"geometry":{"type":"Point","coordinates":[121.4895127,25.0587793]}},{"type":"Feature","properties":{"label":"加油站","group":"重大環境設施","radius":500,"name":"台灣中油"},"geometry":{"type":"Point","coordinates":[121.4228101,24.9618594]}},{"type":"Feature","properties":{"label":"高壓電塔","group":"重大環境設施","radius":500,"name":"OSM 未命名設施"},"geometry":{"type":"Point","coordinates":[121.5204787,25.1231445]}},{"type":"Feature","properties":{"label":"高壓電塔","group":"重大環境設施","radius":500,"name":"OSM 未命名設施"},"geometry":{"type":"Point","coordinates":[121.517937,25.1238557]}},{"type":"Feature","properties":{"label":"高壓電塔","group":"重大環境設施","radius":500,"name":"OSM 未命名設施"},"geometry":{"type":"Point","coordinates":[121.5186376,25.1236261]}},{"type":"Feature","properties":{"label":"高壓電塔","group":"重大環境設施","radius":500,"name":"OSM 未命名設施"},"geometry":{"type":"Point","coordinates":[121.4255836,25.028954]}},{"type":"Feature","properties":{"label":"殯儀／殯葬設施","group":"重大環境設施","radius":500,"name":"金寶山"},"geometry":{"type":"Point","coordinates":[121.5339403,25.0669619]}},{"type":"Feature","properties":{"label":"加油站","group":"重大環境設施","radius":500,"name":"台亞石油中和穚和路站"},"geometry":{"type":"Point","coordinates":[121.4894057,25.0053832]}},{"type":"Feature","properties":{"label":"加油站","group":"重大環境設施","radius":500,"name":"北基加油站"},"geometry":{"type":"Point","coordinates":[121.4767429,25.0055341]}},{"type":"Feature","properties":{"label":"廢棄物／轉運設施","group":"重大環境設施","radius":1000,"name":"士林清潔隊後港分隊"},"geometry":{"type":"Point","coordinates":[121.5180755,25.0871918]}},{"type":"Feature","properties":{"label":"高壓電塔","group":"重大環境設施","radius":500,"name":"OSM 未命名設施"},"geometry":{"type":"Point","coordinates":[121.5203465,25.1235277]}},{"type":"Feature","properties":{"label":"高壓電塔","group":"重大環境設施","radius":500,"name":"OSM 未命名設施"},"geometry":{"type":"Point","coordinates":[121.5173566,25.1234741]}},{"type":"Feature","properties":{"label":"高壓電塔","group":"重大環境設施","radius":500,"name":"OSM 未命名設施"},"geometry":{"type":"Point","coordinates":[121.5192451,25.1234071]}},{"type":"Feature","properties":{"label":"高壓電塔","group":"重大環境設施","radius":500,"name":"OSM 未命名設施"},"geometry":{"type":"Point","coordinates":[121.5199359,25.1231584]}},{"type":"Feature","properties":{"label":"高壓電塔","group":"重大環境設施","radius":500,"name":"OSM 未命名設施"},"geometry":{"type":"Point","coordinates":[121.5204838,25.1235331]}},{"type":"Feature","properties":{"label":"高壓電塔","group":"重大環境設施","radius":500,"name":"OSM 未命名設施"},"geometry":{"type":"Point","coordinates":[121.5202947,25.1237073]}},{"type":"Feature","properties":{"label":"高壓電塔","group":"重大環境設施","radius":500,"name":"OSM 未命名設施"},"geometry":{"type":"Point","coordinates":[121.5713854,25.0881789]}},{"type":"Feature","properties":{"label":"高壓電塔","group":"重大環境設施","radius":500,"name":"OSM 未命名設施"},"geometry":{"type":"Point","coordinates":[121.5313382,25.0111867]}},{"type":"Feature","properties":{"label":"高壓電塔","group":"重大環境設施","radius":500,"name":"OSM 未命名設施"},"geometry":{"type":"Point","coordinates":[121.477843,24.9908277]}},{"type":"Feature","properties":{"label":"高壓電塔","group":"重大環境設施","radius":500,"name":"OSM 未命名設施"},"geometry":{"type":"Point","coordinates":[121.4792491,24.9909943]}},{"type":"Feature","properties":{"label":"高壓電塔","group":"重大環境設施","radius":500,"name":"OSM 未命名設施"},"geometry":{"type":"Point","coordinates":[121.5018325,24.987576]}},{"type":"Feature","properties":{"label":"高壓電塔","group":"重大環境設施","radius":500,"name":"OSM 未命名設施"},"geometry":{"type":"Point","coordinates":[121.4974614,24.9863209]}},{"type":"Feature","properties":{"label":"高壓電塔","group":"重大環境設施","radius":500,"name":"OSM 未命名設施"},"geometry":{"type":"Point","coordinates":[121.4969121,24.9838358]}},{"type":"Feature","properties":{"label":"高壓電塔","group":"重大環境設施","radius":500,"name":"OSM 未命名設施"},"geometry":{"type":"Point","coordinates":[121.5149336,24.9856989]}},{"type":"Feature","properties":{"label":"高壓電塔","group":"重大環境設施","radius":500,"name":"OSM 未命名設施"},"geometry":{"type":"Point","coordinates":[121.5136756,24.9812108]}},{"type":"Feature","properties":{"label":"高壓電塔","group":"重大環境設施","radius":500,"name":"OSM 未命名設施"},"geometry":{"type":"Point","coordinates":[121.4935893,24.9542091]}},{"type":"Feature","properties":{"label":"高壓電塔","group":"重大環境設施","radius":500,"name":"OSM 未命名設施"},"geometry":{"type":"Point","coordinates":[121.4967454,24.9531008]}},{"type":"Feature","properties":{"label":"高壓電塔","group":"重大環境設施","radius":500,"name":"OSM 未命名設施"},"geometry":{"type":"Point","coordinates":[121.5309339,25.0019025]}},{"type":"Feature","properties":{"label":"高壓電塔","group":"重大環境設施","radius":500,"name":"OSM 未命名設施"},"geometry":{"type":"Point","coordinates":[121.5314578,24.9993103]}},{"type":"Feature","properties":{"label":"高壓電塔","group":"重大環境設施","radius":500,"name":"OSM 未命名設施"},"geometry":{"type":"Point","coordinates":[121.5423995,25.0024956]}},{"type":"Feature","properties":{"label":"高壓電塔","group":"重大環境設施","radius":500,"name":"OSM 未命名設施"},"geometry":{"type":"Point","coordinates":[121.5423361,25.0033777]}},{"type":"Feature","properties":{"label":"高壓電塔","group":"重大環境設施","radius":500,"name":"OSM 未命名設施"},"geometry":{"type":"Point","coordinates":[121.5447683,25.0052933]}},{"type":"Feature","properties":{"label":"高壓電塔","group":"重大環境設施","radius":500,"name":"OSM 未命名設施"},"geometry":{"type":"Point","coordinates":[121.5437734,25.0042399]}},{"type":"Feature","properties":{"label":"高壓電塔","group":"重大環境設施","radius":500,"name":"OSM 未命名設施"},"geometry":{"type":"Point","coordinates":[121.5421733,25.0028939]}},{"type":"Feature","properties":{"label":"高壓電塔","group":"重大環境設施","radius":500,"name":"OSM 未命名設施"},"geometry":{"type":"Point","coordinates":[121.5458666,25.0064753]}},{"type":"Feature","properties":{"label":"高壓電塔","group":"重大環境設施","radius":500,"name":"OSM 未命名設施"},"geometry":{"type":"Point","coordinates":[121.54652,25.0071856]}},{"type":"Feature","properties":{"label":"高壓電塔","group":"重大環境設施","radius":500,"name":"OSM 未命名設施"},"geometry":{"type":"Point","coordinates":[121.5485996,25.009417]}},{"type":"Feature","properties":{"label":"高壓電塔","group":"重大環境設施","radius":500,"name":"OSM 未命名設施"},"geometry":{"type":"Point","coordinates":[121.5424312,25.0028437]}},{"type":"Feature","properties":{"label":"高壓電塔","group":"重大環境設施","radius":500,"name":"OSM 未命名設施"},"geometry":{"type":"Point","coordinates":[121.5422716,25.0032335]}},{"type":"Feature","properties":{"label":"高壓電塔","group":"重大環境設施","radius":500,"name":"OSM 未命名設施"},"geometry":{"type":"Point","coordinates":[121.5628374,24.9933145]}},{"type":"Feature","properties":{"label":"高壓電塔","group":"重大環境設施","radius":500,"name":"OSM 未命名設施"},"geometry":{"type":"Point","coordinates":[121.5663799,24.9945611]}},{"type":"Feature","properties":{"label":"高壓電塔","group":"重大環境設施","radius":500,"name":"OSM 未命名設施"},"geometry":{"type":"Point","coordinates":[121.5678573,24.9950812]}},{"type":"Feature","properties":{"label":"高壓電塔","group":"重大環境設施","radius":500,"name":"OSM 未命名設施"},"geometry":{"type":"Point","coordinates":[121.5700455,24.9968167]}},{"type":"Feature","properties":{"label":"高壓電塔","group":"重大環境設施","radius":500,"name":"OSM 未命名設施"},"geometry":{"type":"Point","coordinates":[121.5615643,24.9898463]}},{"type":"Feature","properties":{"label":"高壓電塔","group":"重大環境設施","radius":500,"name":"OSM 未命名設施"},"geometry":{"type":"Point","coordinates":[121.5610011,24.9894216]}},{"type":"Feature","properties":{"label":"高壓電塔","group":"重大環境設施","radius":500,"name":"OSM 未命名設施"},"geometry":{"type":"Point","coordinates":[121.5608015,24.9896511]}},{"type":"Feature","properties":{"label":"高壓電塔","group":"重大環境設施","radius":500,"name":"OSM 未命名設施"},"geometry":{"type":"Point","coordinates":[121.6182363,25.0381708]}},{"type":"Feature","properties":{"label":"高壓電塔","group":"重大環境設施","radius":500,"name":"OSM 未命名設施"},"geometry":{"type":"Point","coordinates":[121.6198795,25.0391783]}},{"type":"Feature","properties":{"label":"高壓電塔","group":"重大環境設施","radius":500,"name":"OSM 未命名設施"},"geometry":{"type":"Point","coordinates":[121.6242106,25.0429357]}},{"type":"Feature","properties":{"label":"高壓電塔","group":"重大環境設施","radius":500,"name":"OSM 未命名設施"},"geometry":{"type":"Point","coordinates":[121.6254097,25.0429669]}},{"type":"Feature","properties":{"label":"高壓電塔","group":"重大環境設施","radius":500,"name":"OSM 未命名設施"},"geometry":{"type":"Point","coordinates":[121.6196123,25.0452088]}},{"type":"Feature","properties":{"label":"高壓電塔","group":"重大環境設施","radius":500,"name":"OSM 未命名設施"},"geometry":{"type":"Point","coordinates":[121.617208,25.0471215]}},{"type":"Feature","properties":{"label":"高壓電塔","group":"重大環境設施","radius":500,"name":"OSM 未命名設施"},"geometry":{"type":"Point","coordinates":[121.6177378,25.0466659]}},{"type":"Feature","properties":{"label":"高壓電塔","group":"重大環境設施","radius":500,"name":"OSM 未命名設施"},"geometry":{"type":"Point","coordinates":[121.6159826,25.0480066]}},{"type":"Feature","properties":{"label":"高壓電塔","group":"重大環境設施","radius":500,"name":"OSM 未命名設施"},"geometry":{"type":"Point","coordinates":[121.6142588,25.0487054]}},{"type":"Feature","properties":{"label":"高壓電塔","group":"重大環境設施","radius":500,"name":"OSM 未命名設施"},"geometry":{"type":"Point","coordinates":[121.6126561,25.0494065]}},{"type":"Feature","properties":{"label":"高壓電塔","group":"重大環境設施","radius":500,"name":"OSM 未命名設施"},"geometry":{"type":"Point","coordinates":[121.6112311,25.0504309]}},{"type":"Feature","properties":{"label":"高壓電塔","group":"重大環境設施","radius":500,"name":"OSM 未命名設施"},"geometry":{"type":"Point","coordinates":[121.6129272,25.0499272]}},{"type":"Feature","properties":{"label":"高壓電塔","group":"重大環境設施","radius":500,"name":"OSM 未命名設施"},"geometry":{"type":"Point","coordinates":[121.610745,25.0506647]}},{"type":"Feature","properties":{"label":"高壓電塔","group":"重大環境設施","radius":500,"name":"OSM 未命名設施"},"geometry":{"type":"Point","coordinates":[121.6110129,25.0521413]}},{"type":"Feature","properties":{"label":"高壓電塔","group":"重大環境設施","radius":500,"name":"OSM 未命名設施"},"geometry":{"type":"Point","coordinates":[121.6097971,25.050065]}},{"type":"Feature","properties":{"label":"高壓電塔","group":"重大環境設施","radius":500,"name":"OSM 未命名設施"},"geometry":{"type":"Point","coordinates":[121.6076457,25.0499117]}},{"type":"Feature","properties":{"label":"高壓電塔","group":"重大環境設施","radius":500,"name":"OSM 未命名設施"},"geometry":{"type":"Point","coordinates":[121.6058023,25.0502199]}},{"type":"Feature","properties":{"label":"高壓電塔","group":"重大環境設施","radius":500,"name":"OSM 未命名設施"},"geometry":{"type":"Point","coordinates":[121.6305909,25.0717178]}},{"type":"Feature","properties":{"label":"高壓電塔","group":"重大環境設施","radius":500,"name":"OSM 未命名設施"},"geometry":{"type":"Point","coordinates":[121.5801628,24.9862014]}},{"type":"Feature","properties":{"label":"高壓電塔","group":"重大環境設施","radius":500,"name":"OSM 未命名設施"},"geometry":{"type":"Point","coordinates":[121.5813202,24.979831]}},{"type":"Feature","properties":{"label":"高壓電塔","group":"重大環境設施","radius":500,"name":"OSM 未命名設施"},"geometry":{"type":"Point","coordinates":[121.5719478,25.0915097]}},{"type":"Feature","properties":{"label":"高壓電塔","group":"重大環境設施","radius":500,"name":"OSM 未命名設施"},"geometry":{"type":"Point","coordinates":[121.5741855,25.091983]}},{"type":"Feature","properties":{"label":"高壓電塔","group":"重大環境設施","radius":500,"name":"OSM 未命名設施"},"geometry":{"type":"Point","coordinates":[121.5185303,25.0990419]}},{"type":"Feature","properties":{"label":"高壓電塔","group":"重大環境設施","radius":500,"name":"OSM 未命名設施"},"geometry":{"type":"Point","coordinates":[121.5195187,25.0989206]}},{"type":"Feature","properties":{"label":"高壓電塔","group":"重大環境設施","radius":500,"name":"OSM 未命名設施"},"geometry":{"type":"Point","coordinates":[121.5205055,25.0984172]}},{"type":"Feature","properties":{"label":"高壓電塔","group":"重大環境設施","radius":500,"name":"OSM 未命名設施"},"geometry":{"type":"Point","coordinates":[121.5213419,25.098151]}},{"type":"Feature","properties":{"label":"高壓電塔","group":"重大環境設施","radius":500,"name":"OSM 未命名設施"},"geometry":{"type":"Point","coordinates":[121.522234,25.0981448]}},{"type":"Feature","properties":{"label":"高壓電塔","group":"重大環境設施","radius":500,"name":"OSM 未命名設施"},"geometry":{"type":"Point","coordinates":[121.5231194,25.0983575]}},{"type":"Feature","properties":{"label":"高壓電塔","group":"重大環境設施","radius":500,"name":"OSM 未命名設施"},"geometry":{"type":"Point","coordinates":[121.5242354,25.0988873]}},{"type":"Feature","properties":{"label":"高壓電塔","group":"重大環境設施","radius":500,"name":"OSM 未命名設施"},"geometry":{"type":"Point","coordinates":[121.5250775,25.0994799]}},{"type":"Feature","properties":{"label":"高壓電塔","group":"重大環境設施","radius":500,"name":"OSM 未命名設施"},"geometry":{"type":"Point","coordinates":[121.526113,25.0996619]}},{"type":"Feature","properties":{"label":"高壓電塔","group":"重大環境設施","radius":500,"name":"OSM 未命名設施"},"geometry":{"type":"Point","coordinates":[121.5271882,25.0997785]}},{"type":"Feature","properties":{"label":"高壓電塔","group":"重大環境設施","radius":500,"name":"OSM 未命名設施"},"geometry":{"type":"Point","coordinates":[121.5279203,25.0998558]}},{"type":"Feature","properties":{"label":"高壓電塔","group":"重大環境設施","radius":500,"name":"OSM 未命名設施"},"geometry":{"type":"Point","coordinates":[121.5288896,25.0997349]}},{"type":"Feature","properties":{"label":"高壓電塔","group":"重大環境設施","radius":500,"name":"OSM 未命名設施"},"geometry":{"type":"Point","coordinates":[121.3882144,25.0883495]}},{"type":"Feature","properties":{"label":"高壓電塔","group":"重大環境設施","radius":500,"name":"OSM 未命名設施"},"geometry":{"type":"Point","coordinates":[121.3868062,25.088147]}},{"type":"Feature","properties":{"label":"高壓電塔","group":"重大環境設施","radius":500,"name":"OSM 未命名設施"},"geometry":{"type":"Point","coordinates":[121.5124887,25.0991487]}},{"type":"Feature","properties":{"label":"高壓電塔","group":"重大環境設施","radius":500,"name":"OSM 未命名設施"},"geometry":{"type":"Point","coordinates":[121.5094257,25.1014439]}},{"type":"Feature","properties":{"label":"高壓電塔","group":"重大環境設施","radius":500,"name":"OSM 未命名設施"},"geometry":{"type":"Point","coordinates":[121.5076883,25.1013825]}},{"type":"Feature","properties":{"label":"高壓電塔","group":"重大環境設施","radius":500,"name":"OSM 未命名設施"},"geometry":{"type":"Point","coordinates":[121.5037102,25.1026578]}},{"type":"Feature","properties":{"label":"高壓電塔","group":"重大環境設施","radius":500,"name":"OSM 未命名設施"},"geometry":{"type":"Point","coordinates":[121.5006885,25.1036698]}},{"type":"Feature","properties":{"label":"高壓電塔","group":"重大環境設施","radius":500,"name":"OSM 未命名設施"},"geometry":{"type":"Point","coordinates":[121.4985181,25.1034861]}},{"type":"Feature","properties":{"label":"高壓電塔","group":"重大環境設施","radius":500,"name":"OSM 未命名設施"},"geometry":{"type":"Point","coordinates":[121.4457271,24.9596309]}},{"type":"Feature","properties":{"label":"高壓電塔","group":"重大環境設施","radius":500,"name":"OSM 未命名設施"},"geometry":{"type":"Point","coordinates":[121.442675,24.9589571]}},{"type":"Feature","properties":{"label":"高壓電塔","group":"重大環境設施","radius":500,"name":"OSM 未命名設施"},"geometry":{"type":"Point","coordinates":[121.4933779,24.9542709]}},{"type":"Feature","properties":{"label":"高壓電塔","group":"重大環境設施","radius":500,"name":"OSM 未命名設施"},"geometry":{"type":"Point","coordinates":[121.4970516,24.9586066]}},{"type":"Feature","properties":{"label":"高壓電塔","group":"重大環境設施","radius":500,"name":"OSM 未命名設施"},"geometry":{"type":"Point","coordinates":[121.4904333,24.9934483]}},{"type":"Feature","properties":{"label":"高壓電塔","group":"重大環境設施","radius":500,"name":"OSM 未命名設施"},"geometry":{"type":"Point","coordinates":[121.4884413,24.992095]}},{"type":"Feature","properties":{"label":"高壓電塔","group":"重大環境設施","radius":500,"name":"OSM 未命名設施"},"geometry":{"type":"Point","coordinates":[121.4882796,24.992758]}},{"type":"Feature","properties":{"label":"高壓電塔","group":"重大環境設施","radius":500,"name":"OSM 未命名設施"},"geometry":{"type":"Point","coordinates":[121.497151,24.9892138]}},{"type":"Feature","properties":{"label":"高壓電塔","group":"重大環境設施","radius":500,"name":"OSM 未命名設施"},"geometry":{"type":"Point","coordinates":[121.5074676,24.9882816]}},{"type":"Feature","properties":{"label":"高壓電塔","group":"重大環境設施","radius":500,"name":"OSM 未命名設施"},"geometry":{"type":"Point","coordinates":[121.497268,24.988331]}},{"type":"Feature","properties":{"label":"高壓電塔","group":"重大環境設施","radius":500,"name":"OSM 未命名設施"},"geometry":{"type":"Point","coordinates":[121.4974351,24.9872692]}},{"type":"Feature","properties":{"label":"高壓電塔","group":"重大環境設施","radius":500,"name":"OSM 未命名設施"},"geometry":{"type":"Point","coordinates":[121.5030578,24.987544]}},{"type":"Feature","properties":{"label":"高壓電塔","group":"重大環境設施","radius":500,"name":"OSM 未命名設施"},"geometry":{"type":"Point","coordinates":[121.4328081,24.958982]}},{"type":"Feature","properties":{"label":"高壓電塔","group":"重大環境設施","radius":500,"name":"OSM 未命名設施"},"geometry":{"type":"Point","coordinates":[121.4290541,24.9593295]}},{"type":"Feature","properties":{"label":"高壓電塔","group":"重大環境設施","radius":500,"name":"OSM 未命名設施"},"geometry":{"type":"Point","coordinates":[121.4647777,25.1219761]}},{"type":"Feature","properties":{"label":"高壓電塔","group":"重大環境設施","radius":500,"name":"OSM 未命名設施"},"geometry":{"type":"Point","coordinates":[121.4649891,25.1254042]}},{"type":"Feature","properties":{"label":"高壓電塔","group":"重大環境設施","radius":500,"name":"OSM 未命名設施"},"geometry":{"type":"Point","coordinates":[121.4462971,25.1917721]}},{"type":"Feature","properties":{"label":"高壓電塔","group":"重大環境設施","radius":500,"name":"OSM 未命名設施"},"geometry":{"type":"Point","coordinates":[121.4465739,25.1925441]}},{"type":"Feature","properties":{"label":"高壓電塔","group":"重大環境設施","radius":500,"name":"OSM 未命名設施"},"geometry":{"type":"Point","coordinates":[121.4463642,25.1932293]}},{"type":"Feature","properties":{"label":"高壓電塔","group":"重大環境設施","radius":500,"name":"OSM 未命名設施"},"geometry":{"type":"Point","coordinates":[121.4473318,25.1934862]}},{"type":"Feature","properties":{"label":"高壓電塔","group":"重大環境設施","radius":500,"name":"OSM 未命名設施"},"geometry":{"type":"Point","coordinates":[121.4479051,25.1939225]}},{"type":"Feature","properties":{"label":"高壓電塔","group":"重大環境設施","radius":500,"name":"OSM 未命名設施"},"geometry":{"type":"Point","coordinates":[121.4878733,25.1546318]}},{"type":"Feature","properties":{"label":"高壓電塔","group":"重大環境設施","radius":500,"name":"OSM 未命名設施"},"geometry":{"type":"Point","coordinates":[121.4883943,25.1541088]}},{"type":"Feature","properties":{"label":"高壓電塔","group":"重大環境設施","radius":500,"name":"OSM 未命名設施"},"geometry":{"type":"Point","coordinates":[121.4902776,25.1515095]}},{"type":"Feature","properties":{"label":"高壓電塔","group":"重大環境設施","radius":500,"name":"OSM 未命名設施"},"geometry":{"type":"Point","coordinates":[121.4865019,25.1561678]}},{"type":"Feature","properties":{"label":"高壓電塔","group":"重大環境設施","radius":500,"name":"OSM 未命名設施"},"geometry":{"type":"Point","coordinates":[121.4859712,25.1566391]}},{"type":"Feature","properties":{"label":"高壓電塔","group":"重大環境設施","radius":500,"name":"OSM 未命名設施"},"geometry":{"type":"Point","coordinates":[121.4846475,25.1585672]}},{"type":"Feature","properties":{"label":"高壓電塔","group":"重大環境設施","radius":500,"name":"OSM 未命名設施"},"geometry":{"type":"Point","coordinates":[121.4850973,25.1575094]}},{"type":"Feature","properties":{"label":"高壓電塔","group":"重大環境設施","radius":500,"name":"OSM 未命名設施"},"geometry":{"type":"Point","coordinates":[121.4652505,25.1655166]}},{"type":"Feature","properties":{"label":"高壓電塔","group":"重大環境設施","radius":500,"name":"OSM 未命名設施"},"geometry":{"type":"Point","coordinates":[121.4640345,25.1657923]}},{"type":"Feature","properties":{"label":"高壓電塔","group":"重大環境設施","radius":500,"name":"OSM 未命名設施"},"geometry":{"type":"Point","coordinates":[121.4634162,25.1663261]}},{"type":"Feature","properties":{"label":"高壓電塔","group":"重大環境設施","radius":500,"name":"OSM 未命名設施"},"geometry":{"type":"Point","coordinates":[121.4659302,25.165209]}},{"type":"Feature","properties":{"label":"高壓電塔","group":"重大環境設施","radius":500,"name":"OSM 未命名設施"},"geometry":{"type":"Point","coordinates":[121.4765454,25.077581]}},{"type":"Feature","properties":{"label":"高壓電塔","group":"重大環境設施","radius":500,"name":"OSM 未命名設施"},"geometry":{"type":"Point","coordinates":[121.4772879,25.0782702]}},{"type":"Feature","properties":{"label":"高壓電塔","group":"重大環境設施","radius":500,"name":"OSM 未命名設施"},"geometry":{"type":"Point","coordinates":[121.4774314,25.0779221]}},{"type":"Feature","properties":{"label":"高壓電塔","group":"重大環境設施","radius":500,"name":"OSM 未命名設施"},"geometry":{"type":"Point","coordinates":[121.4774461,25.0776791]}},{"type":"Feature","properties":{"label":"高壓電塔","group":"重大環境設施","radius":500,"name":"OSM 未命名設施"},"geometry":{"type":"Point","coordinates":[121.4774998,25.0775006]}},{"type":"Feature","properties":{"label":"高壓電塔","group":"重大環境設施","radius":500,"name":"OSM 未命名設施"},"geometry":{"type":"Point","coordinates":[121.4777921,25.0775285]}},{"type":"Feature","properties":{"label":"高壓電塔","group":"重大環境設施","radius":500,"name":"OSM 未命名設施"},"geometry":{"type":"Point","coordinates":[121.4787831,25.0781013]}},{"type":"Feature","properties":{"label":"高壓電塔","group":"重大環境設施","radius":500,"name":"OSM 未命名設施"},"geometry":{"type":"Point","coordinates":[121.4786154,25.0783092]}},{"type":"Feature","properties":{"label":"高壓電塔","group":"重大環境設施","radius":500,"name":"OSM 未命名設施"},"geometry":{"type":"Point","coordinates":[121.478293,25.0777706]}},{"type":"Feature","properties":{"label":"高壓電塔","group":"重大環境設施","radius":500,"name":"OSM 未命名設施"},"geometry":{"type":"Point","coordinates":[121.4782624,25.0783051]}},{"type":"Feature","properties":{"label":"高壓電塔","group":"重大環境設施","radius":500,"name":"OSM 未命名設施"},"geometry":{"type":"Point","coordinates":[121.4201572,25.0400167]}},{"type":"Feature","properties":{"label":"高壓電塔","group":"重大環境設施","radius":500,"name":"OSM 未命名設施"},"geometry":{"type":"Point","coordinates":[121.4205226,25.0397746]}},{"type":"Feature","properties":{"label":"高壓電塔","group":"重大環境設施","radius":500,"name":"OSM 未命名設施"},"geometry":{"type":"Point","coordinates":[121.4204629,25.0396856]}},{"type":"Feature","properties":{"label":"高壓電塔","group":"重大環境設施","radius":500,"name":"OSM 未命名設施"},"geometry":{"type":"Point","coordinates":[121.4192991,24.9962896]}},{"type":"Feature","properties":{"label":"高壓電塔","group":"重大環境設施","radius":500,"name":"OSM 未命名設施"},"geometry":{"type":"Point","coordinates":[121.5090395,25.0785813]}},{"type":"Feature","properties":{"label":"高壓電塔","group":"重大環境設施","radius":500,"name":"OSM 未命名設施"},"geometry":{"type":"Point","coordinates":[121.5062125,25.0788884]}},{"type":"Feature","properties":{"label":"高壓電塔","group":"重大環境設施","radius":500,"name":"OSM 未命名設施"},"geometry":{"type":"Point","coordinates":[121.5028705,25.0792423]}},{"type":"Feature","properties":{"label":"高壓電塔","group":"重大環境設施","radius":500,"name":"OSM 未命名設施"},"geometry":{"type":"Point","coordinates":[121.5008733,25.0807463]}},{"type":"Feature","properties":{"label":"高壓電塔","group":"重大環境設施","radius":500,"name":"OSM 未命名設施"},"geometry":{"type":"Point","coordinates":[121.437388,24.9684424]}},{"type":"Feature","properties":{"label":"高壓電塔","group":"重大環境設施","radius":500,"name":"OSM 未命名設施"},"geometry":{"type":"Point","coordinates":[121.4380573,24.9676038]}},{"type":"Feature","properties":{"label":"高壓電塔","group":"重大環境設施","radius":500,"name":"OSM 未命名設施"},"geometry":{"type":"Point","coordinates":[121.4389506,24.9667225]}},{"type":"Feature","properties":{"label":"高壓電塔","group":"重大環境設施","radius":500,"name":"OSM 未命名設施"},"geometry":{"type":"Point","coordinates":[121.4400487,24.9649068]}},{"type":"Feature","properties":{"label":"高壓電塔","group":"重大環境設施","radius":500,"name":"OSM 未命名設施"},"geometry":{"type":"Point","coordinates":[121.4419177,24.9658571]}},{"type":"Feature","properties":{"label":"高壓電塔","group":"重大環境設施","radius":500,"name":"OSM 未命名設施"},"geometry":{"type":"Point","coordinates":[121.4444296,24.9670036]}},{"type":"Feature","properties":{"label":"高壓電塔","group":"重大環境設施","radius":500,"name":"OSM 未命名設施"},"geometry":{"type":"Point","coordinates":[121.4584812,24.9748433]}},{"type":"Feature","properties":{"label":"高壓電塔","group":"重大環境設施","radius":500,"name":"OSM 未命名設施"},"geometry":{"type":"Point","coordinates":[121.4615596,24.9753418]}},{"type":"Feature","properties":{"label":"高壓電塔","group":"重大環境設施","radius":500,"name":"OSM 未命名設施"},"geometry":{"type":"Point","coordinates":[121.4387237,24.980468]}},{"type":"Feature","properties":{"label":"高壓電塔","group":"重大環境設施","radius":500,"name":"OSM 未命名設施"},"geometry":{"type":"Point","coordinates":[121.4394291,24.980468]}},{"type":"Feature","properties":{"label":"高壓電塔","group":"重大環境設施","radius":500,"name":"OSM 未命名設施"},"geometry":{"type":"Point","coordinates":[121.4222967,24.9581484]}},{"type":"Feature","properties":{"label":"高壓電塔","group":"重大環境設施","radius":500,"name":"OSM 未命名設施"},"geometry":{"type":"Point","coordinates":[121.4231153,24.9587194]}},{"type":"Feature","properties":{"label":"高壓電塔","group":"重大環境設施","radius":500,"name":"OSM 未命名設施"},"geometry":{"type":"Point","coordinates":[121.4250629,24.960784]}},{"type":"Feature","properties":{"label":"高壓電塔","group":"重大環境設施","radius":500,"name":"OSM 未命名設施"},"geometry":{"type":"Point","coordinates":[121.4243122,24.9625766]}},{"type":"Feature","properties":{"label":"高壓電塔","group":"重大環境設施","radius":500,"name":"OSM 未命名設施"},"geometry":{"type":"Point","coordinates":[121.4212786,24.9574491]}},{"type":"Feature","properties":{"label":"高壓電塔","group":"重大環境設施","radius":500,"name":"OSM 未命名設施"},"geometry":{"type":"Point","coordinates":[121.4199575,24.9568172]}},{"type":"Feature","properties":{"label":"高壓電塔","group":"重大環境設施","radius":500,"name":"OSM 未命名設施"},"geometry":{"type":"Point","coordinates":[121.4195355,24.9564168]}},{"type":"Feature","properties":{"label":"高壓電塔","group":"重大環境設施","radius":500,"name":"OSM 未命名設施"},"geometry":{"type":"Point","coordinates":[121.4174957,24.9728755]}},{"type":"Feature","properties":{"label":"高壓電塔","group":"重大環境設施","radius":500,"name":"OSM 未命名設施"},"geometry":{"type":"Point","coordinates":[121.4176628,24.9730395]}},{"type":"Feature","properties":{"label":"高壓電塔","group":"重大環境設施","radius":500,"name":"OSM 未命名設施"},"geometry":{"type":"Point","coordinates":[121.4154547,24.9760622]}},{"type":"Feature","properties":{"label":"高壓電塔","group":"重大環境設施","radius":500,"name":"OSM 未命名設施"},"geometry":{"type":"Point","coordinates":[121.4142459,24.9777435]}},{"type":"Feature","properties":{"label":"高壓電塔","group":"重大環境設施","radius":500,"name":"OSM 未命名設施"},"geometry":{"type":"Point","coordinates":[121.4133241,24.9789977]}},{"type":"Feature","properties":{"label":"高壓電塔","group":"重大環境設施","radius":500,"name":"OSM 未命名設施"},"geometry":{"type":"Point","coordinates":[121.6718901,25.0696306]}},{"type":"Feature","properties":{"label":"高壓電塔","group":"重大環境設施","radius":500,"name":"OSM 未命名設施"},"geometry":{"type":"Point","coordinates":[121.6710612,25.0694397]}},{"type":"Feature","properties":{"label":"高壓電塔","group":"重大環境設施","radius":500,"name":"OSM 未命名設施"},"geometry":{"type":"Point","coordinates":[121.670542,25.0692609]}},{"type":"Feature","properties":{"label":"高壓電塔","group":"重大環境設施","radius":500,"name":"OSM 未命名設施"},"geometry":{"type":"Point","coordinates":[121.6706094,25.0693684]}},{"type":"Feature","properties":{"label":"高壓電塔","group":"重大環境設施","radius":500,"name":"OSM 未命名設施"},"geometry":{"type":"Point","coordinates":[121.6751794,25.0653909]}},{"type":"Feature","properties":{"label":"高壓電塔","group":"重大環境設施","radius":500,"name":"OSM 未命名設施"},"geometry":{"type":"Point","coordinates":[121.6738277,25.067096]}},{"type":"Feature","properties":{"label":"高壓電塔","group":"重大環境設施","radius":500,"name":"OSM 未命名設施"},"geometry":{"type":"Point","coordinates":[121.6737788,25.0682277]}},{"type":"Feature","properties":{"label":"高壓電塔","group":"重大環境設施","radius":500,"name":"OSM 未命名設施"},"geometry":{"type":"Point","coordinates":[121.6722896,25.0695509]}},{"type":"Feature","properties":{"label":"高壓電塔","group":"重大環境設施","radius":500,"name":"OSM 未命名設施"},"geometry":{"type":"Point","coordinates":[121.437484,25.0514822]}},{"type":"Feature","properties":{"label":"高壓電塔","group":"重大環境設施","radius":500,"name":"OSM 未命名設施"},"geometry":{"type":"Point","coordinates":[121.4362571,25.0500783]}},{"type":"Feature","properties":{"label":"高壓電塔","group":"重大環境設施","radius":500,"name":"OSM 未命名設施"},"geometry":{"type":"Point","coordinates":[121.4356388,25.0492879]}},{"type":"Feature","properties":{"label":"高壓電塔","group":"重大環境設施","radius":500,"name":"OSM 未命名設施"},"geometry":{"type":"Point","coordinates":[121.4338313,25.0471487]}},{"type":"Feature","properties":{"label":"高壓電塔","group":"重大環境設施","radius":500,"name":"OSM 未命名設施"},"geometry":{"type":"Point","coordinates":[121.430503,25.0396945]}},{"type":"Feature","properties":{"label":"高壓電塔","group":"重大環境設施","radius":500,"name":"OSM 未命名設施"},"geometry":{"type":"Point","coordinates":[121.4295638,25.0375548]}},{"type":"Feature","properties":{"label":"高壓電塔","group":"重大環境設施","radius":500,"name":"OSM 未命名設施"},"geometry":{"type":"Point","coordinates":[121.3993799,24.9412807]}},{"type":"Feature","properties":{"label":"高壓電塔","group":"重大環境設施","radius":500,"name":"OSM 未命名設施"},"geometry":{"type":"Point","coordinates":[121.3974238,24.9406092]}},{"type":"Feature","properties":{"label":"高壓電塔","group":"重大環境設施","radius":500,"name":"OSM 未命名設施"},"geometry":{"type":"Point","coordinates":[121.3961685,24.9399939]}},{"type":"Feature","properties":{"label":"高壓電塔","group":"重大環境設施","radius":500,"name":"OSM 未命名設施"},"geometry":{"type":"Point","coordinates":[121.3958386,24.938165]}},{"type":"Feature","properties":{"label":"高壓電塔","group":"重大環境設施","radius":500,"name":"OSM 未命名設施"},"geometry":{"type":"Point","coordinates":[121.3982637,24.9411109]}},{"type":"Feature","properties":{"label":"高壓電塔","group":"重大環境設施","radius":500,"name":"OSM 未命名設施"},"geometry":{"type":"Point","coordinates":[121.399583,24.9413746]}},{"type":"Feature","properties":{"label":"高壓電塔","group":"重大環境設施","radius":500,"name":"OSM 未命名設施"},"geometry":{"type":"Point","coordinates":[121.3993629,24.9417254]}},{"type":"Feature","properties":{"label":"高壓電塔","group":"重大環境設施","radius":500,"name":"OSM 未命名設施"},"geometry":{"type":"Point","coordinates":[121.4004706,24.9423015]}},{"type":"Feature","properties":{"label":"高壓電塔","group":"重大環境設施","radius":500,"name":"OSM 未命名設施"},"geometry":{"type":"Point","coordinates":[121.4016354,24.94303]}},{"type":"Feature","properties":{"label":"高壓電塔","group":"重大環境設施","radius":500,"name":"OSM 未命名設施"},"geometry":{"type":"Point","coordinates":[121.4020729,24.9432631]}},{"type":"Feature","properties":{"label":"高壓電塔","group":"重大環境設施","radius":500,"name":"OSM 未命名設施"},"geometry":{"type":"Point","coordinates":[121.4023323,24.9434595]}},{"type":"Feature","properties":{"label":"高壓電塔","group":"重大環境設施","radius":500,"name":"OSM 未命名設施"},"geometry":{"type":"Point","coordinates":[121.4042843,24.9445908]}},{"type":"Feature","properties":{"label":"高壓電塔","group":"重大環境設施","radius":500,"name":"OSM 未命名設施"},"geometry":{"type":"Point","coordinates":[121.4036788,24.9442788]}},{"type":"Feature","properties":{"label":"高壓電塔","group":"重大環境設施","radius":500,"name":"OSM 未命名設施"},"geometry":{"type":"Point","coordinates":[121.4048056,24.9451863]}},{"type":"Feature","properties":{"label":"高壓電塔","group":"重大環境設施","radius":500,"name":"OSM 未命名設施"},"geometry":{"type":"Point","coordinates":[121.4051134,24.9455565]}},{"type":"Feature","properties":{"label":"高壓電塔","group":"重大環境設施","radius":500,"name":"OSM 未命名設施"},"geometry":{"type":"Point","coordinates":[121.4541476,25.0298794]}},{"type":"Feature","properties":{"label":"高壓電塔","group":"重大環境設施","radius":500,"name":"OSM 未命名設施"},"geometry":{"type":"Point","coordinates":[121.4523198,25.02729]}},{"type":"Feature","properties":{"label":"高壓電塔","group":"重大環境設施","radius":500,"name":"OSM 未命名設施"},"geometry":{"type":"Point","coordinates":[121.4507625,25.0256378]}},{"type":"Feature","properties":{"label":"高壓電塔","group":"重大環境設施","radius":500,"name":"OSM 未命名設施"},"geometry":{"type":"Point","coordinates":[121.4491301,25.0263948]}},{"type":"Feature","properties":{"label":"高壓電塔","group":"重大環境設施","radius":500,"name":"OSM 未命名設施"},"geometry":{"type":"Point","coordinates":[121.446598,25.0272365]}},{"type":"Feature","properties":{"label":"高壓電塔","group":"重大環境設施","radius":500,"name":"OSM 未命名設施"},"geometry":{"type":"Point","coordinates":[121.4375132,25.0903596]}},{"type":"Feature","properties":{"label":"高壓電塔","group":"重大環境設施","radius":500,"name":"OSM 未命名設施"},"geometry":{"type":"Point","coordinates":[121.437253,25.0901726]}},{"type":"Feature","properties":{"label":"高壓電塔","group":"重大環境設施","radius":500,"name":"OSM 未命名設施"},"geometry":{"type":"Point","coordinates":[121.4377466,25.0895969]}},{"type":"Feature","properties":{"label":"高壓電塔","group":"重大環境設施","radius":500,"name":"OSM 未命名設施"},"geometry":{"type":"Point","coordinates":[121.4379512,25.0898299]}},{"type":"Feature","properties":{"label":"高壓電塔","group":"重大環境設施","radius":500,"name":"OSM 未命名設施"},"geometry":{"type":"Point","coordinates":[121.4378159,25.0898144]}},{"type":"Feature","properties":{"label":"高壓電塔","group":"重大環境設施","radius":500,"name":"OSM 未命名設施"},"geometry":{"type":"Point","coordinates":[121.482943,25.0089668]}},{"type":"Feature","properties":{"label":"高壓電塔","group":"重大環境設施","radius":500,"name":"OSM 未命名設施"},"geometry":{"type":"Point","coordinates":[121.4701656,25.1231711]}},{"type":"Feature","properties":{"label":"高壓電塔","group":"重大環境設施","radius":500,"name":"OSM 未命名設施"},"geometry":{"type":"Point","coordinates":[121.470014,25.1233095]}},{"type":"Feature","properties":{"label":"高壓電塔","group":"重大環境設施","radius":500,"name":"OSM 未命名設施"},"geometry":{"type":"Point","coordinates":[121.4693725,25.138991]}},{"type":"Feature","properties":{"label":"高壓電塔","group":"重大環境設施","radius":500,"name":"OSM 未命名設施"},"geometry":{"type":"Point","coordinates":[121.46426,25.1490392]}},{"type":"Feature","properties":{"label":"高壓電塔","group":"重大環境設施","radius":500,"name":"OSM 未命名設施"},"geometry":{"type":"Point","coordinates":[121.4651781,25.147443]}},{"type":"Feature","properties":{"label":"高壓電塔","group":"重大環境設施","radius":500,"name":"OSM 未命名設施"},"geometry":{"type":"Point","coordinates":[121.4663264,25.1434071]}},{"type":"Feature","properties":{"label":"高壓電塔","group":"重大環境設施","radius":500,"name":"OSM 未命名設施"},"geometry":{"type":"Point","coordinates":[121.4659476,25.1437994]}},{"type":"Feature","properties":{"label":"高壓電塔","group":"重大環境設施","radius":500,"name":"OSM 未命名設施"},"geometry":{"type":"Point","coordinates":[121.4668202,25.1428153]}},{"type":"Feature","properties":{"label":"高壓電塔","group":"重大環境設施","radius":500,"name":"OSM 未命名設施"},"geometry":{"type":"Point","coordinates":[121.4679417,25.1416378]}},{"type":"Feature","properties":{"label":"高壓電塔","group":"重大環境設施","radius":500,"name":"OSM 未命名設施"},"geometry":{"type":"Point","coordinates":[121.4681801,25.1412161]}},{"type":"Feature","properties":{"label":"高壓電塔","group":"重大環境設施","radius":500,"name":"OSM 未命名設施"},"geometry":{"type":"Point","coordinates":[121.4640654,25.1496266]}},{"type":"Feature","properties":{"label":"高壓電塔","group":"重大環境設施","radius":500,"name":"OSM 未命名設施"},"geometry":{"type":"Point","coordinates":[121.4632681,25.1527146]}},{"type":"Feature","properties":{"label":"高壓電塔","group":"重大環境設施","radius":500,"name":"OSM 未命名設施"},"geometry":{"type":"Point","coordinates":[121.4631411,25.1536199]}},{"type":"Feature","properties":{"label":"高壓電塔","group":"重大環境設施","radius":500,"name":"OSM 未命名設施"},"geometry":{"type":"Point","coordinates":[121.463069,25.1539203]}},{"type":"Feature","properties":{"label":"高壓電塔","group":"重大環境設施","radius":500,"name":"OSM 未命名設施"},"geometry":{"type":"Point","coordinates":[121.4619893,25.1597986]}},{"type":"Feature","properties":{"label":"高壓電塔","group":"重大環境設施","radius":500,"name":"OSM 未命名設施"},"geometry":{"type":"Point","coordinates":[121.4618925,25.1602862]}},{"type":"Feature","properties":{"label":"高壓電塔","group":"重大環境設施","radius":500,"name":"OSM 未命名設施"},"geometry":{"type":"Point","coordinates":[121.4626513,25.1561944]}},{"type":"Feature","properties":{"label":"高壓電塔","group":"重大環境設施","radius":500,"name":"OSM 未命名設施"},"geometry":{"type":"Point","coordinates":[121.4577488,25.1654076]}},{"type":"Feature","properties":{"label":"高壓電塔","group":"重大環境設施","radius":500,"name":"OSM 未命名設施"},"geometry":{"type":"Point","coordinates":[121.4654858,25.1454792]}},{"type":"Feature","properties":{"label":"高壓電塔","group":"重大環境設施","radius":500,"name":"OSM 未命名設施"},"geometry":{"type":"Point","coordinates":[121.464268,25.1500336]}},{"type":"Feature","properties":{"label":"高壓電塔","group":"重大環境設施","radius":500,"name":"OSM 未命名設施"},"geometry":{"type":"Point","coordinates":[121.4636206,25.1506426]}},{"type":"Feature","properties":{"label":"高壓電塔","group":"重大環境設施","radius":500,"name":"OSM 未命名設施"},"geometry":{"type":"Point","coordinates":[121.4630179,25.1553266]}},{"type":"Feature","properties":{"label":"高壓電塔","group":"重大環境設施","radius":500,"name":"OSM 未命名設施"},"geometry":{"type":"Point","coordinates":[121.4623319,25.1581159]}},{"type":"Feature","properties":{"label":"高壓電塔","group":"重大環境設施","radius":500,"name":"OSM 未命名設施"},"geometry":{"type":"Point","coordinates":[121.4595704,25.163114]}},{"type":"Feature","properties":{"label":"高壓電塔","group":"重大環境設施","radius":500,"name":"OSM 未命名設施"},"geometry":{"type":"Point","coordinates":[121.5485896,25.0092136]}},{"type":"Feature","properties":{"label":"高壓電塔","group":"重大環境設施","radius":500,"name":"OSM 未命名設施"},"geometry":{"type":"Point","coordinates":[121.5470121,25.007516]}},{"type":"Feature","properties":{"label":"高壓電塔","group":"重大環境設施","radius":500,"name":"OSM 未命名設施"},"geometry":{"type":"Point","coordinates":[121.5459648,25.0063976]}},{"type":"Feature","properties":{"label":"高壓電塔","group":"重大環境設施","radius":500,"name":"OSM 未命名設施"},"geometry":{"type":"Point","coordinates":[121.544833,25.0052044]}},{"type":"Feature","properties":{"label":"高壓電塔","group":"重大環境設施","radius":500,"name":"OSM 未命名設施"},"geometry":{"type":"Point","coordinates":[121.5439072,25.0042366]}},{"type":"Feature","properties":{"label":"高壓電塔","group":"重大環境設施","radius":500,"name":"OSM 未命名設施"},"geometry":{"type":"Point","coordinates":[121.5423701,25.0033239]}},{"type":"Feature","properties":{"label":"高壓電塔","group":"重大環境設施","radius":500,"name":"OSM 未命名設施"},"geometry":{"type":"Point","coordinates":[121.5423046,25.0032255]}},{"type":"Feature","properties":{"label":"高壓電塔","group":"重大環境設施","radius":500,"name":"OSM 未命名設施"},"geometry":{"type":"Point","coordinates":[121.5422481,25.0029239]}},{"type":"Feature","properties":{"label":"高壓電塔","group":"重大環境設施","radius":500,"name":"OSM 未命名設施"},"geometry":{"type":"Point","coordinates":[121.5425192,25.0028667]}},{"type":"Feature","properties":{"label":"高壓電塔","group":"重大環境設施","radius":500,"name":"OSM 未命名設施"},"geometry":{"type":"Point","coordinates":[121.5424892,25.0033425]}},{"type":"Feature","properties":{"label":"高壓電塔","group":"重大環境設施","radius":500,"name":"OSM 未命名設施"},"geometry":{"type":"Point","coordinates":[121.5425612,25.0034036]}},{"type":"Feature","properties":{"label":"高壓電塔","group":"重大環境設施","radius":500,"name":"OSM 未命名設施"},"geometry":{"type":"Point","coordinates":[121.5471406,25.0078391]}},{"type":"Feature","properties":{"label":"高壓電塔","group":"重大環境設施","radius":500,"name":"OSM 未命名設施"},"geometry":{"type":"Point","coordinates":[121.6590395,25.0532355]}},{"type":"Feature","properties":{"label":"高壓電塔","group":"重大環境設施","radius":500,"name":"OSM 未命名設施"},"geometry":{"type":"Point","coordinates":[121.6618745,25.0547712]}},{"type":"Feature","properties":{"label":"高壓電塔","group":"重大環境設施","radius":500,"name":"OSM 未命名設施"},"geometry":{"type":"Point","coordinates":[121.45945,25.1573379]}},{"type":"Feature","properties":{"label":"殯儀／殯葬設施","group":"重大環境設施","radius":500,"name":"武德禮儀"},"geometry":{"type":"Point","coordinates":[121.5206642,25.0935933]}},{"type":"Feature","properties":{"label":"高壓電塔","group":"重大環境設施","radius":500,"name":"OSM 未命名設施"},"geometry":{"type":"Point","coordinates":[121.5160872,24.9873142]}},{"type":"Feature","properties":{"label":"高壓電塔","group":"重大環境設施","radius":500,"name":"OSM 未命名設施"},"geometry":{"type":"Point","coordinates":[121.5188556,24.9883357]}},{"type":"Feature","properties":{"label":"高壓電塔","group":"重大環境設施","radius":500,"name":"OSM 未命名設施"},"geometry":{"type":"Point","coordinates":[121.5002542,25.0941121]}},{"type":"Feature","properties":{"label":"高壓電塔","group":"重大環境設施","radius":500,"name":"OSM 未命名設施"},"geometry":{"type":"Point","coordinates":[121.5001908,25.0938243]}},{"type":"Feature","properties":{"label":"高壓電塔","group":"重大環境設施","radius":500,"name":"OSM 未命名設施"},"geometry":{"type":"Point","coordinates":[121.4998328,25.0938491]}},{"type":"Feature","properties":{"label":"高壓電塔","group":"重大環境設施","radius":500,"name":"OSM 未命名設施"},"geometry":{"type":"Point","coordinates":[121.4997025,25.0938391]}},{"type":"Feature","properties":{"label":"高壓電塔","group":"重大環境設施","radius":500,"name":"OSM 未命名設施"},"geometry":{"type":"Point","coordinates":[121.5175813,25.0986517]}},{"type":"Feature","properties":{"label":"高壓電塔","group":"重大環境設施","radius":500,"name":"OSM 未命名設施"},"geometry":{"type":"Point","coordinates":[121.3820059,24.931332]}},{"type":"Feature","properties":{"label":"高壓電塔","group":"重大環境設施","radius":500,"name":"OSM 未命名設施"},"geometry":{"type":"Point","coordinates":[121.3796204,24.9316675]}},{"type":"Feature","properties":{"label":"高壓電塔","group":"重大環境設施","radius":500,"name":"OSM 未命名設施"},"geometry":{"type":"Point","coordinates":[121.3809419,24.9314428]}},{"type":"Feature","properties":{"label":"高壓電塔","group":"重大環境設施","radius":500,"name":"OSM 未命名設施"},"geometry":{"type":"Point","coordinates":[121.368173,24.9380485]}},{"type":"Feature","properties":{"label":"高壓電塔","group":"重大環境設施","radius":500,"name":"OSM 未命名設施"},"geometry":{"type":"Point","coordinates":[121.3683804,24.9374191]}},{"type":"Feature","properties":{"label":"高壓電塔","group":"重大環境設施","radius":500,"name":"OSM 未命名設施"},"geometry":{"type":"Point","coordinates":[121.3687727,24.9360267]}},{"type":"Feature","properties":{"label":"高壓電塔","group":"重大環境設施","radius":500,"name":"OSM 未命名設施"},"geometry":{"type":"Point","coordinates":[121.3681543,24.93581]}},{"type":"Feature","properties":{"label":"高壓電塔","group":"重大環境設施","radius":500,"name":"OSM 未命名設施"},"geometry":{"type":"Point","coordinates":[121.3677754,24.9358805]}},{"type":"Feature","properties":{"label":"高壓電塔","group":"重大環境設施","radius":500,"name":"OSM 未命名設施"},"geometry":{"type":"Point","coordinates":[121.3657051,24.9357016]}},{"type":"Feature","properties":{"label":"高壓電塔","group":"重大環境設施","radius":500,"name":"OSM 未命名設施"},"geometry":{"type":"Point","coordinates":[121.3661206,24.9357306]}},{"type":"Feature","properties":{"label":"高壓電塔","group":"重大環境設施","radius":500,"name":"OSM 未命名設施"},"geometry":{"type":"Point","coordinates":[121.3673653,24.9358602]}},{"type":"Feature","properties":{"label":"高壓電塔","group":"重大環境設施","radius":500,"name":"OSM 未命名設施"},"geometry":{"type":"Point","coordinates":[121.3666964,24.9357897]}},{"type":"Feature","properties":{"label":"高壓電塔","group":"重大環境設施","radius":500,"name":"OSM 未命名設施"},"geometry":{"type":"Point","coordinates":[121.3647751,24.9354951]}},{"type":"Feature","properties":{"label":"高壓電塔","group":"重大環境設施","radius":500,"name":"OSM 未命名設施"},"geometry":{"type":"Point","coordinates":[121.3643864,24.9354606]}},{"type":"Feature","properties":{"label":"高壓電塔","group":"重大環境設施","radius":500,"name":"OSM 未命名設施"},"geometry":{"type":"Point","coordinates":[121.363943,24.9354664]}},{"type":"Feature","properties":{"label":"高壓電塔","group":"重大環境設施","radius":500,"name":"OSM 未命名設施"},"geometry":{"type":"Point","coordinates":[121.3634167,24.9355734]}},{"type":"Feature","properties":{"label":"高壓電塔","group":"重大環境設施","radius":500,"name":"OSM 未命名設施"},"geometry":{"type":"Point","coordinates":[121.3629686,24.9357628]}},{"type":"Feature","properties":{"label":"高壓電塔","group":"重大環境設施","radius":500,"name":"OSM 未命名設施"},"geometry":{"type":"Point","coordinates":[121.3626895,24.9358699]}},{"type":"Feature","properties":{"label":"高壓電塔","group":"重大環境設施","radius":500,"name":"OSM 未命名設施"},"geometry":{"type":"Point","coordinates":[121.3623418,24.9359321]}},{"type":"Feature","properties":{"label":"高壓電塔","group":"重大環境設施","radius":500,"name":"OSM 未命名設施"},"geometry":{"type":"Point","coordinates":[121.3619989,24.9359031]}},{"type":"Feature","properties":{"label":"高壓電塔","group":"重大環境設施","radius":500,"name":"OSM 未命名設施"},"geometry":{"type":"Point","coordinates":[121.4579614,25.16514]}},{"type":"Feature","properties":{"label":"高壓電塔","group":"重大環境設施","radius":500,"name":"OSM 未命名設施"},"geometry":{"type":"Point","coordinates":[121.4484006,25.0203947]}},{"type":"Feature","properties":{"label":"高壓電塔","group":"重大環境設施","radius":500,"name":"OSM 未命名設施"},"geometry":{"type":"Point","coordinates":[121.3382339,24.9442837]}},{"type":"Feature","properties":{"label":"高壓電塔","group":"重大環境設施","radius":500,"name":"OSM 未命名設施"},"geometry":{"type":"Point","coordinates":[121.3391531,24.9430944]}},{"type":"Feature","properties":{"label":"高壓電塔","group":"重大環境設施","radius":500,"name":"OSM 未命名設施"},"geometry":{"type":"Point","coordinates":[121.3389717,24.9426679]}},{"type":"Feature","properties":{"label":"高壓電塔","group":"重大環境設施","radius":500,"name":"OSM 未命名設施"},"geometry":{"type":"Point","coordinates":[121.339338,24.9431918]}},{"type":"Feature","properties":{"label":"高壓電塔","group":"重大環境設施","radius":500,"name":"OSM 未命名設施"},"geometry":{"type":"Point","coordinates":[121.3390705,24.9426311]}},{"type":"Feature","properties":{"label":"高壓電塔","group":"重大環境設施","radius":500,"name":"OSM 未命名設施"},"geometry":{"type":"Point","coordinates":[121.3357188,24.9550855]}},{"type":"Feature","properties":{"label":"高壓電塔","group":"重大環境設施","radius":500,"name":"OSM 未命名設施"},"geometry":{"type":"Point","coordinates":[121.337555,24.9577383]}},{"type":"Feature","properties":{"label":"高壓電塔","group":"重大環境設施","radius":500,"name":"OSM 未命名設施"},"geometry":{"type":"Point","coordinates":[121.3392732,24.9584866]}},{"type":"Feature","properties":{"label":"高壓電塔","group":"重大環境設施","radius":500,"name":"OSM 未命名設施"},"geometry":{"type":"Point","coordinates":[121.3400921,24.9601886]}},{"type":"Feature","properties":{"label":"高壓電塔","group":"重大環境設施","radius":500,"name":"OSM 未命名設施"},"geometry":{"type":"Point","coordinates":[121.3433527,24.9602985]}},{"type":"Feature","properties":{"label":"高壓電塔","group":"重大環境設施","radius":500,"name":"OSM 未命名設施"},"geometry":{"type":"Point","coordinates":[121.3484897,24.9622888]}},{"type":"Feature","properties":{"label":"高壓電塔","group":"重大環境設施","radius":500,"name":"OSM 未命名設施"},"geometry":{"type":"Point","coordinates":[121.3596452,24.9228475]}},{"type":"Feature","properties":{"label":"高壓電塔","group":"重大環境設施","radius":500,"name":"OSM 未命名設施"},"geometry":{"type":"Point","coordinates":[121.3592862,24.9244246]}},{"type":"Feature","properties":{"label":"高壓電塔","group":"重大環境設施","radius":500,"name":"OSM 未命名設施"},"geometry":{"type":"Point","coordinates":[121.3591541,24.9249571]}},{"type":"Feature","properties":{"label":"高壓電塔","group":"重大環境設施","radius":500,"name":"OSM 未命名設施"},"geometry":{"type":"Point","coordinates":[121.3585525,24.9273575]}},{"type":"Feature","properties":{"label":"殯儀／殯葬設施","group":"重大環境設施","radius":500,"name":"黎明禮儀公司"},"geometry":{"type":"Point","coordinates":[121.5535954,24.9992501]}},{"type":"Feature","properties":{"label":"高壓電塔","group":"重大環境設施","radius":500,"name":"OSM 未命名設施"},"geometry":{"type":"Point","coordinates":[121.3268344,24.9665487]}},{"type":"Feature","properties":{"label":"高壓電塔","group":"重大環境設施","radius":500,"name":"OSM 未命名設施"},"geometry":{"type":"Point","coordinates":[121.3270247,24.9666502]}},{"type":"Feature","properties":{"label":"高壓電塔","group":"重大環境設施","radius":500,"name":"OSM 未命名設施"},"geometry":{"type":"Point","coordinates":[121.5700288,25.0887429]}},{"type":"Feature","properties":{"label":"高壓電塔","group":"重大環境設施","radius":500,"name":"OSM 未命名設施"},"geometry":{"type":"Point","coordinates":[121.5848372,24.9824798]}},{"type":"Feature","properties":{"label":"殯儀／殯葬設施","group":"重大環境設施","radius":500,"name":"大和禮儀社"},"geometry":{"type":"Point","coordinates":[121.5275538,24.9624733]}},{"type":"Feature","properties":{"label":"高壓電塔","group":"重大環境設施","radius":500,"name":"OSM 未命名設施"},"geometry":{"type":"Point","coordinates":[121.5703037,25.0887898]}},{"type":"Feature","properties":{"label":"加油站","group":"重大環境設施","radius":500,"name":"台灣中油"},"geometry":{"type":"Point","coordinates":[121.4855103,24.9988056]}},{"type":"Feature","properties":{"label":"高壓電塔","group":"重大環境設施","radius":500,"name":"OSM 未命名設施"},"geometry":{"type":"Point","coordinates":[121.4911527,25.0909732]}},{"type":"Feature","properties":{"label":"高壓電塔","group":"重大環境設施","radius":500,"name":"OSM 未命名設施"},"geometry":{"type":"Point","coordinates":[121.4914343,25.0907764]}},{"type":"Feature","properties":{"label":"高壓電塔","group":"重大環境設施","radius":500,"name":"OSM 未命名設施"},"geometry":{"type":"Point","coordinates":[121.4898649,25.0931416]}},{"type":"Feature","properties":{"label":"加油站","group":"重大環境設施","radius":500,"name":"山隆興隆加油站（加盟）"},"geometry":{"type":"Point","coordinates":[121.4688827,25.0446966]}},{"type":"Feature","properties":{"label":"高壓電塔","group":"重大環境設施","radius":500,"name":"OSM 未命名設施"},"geometry":{"type":"Point","coordinates":[121.415198,24.9529049]}},{"type":"Feature","properties":{"label":"高壓電塔","group":"重大環境設施","radius":500,"name":"OSM 未命名設施"},"geometry":{"type":"Point","coordinates":[121.4158119,24.9530672]}},{"type":"Feature","properties":{"label":"高壓電塔","group":"重大環境設施","radius":500,"name":"OSM 未命名設施"},"geometry":{"type":"Point","coordinates":[121.4162964,24.9533109]}},{"type":"Feature","properties":{"label":"高壓電塔","group":"重大環境設施","radius":500,"name":"OSM 未命名設施"},"geometry":{"type":"Point","coordinates":[121.4177127,24.9541344]}},{"type":"Feature","properties":{"label":"高壓電塔","group":"重大環境設施","radius":500,"name":"OSM 未命名設施"},"geometry":{"type":"Point","coordinates":[121.4187808,24.9555274]}},{"type":"Feature","properties":{"label":"高壓電塔","group":"重大環境設施","radius":500,"name":"OSM 未命名設施"},"geometry":{"type":"Point","coordinates":[121.4182486,24.9549051]}},{"type":"Feature","properties":{"label":"高壓電塔","group":"重大環境設施","radius":500,"name":"OSM 未命名設施"},"geometry":{"type":"Point","coordinates":[121.4172423,24.9536046]}},{"type":"Feature","properties":{"label":"加油站","group":"重大環境設施","radius":500,"name":"中油金山站"},"geometry":{"type":"Point","coordinates":[121.6338822,25.2248655]}},{"type":"Feature","properties":{"label":"殯儀／殯葬設施","group":"重大環境設施","radius":500,"name":"天品山莊"},"geometry":{"type":"Point","coordinates":[121.5360939,25.0256447]}},{"type":"Feature","properties":{"label":"高壓電塔","group":"重大環境設施","radius":500,"name":"OSM 未命名設施"},"geometry":{"type":"Point","coordinates":[121.6188988,25.0442416]}},{"type":"Feature","properties":{"label":"高壓電塔","group":"重大環境設施","radius":500,"name":"OSM 未命名設施"},"geometry":{"type":"Point","coordinates":[121.6232148,25.0593784]}},{"type":"Feature","properties":{"label":"高壓電塔","group":"重大環境設施","radius":500,"name":"OSM 未命名設施"},"geometry":{"type":"Point","coordinates":[121.6212161,25.0590057]}},{"type":"Feature","properties":{"label":"殯儀／殯葬設施","group":"重大環境設施","radius":500,"name":"詠全禮儀"},"geometry":{"type":"Point","coordinates":[121.5560409,25.0034862]}},{"type":"Feature","properties":{"label":"高壓電塔","group":"重大環境設施","radius":500,"name":"OSM 未命名設施"},"geometry":{"type":"Point","coordinates":[121.5027443,25.0937759]}},{"type":"Feature","properties":{"label":"高壓電塔","group":"重大環境設施","radius":500,"name":"OSM 未命名設施"},"geometry":{"type":"Point","coordinates":[121.5015099,25.093942]}},{"type":"Feature","properties":{"label":"加油站","group":"重大環境設施","radius":500,"name":"山隆加油站"},"geometry":{"type":"Point","coordinates":[121.3365332,24.9716087]}},{"type":"Feature","properties":{"label":"加油站","group":"重大環境設施","radius":500,"name":"台灣中油"},"geometry":{"type":"Point","coordinates":[121.6310592,25.2238837]}},{"type":"Feature","properties":{"label":"火葬場","group":"重大環境設施","radius":1000,"name":"火化爐7~10號"},"geometry":{"type":"Point","coordinates":[121.408284,24.948544]}},{"type":"Feature","properties":{"label":"火葬場","group":"重大環境設施","radius":1000,"name":"火化爐1~6號"},"geometry":{"type":"Point","coordinates":[121.4079367,24.9480029]}},{"type":"Feature","properties":{"label":"火葬場","group":"重大環境設施","radius":1000,"name":"火化爐11~12號"},"geometry":{"type":"Point","coordinates":[121.4082009,24.9487191]}},{"type":"Feature","properties":{"label":"加油站","group":"重大環境設施","radius":500,"name":"台灣中油"},"geometry":{"type":"Point","coordinates":[121.4718313,25.0611938]}},{"type":"Feature","properties":{"label":"加油站","group":"重大環境設施","radius":500,"name":"台灣中油"},"geometry":{"type":"Point","coordinates":[121.3409122,24.9478388]}},{"type":"Feature","properties":{"label":"加油站","group":"重大環境設施","radius":500,"name":"台灣中油"},"geometry":{"type":"Point","coordinates":[121.3406254,24.9527976]}},{"type":"Feature","properties":{"label":"殯儀／殯葬設施","group":"重大環境設施","radius":500,"name":"誌誠禮儀社"},"geometry":{"type":"Point","coordinates":[121.4981682,25.0614046]}},{"type":"Feature","properties":{"label":"廢棄物／轉運設施","group":"重大環境設施","radius":1000,"name":"泰山區清潔隊"},"geometry":{"type":"Point","coordinates":[121.4062487,25.06944]}},{"type":"Feature","properties":{"label":"加油站","group":"重大環境設施","radius":500,"name":"台灣中油"},"geometry":{"type":"Point","coordinates":[121.5047183,25.0054347]}},{"type":"Feature","properties":{"label":"加油站","group":"重大環境設施","radius":500,"name":"台灣中油"},"geometry":{"type":"Point","coordinates":[121.4895228,25.0753715]}},{"type":"Feature","properties":{"label":"高壓電塔","group":"重大環境設施","radius":500,"name":"OSM 未命名設施"},"geometry":{"type":"Point","coordinates":[121.5303798,25.0048964]}},{"type":"Feature","properties":{"label":"高壓電塔","group":"重大環境設施","radius":500,"name":"OSM 未命名設施"},"geometry":{"type":"Point","coordinates":[121.5741691,25.0313215]}},{"type":"Feature","properties":{"label":"高壓電塔","group":"重大環境設施","radius":500,"name":"OSM 未命名設施"},"geometry":{"type":"Point","coordinates":[121.5741719,25.0314921]}},{"type":"Feature","properties":{"label":"高壓電塔","group":"重大環境設施","radius":500,"name":"OSM 未命名設施"},"geometry":{"type":"Point","coordinates":[121.6153733,25.0652854]}},{"type":"Feature","properties":{"label":"高壓電塔","group":"重大環境設施","radius":500,"name":"OSM 未命名設施"},"geometry":{"type":"Point","coordinates":[121.4951313,25.0070228]}},{"type":"Feature","properties":{"label":"高壓電塔","group":"重大環境設施","radius":500,"name":"OSM 未命名設施"},"geometry":{"type":"Point","coordinates":[121.4769244,24.9901059]}},{"type":"Feature","properties":{"label":"高壓電塔","group":"重大環境設施","radius":500,"name":"OSM 未命名設施"},"geometry":{"type":"Point","coordinates":[121.4493889,25.0217718]}},{"type":"Feature","properties":{"label":"高壓電塔","group":"重大環境設施","radius":500,"name":"OSM 未命名設施"},"geometry":{"type":"Point","coordinates":[121.4170682,24.9926281]}},{"type":"Feature","properties":{"label":"高壓電塔","group":"重大環境設施","radius":500,"name":"OSM 未命名設施"},"geometry":{"type":"Point","coordinates":[121.4565772,24.9746018]}},{"type":"Feature","properties":{"label":"高壓電塔","group":"重大環境設施","radius":500,"name":"OSM 未命名設施"},"geometry":{"type":"Point","coordinates":[121.4240514,24.9597875]}},{"type":"Feature","properties":{"label":"高壓電塔","group":"重大環境設施","radius":500,"name":"OSM 未命名設施"},"geometry":{"type":"Point","coordinates":[121.4352442,24.9702957]}},{"type":"Feature","properties":{"label":"高壓電塔","group":"重大環境設施","radius":500,"name":"OSM 未命名設施"},"geometry":{"type":"Point","coordinates":[121.4345925,24.9696732]}},{"type":"Feature","properties":{"label":"高壓電塔","group":"重大環境設施","radius":500,"name":"OSM 未命名設施"},"geometry":{"type":"Point","coordinates":[121.4340949,24.9690872]}},{"type":"Feature","properties":{"label":"高壓電塔","group":"重大環境設施","radius":500,"name":"OSM 未命名設施"},"geometry":{"type":"Point","coordinates":[121.4954218,24.9573191]}},{"type":"Feature","properties":{"label":"高壓電塔","group":"重大環境設施","radius":500,"name":"OSM 未命名設施"},"geometry":{"type":"Point","coordinates":[121.6233234,25.0423805]}},{"type":"Feature","properties":{"label":"高壓電塔","group":"重大環境設施","radius":500,"name":"OSM 未命名設施"},"geometry":{"type":"Point","coordinates":[121.6231564,25.0420312]}},{"type":"Feature","properties":{"label":"高壓電塔","group":"重大環境設施","radius":500,"name":"OSM 未命名設施"},"geometry":{"type":"Point","coordinates":[121.6232345,25.0416791]}},{"type":"Feature","properties":{"label":"高壓電塔","group":"重大環境設施","radius":500,"name":"OSM 未命名設施"},"geometry":{"type":"Point","coordinates":[121.620257,25.0449709]}},{"type":"Feature","properties":{"label":"高壓電塔","group":"重大環境設施","radius":500,"name":"OSM 未命名設施"},"geometry":{"type":"Point","coordinates":[121.6207009,25.0448275]}},{"type":"Feature","properties":{"label":"加油站","group":"重大環境設施","radius":500,"name":"台灣中油"},"geometry":{"type":"Point","coordinates":[121.4709645,25.0180518]}},{"type":"Feature","properties":{"label":"高壓電塔","group":"重大環境設施","radius":500,"name":"OSM 未命名設施"},"geometry":{"type":"Point","coordinates":[121.5269875,25.1255517]}},{"type":"Feature","properties":{"label":"高壓電塔","group":"重大環境設施","radius":500,"name":"OSM 未命名設施"},"geometry":{"type":"Point","coordinates":[121.5259887,25.1263628]}},{"type":"Feature","properties":{"label":"油氣／大型儲槽","group":"重大環境設施","radius":500,"name":"OSM 未命名設施"},"geometry":{"type":"Point","coordinates":[121.5485467,25.0032682]}},{"type":"Feature","properties":{"label":"油氣／大型儲槽","group":"重大環境設施","radius":500,"name":"OSM 未命名設施"},"geometry":{"type":"Point","coordinates":[121.561646,24.9899947]}},{"type":"Feature","properties":{"label":"油氣／大型儲槽","group":"重大環境設施","radius":500,"name":"OSM 未命名設施"},"geometry":{"type":"Point","coordinates":[121.5610354,24.9900408]}},{"type":"Feature","properties":{"label":"油氣／大型儲槽","group":"重大環境設施","radius":500,"name":"OSM 未命名設施"},"geometry":{"type":"Point","coordinates":[121.5610385,24.9900358]}},{"type":"Feature","properties":{"label":"油氣／大型儲槽","group":"重大環境設施","radius":500,"name":"OSM 未命名設施"},"geometry":{"type":"Point","coordinates":[121.5638696,24.9884886]}},{"type":"Feature","properties":{"label":"油氣／大型儲槽","group":"重大環境設施","radius":500,"name":"OSM 未命名設施"},"geometry":{"type":"Point","coordinates":[121.5478779,25.0041131]}},{"type":"Feature","properties":{"label":"加油站","group":"重大環境設施","radius":500,"name":"台塑 新店中興路站"},"geometry":{"type":"Point","coordinates":[121.5445872,24.9791217]}},{"type":"Feature","properties":{"label":"高壓電塔","group":"重大環境設施","radius":500,"name":"OSM 未命名設施"},"geometry":{"type":"Point","coordinates":[121.368683,24.9363949]}},{"type":"Feature","properties":{"label":"油氣／大型儲槽","group":"重大環境設施","radius":500,"name":"OSM 未命名設施"},"geometry":{"type":"Point","coordinates":[121.5581873,25.0869885]}},{"type":"Feature","properties":{"label":"加油站","group":"重大環境設施","radius":500,"name":"全國加油站"},"geometry":{"type":"Point","coordinates":[121.3977586,24.9414668]}},{"type":"Feature","properties":{"label":"加油站","group":"重大環境設施","radius":500,"name":"台灣中油"},"geometry":{"type":"Point","coordinates":[121.3994906,24.9425643]}},{"type":"Feature","properties":{"label":"加油站","group":"重大環境設施","radius":500,"name":"台灣中油"},"geometry":{"type":"Point","coordinates":[121.3778522,24.930909]}},{"type":"Feature","properties":{"label":"殯儀／殯葬設施","group":"重大環境設施","radius":500,"name":"福祿壽生命事業有限公司"},"geometry":{"type":"Point","coordinates":[121.3769015,24.9329343]}},{"type":"Feature","properties":{"label":"公墓／墓園","group":"重大環境設施","radius":500,"name":"極樂公墓甲種墓地第六、七區"},"geometry":{"type":"Point","coordinates":[121.5629629,25.0168679]}},{"type":"Feature","properties":{"label":"加油站","group":"重大環境設施","radius":500,"name":"台灣中油"},"geometry":{"type":"Point","coordinates":[121.6045701,25.054232]}},{"type":"Feature","properties":{"label":"變電所","group":"重大環境設施","radius":500,"name":"蘆洲一次變電所"},"geometry":{"type":"Point","coordinates":[121.4777139,25.0786824]}},{"type":"Feature","properties":{"label":"廢棄物／轉運設施","group":"重大環境設施","radius":1000,"name":"北投焚化爐"},"geometry":{"type":"Point","coordinates":[121.5005708,25.1087998]}},{"type":"Feature","properties":{"label":"公墓／墓園","group":"重大環境設施","radius":500,"name":"汐止區第六、七公墓"},"geometry":{"type":"Point","coordinates":[121.6466823,25.0679767]}},{"type":"Feature","properties":{"label":"加油站","group":"重大環境設施","radius":500,"name":"台灣中油"},"geometry":{"type":"Point","coordinates":[121.542249,24.978604]}},{"type":"Feature","properties":{"label":"公墓／墓園","group":"重大環境設施","radius":500,"name":"寧波同鄉會墓園"},"geometry":{"type":"Point","coordinates":[121.572873,25.0304165]}},{"type":"Feature","properties":{"label":"火葬場","group":"重大環境設施","radius":1000,"name":"焚化爐"},"geometry":{"type":"Point","coordinates":[121.5531798,25.0121627]}},{"type":"Feature","properties":{"label":"加油站","group":"重大環境設施","radius":500,"name":"中油"},"geometry":{"type":"Point","coordinates":[121.5078812,24.9993358]}},{"type":"Feature","properties":{"label":"公墓／墓園","group":"重大環境設施","radius":500,"name":"鶯歌區第二公墓"},"geometry":{"type":"Point","coordinates":[121.3374041,24.9446872]}},{"type":"Feature","properties":{"label":"變電所","group":"重大環境設施","radius":500,"name":"民捷變電所"},"geometry":{"type":"Point","coordinates":[121.527586,25.0689603]}},{"type":"Feature","properties":{"label":"加油站","group":"重大環境設施","radius":500,"name":"台灣中油林森北路站"},"geometry":{"type":"Point","coordinates":[121.5239524,25.0459755]}},{"type":"Feature","properties":{"label":"加油站","group":"重大環境設施","radius":500,"name":"台灣中油"},"geometry":{"type":"Point","coordinates":[121.4931156,25.0886587]}},{"type":"Feature","properties":{"label":"加油站","group":"重大環境設施","radius":500,"name":"中油積穗加油站"},"geometry":{"type":"Point","coordinates":[121.4836413,25.0053084]}},{"type":"Feature","properties":{"label":"加油站","group":"重大環境設施","radius":500,"name":"全國加油站"},"geometry":{"type":"Point","coordinates":[121.4849999,25.0039464]}},{"type":"Feature","properties":{"label":"加油站","group":"重大環境設施","radius":500,"name":"全宏加油站"},"geometry":{"type":"Point","coordinates":[121.4851203,25.0034065]}},{"type":"Feature","properties":{"label":"加油站","group":"重大環境設施","radius":500,"name":"中油 直營"},"geometry":{"type":"Point","coordinates":[121.5024228,25.1194456]}},{"type":"Feature","properties":{"label":"變電所","group":"重大環境設施","radius":500,"name":"虎林連接站"},"geometry":{"type":"Point","coordinates":[121.5741786,25.0314067]}},{"type":"Feature","properties":{"label":"公墓／墓園","group":"重大環境設施","radius":500,"name":"士林第八公墓"},"geometry":{"type":"Point","coordinates":[121.5417265,25.1156424]}},{"type":"Feature","properties":{"label":"加油站","group":"重大環境設施","radius":500,"name":"7-Eleven"},"geometry":{"type":"Point","coordinates":[121.3971339,25.0785271]}},{"type":"Feature","properties":{"label":"公墓／墓園","group":"重大環境設施","radius":500,"name":"林口第一公墓"},"geometry":{"type":"Point","coordinates":[121.371772,25.0902234]}},{"type":"Feature","properties":{"label":"公墓／墓園","group":"重大環境設施","radius":500,"name":"OSM 未命名設施"},"geometry":{"type":"Point","coordinates":[121.3741342,25.0879727]}},{"type":"Feature","properties":{"label":"加油站","group":"重大環境設施","radius":500,"name":"台灣中油"},"geometry":{"type":"Point","coordinates":[121.5287273,25.1019564]}},{"type":"Feature","properties":{"label":"加油站","group":"重大環境設施","radius":500,"name":"台塑加油站"},"geometry":{"type":"Point","coordinates":[121.5283175,25.0955089]}},{"type":"Feature","properties":{"label":"加油站","group":"重大環境設施","radius":500,"name":"台灣中油"},"geometry":{"type":"Point","coordinates":[121.5641429,24.9884559]}},{"type":"Feature","properties":{"label":"加油站","group":"重大環境設施","radius":500,"name":"台灣中油"},"geometry":{"type":"Point","coordinates":[121.5260322,25.0206948]}},{"type":"Feature","properties":{"label":"加油站","group":"重大環境設施","radius":500,"name":"台灣中油 福林路加油站"},"geometry":{"type":"Point","coordinates":[121.5274218,25.0923716]}},{"type":"Feature","properties":{"label":"加油站","group":"重大環境設施","radius":500,"name":"台灣中油"},"geometry":{"type":"Point","coordinates":[121.5273632,25.0926177]}},{"type":"Feature","properties":{"label":"加油站","group":"重大環境設施","radius":500,"name":"台灣中油"},"geometry":{"type":"Point","coordinates":[121.5332072,25.0385316]}},{"type":"Feature","properties":{"label":"加油站","group":"重大環境設施","radius":500,"name":"台灣中油"},"geometry":{"type":"Point","coordinates":[121.5395472,25.0461097]}},{"type":"Feature","properties":{"label":"加油站","group":"重大環境設施","radius":500,"name":"陽光加油站"},"geometry":{"type":"Point","coordinates":[121.5366279,25.0443319]}},{"type":"Feature","properties":{"label":"污水處理設施","group":"重大環境設施","radius":1000,"name":"汙水處理廠"},"geometry":{"type":"Point","coordinates":[121.4297403,24.967131]}},{"type":"Feature","properties":{"label":"變電所","group":"重大環境設施","radius":500,"name":"頂埔/頂科變電所"},"geometry":{"type":"Point","coordinates":[121.4246858,24.9628661]}},{"type":"Feature","properties":{"label":"加油站","group":"重大環境設施","radius":500,"name":"台灣中油"},"geometry":{"type":"Point","coordinates":[121.463683,25.0090212]}},{"type":"Feature","properties":{"label":"公墓／墓園","group":"重大環境設施","radius":500,"name":"OSM 未命名設施"},"geometry":{"type":"Point","coordinates":[121.4339404,24.9623339]}},{"type":"Feature","properties":{"label":"殯儀／殯葬設施","group":"重大環境設施","radius":500,"name":"崇仁廳"},"geometry":{"type":"Point","coordinates":[121.4570136,25.0276723]}},{"type":"Feature","properties":{"label":"火葬場","group":"重大環境設施","radius":1000,"name":"新北市立殯儀館火化場"},"geometry":{"type":"Point","coordinates":[121.4079063,24.948576]}},{"type":"Feature","properties":{"label":"公墓／墓園","group":"重大環境設施","radius":500,"name":"泰山第一公墓"},"geometry":{"type":"Point","coordinates":[121.4288949,25.0614944]}},{"type":"Feature","properties":{"label":"加油站","group":"重大環境設施","radius":500,"name":"台亞加油站板橋文化路站"},"geometry":{"type":"Point","coordinates":[121.4714617,25.028567]}},{"type":"Feature","properties":{"label":"加油站","group":"重大環境設施","radius":500,"name":"全國加油站"},"geometry":{"type":"Point","coordinates":[121.5407106,24.9963105]}},{"type":"Feature","properties":{"label":"油氣／大型儲槽","group":"重大環境設施","radius":500,"name":"OSM 未命名設施"},"geometry":{"type":"Point","coordinates":[121.4617037,25.1402429]}},{"type":"Feature","properties":{"label":"油氣／大型儲槽","group":"重大環境設施","radius":500,"name":"OSM 未命名設施"},"geometry":{"type":"Point","coordinates":[121.4617913,25.1400742]}},{"type":"Feature","properties":{"label":"公墓／墓園","group":"重大環境設施","radius":500,"name":"外僑墓園"},"geometry":{"type":"Point","coordinates":[121.4380161,25.1769035]}},{"type":"Feature","properties":{"label":"公墓／墓園","group":"重大環境設施","radius":500,"name":"馬偕家族墓園"},"geometry":{"type":"Point","coordinates":[121.4379139,25.1770269]}},{"type":"Feature","properties":{"label":"加油站","group":"重大環境設施","radius":500,"name":"台灣中油"},"geometry":{"type":"Point","coordinates":[121.557081,25.0188967]}},{"type":"Feature","properties":{"label":"公墓／墓園","group":"重大環境設施","radius":500,"name":"淡水第一公墓"},"geometry":{"type":"Point","coordinates":[121.4520596,25.1670906]}},{"type":"Feature","properties":{"label":"公墓／墓園","group":"重大環境設施","radius":500,"name":"OSM 未命名設施"},"geometry":{"type":"Point","coordinates":[121.442224,25.1452981]}},{"type":"Feature","properties":{"label":"公墓／墓園","group":"重大環境設施","radius":500,"name":"OSM 未命名設施"},"geometry":{"type":"Point","coordinates":[121.4492612,25.1233445]}},{"type":"Feature","properties":{"label":"加油站","group":"重大環境設施","radius":500,"name":"台灣中油"},"geometry":{"type":"Point","coordinates":[121.4487482,25.1656963]}},{"type":"Feature","properties":{"label":"公墓／墓園","group":"重大環境設施","radius":500,"name":"OSM 未命名設施"},"geometry":{"type":"Point","coordinates":[121.4646873,25.146932]}},{"type":"Feature","properties":{"label":"公墓／墓園","group":"重大環境設施","radius":500,"name":"OSM 未命名設施"},"geometry":{"type":"Point","coordinates":[121.4633322,25.1438639]}},{"type":"Feature","properties":{"label":"公墓／墓園","group":"重大環境設施","radius":500,"name":"OSM 未命名設施"},"geometry":{"type":"Point","coordinates":[121.4643455,25.1452527]}},{"type":"Feature","properties":{"label":"公墓／墓園","group":"重大環境設施","radius":500,"name":"OSM 未命名設施"},"geometry":{"type":"Point","coordinates":[121.4693545,25.1406586]}},{"type":"Feature","properties":{"label":"公墓／墓園","group":"重大環境設施","radius":500,"name":"士林第一公墓"},"geometry":{"type":"Point","coordinates":[121.5377876,25.0951206]}},{"type":"Feature","properties":{"label":"加油站","group":"重大環境設施","radius":500,"name":"台灣中油"},"geometry":{"type":"Point","coordinates":[121.5424527,24.9892845]}},{"type":"Feature","properties":{"label":"加油站","group":"重大環境設施","radius":500,"name":"台灣中油"},"geometry":{"type":"Point","coordinates":[121.5353585,25.0256785]}},{"type":"Feature","properties":{"label":"加油站","group":"重大環境設施","radius":500,"name":"中油華中橋站"},"geometry":{"type":"Point","coordinates":[121.4963112,25.0002527]}},{"type":"Feature","properties":{"label":"公墓／墓園","group":"重大環境設施","radius":500,"name":"三峽區第五公墓"},"geometry":{"type":"Point","coordinates":[121.3984355,24.9366115]}},{"type":"Feature","properties":{"label":"加油站","group":"重大環境設施","radius":500,"name":"中油永盛站"},"geometry":{"type":"Point","coordinates":[121.4251082,24.9839661]}},{"type":"Feature","properties":{"label":"公墓／墓園","group":"重大環境設施","radius":500,"name":"OSM 未命名設施"},"geometry":{"type":"Point","coordinates":[121.4881448,24.9523704]}},{"type":"Feature","properties":{"label":"加油站","group":"重大環境設施","radius":500,"name":"北基加油站"},"geometry":{"type":"Point","coordinates":[121.4495579,24.9920824]}},{"type":"Feature","properties":{"label":"公墓／墓園","group":"重大環境設施","radius":500,"name":"五股區第三公墓"},"geometry":{"type":"Point","coordinates":[121.4391323,25.0896632]}},{"type":"Feature","properties":{"label":"加油站","group":"重大環境設施","radius":500,"name":"台灣中油"},"geometry":{"type":"Point","coordinates":[121.5670339,25.0414297]}},{"type":"Feature","properties":{"label":"加油站","group":"重大環境設施","radius":500,"name":"台塑石油"},"geometry":{"type":"Point","coordinates":[121.4345173,24.9722628]}},{"type":"Feature","properties":{"label":"變電所","group":"重大環境設施","radius":500,"name":"鶯南變電所"},"geometry":{"type":"Point","coordinates":[121.3389854,24.9426379]}},{"type":"Feature","properties":{"label":"公墓／墓園","group":"重大環境設施","radius":500,"name":"板橋區第四公墓"},"geometry":{"type":"Point","coordinates":[121.4767399,24.9959628]}},{"type":"Feature","properties":{"label":"加油站","group":"重大環境設施","radius":500,"name":"全國板橋四川路站"},"geometry":{"type":"Point","coordinates":[121.4479214,24.9940012]}},{"type":"Feature","properties":{"label":"污水處理設施","group":"重大環境設施","radius":1000,"name":"三鶯水資源回收中心"},"geometry":{"type":"Point","coordinates":[121.3625198,24.9544483]}},{"type":"Feature","properties":{"label":"變電所","group":"重大環境設施","radius":500,"name":"柑園變電所"},"geometry":{"type":"Point","coordinates":[121.3844764,24.9461033]}},{"type":"Feature","properties":{"label":"加油站","group":"重大環境設施","radius":500,"name":"台灣中油"},"geometry":{"type":"Point","coordinates":[121.5272568,25.0314678]}},{"type":"Feature","properties":{"label":"加油站","group":"重大環境設施","radius":500,"name":"台灣中油"},"geometry":{"type":"Point","coordinates":[121.5394148,25.0046042]}},{"type":"Feature","properties":{"label":"加油站","group":"重大環境設施","radius":500,"name":"台塑大嘉好加油站"},"geometry":{"type":"Point","coordinates":[121.4774248,25.2596102]}},{"type":"Feature","properties":{"label":"加油站","group":"重大環境設施","radius":500,"name":"台灣中油"},"geometry":{"type":"Point","coordinates":[121.4463412,25.1920152]}},{"type":"Feature","properties":{"label":"加油站","group":"重大環境設施","radius":500,"name":"台塑台亞承德路加油站"},"geometry":{"type":"Point","coordinates":[121.5038684,25.1166428]}},{"type":"Feature","properties":{"label":"公墓／墓園","group":"重大環境設施","radius":500,"name":"OSM 未命名設施"},"geometry":{"type":"Point","coordinates":[121.4152421,24.9803656]}},{"type":"Feature","properties":{"label":"污水處理設施","group":"重大環境設施","radius":1000,"name":"八里汙水處理廠"},"geometry":{"type":"Point","coordinates":[121.4088291,25.1609645]}},{"type":"Feature","properties":{"label":"加油站","group":"重大環境設施","radius":500,"name":"台灣中油"},"geometry":{"type":"Point","coordinates":[121.570884,24.9881703]}},{"type":"Feature","properties":{"label":"加油站","group":"重大環境設施","radius":500,"name":"台灣中油"},"geometry":{"type":"Point","coordinates":[121.5600686,25.0851994]}},{"type":"Feature","properties":{"label":"加油站","group":"重大環境設施","radius":500,"name":"台灣中油"},"geometry":{"type":"Point","coordinates":[121.5554389,25.0327913]}},{"type":"Feature","properties":{"label":"公墓／墓園","group":"重大環境設施","radius":500,"name":"極樂墓園"},"geometry":{"type":"Point","coordinates":[121.5619388,25.0198541]}},{"type":"Feature","properties":{"label":"公墓／墓園","group":"重大環境設施","radius":500,"name":"木柵第七公墓"},"geometry":{"type":"Point","coordinates":[121.5828538,24.982102]}},{"type":"Feature","properties":{"label":"加油站","group":"重大環境設施","radius":500,"name":"中油"},"geometry":{"type":"Point","coordinates":[121.3884794,24.9552787]}},{"type":"Feature","properties":{"label":"污水處理設施","group":"重大環境設施","radius":1000,"name":"新北市政府薄膜生物汙水處理廠"},"geometry":{"type":"Point","coordinates":[121.3842205,24.9505979]}},{"type":"Feature","properties":{"label":"污水處理設施","group":"重大環境設施","radius":1000,"name":"迪化污水處理廠"},"geometry":{"type":"Point","coordinates":[121.5103328,25.0759077]}},{"type":"Feature","properties":{"label":"加油站","group":"重大環境設施","radius":500,"name":"台灣中油莊敬站"},"geometry":{"type":"Point","coordinates":[121.5336836,24.980288]}},{"type":"Feature","properties":{"label":"加油站","group":"重大環境設施","radius":500,"name":"台灣中油"},"geometry":{"type":"Point","coordinates":[121.385448,24.9460611]}},{"type":"Feature","properties":{"label":"加油站","group":"重大環境設施","radius":500,"name":"台灣中油"},"geometry":{"type":"Point","coordinates":[121.6212271,25.0556122]}},{"type":"Feature","properties":{"label":"變電所","group":"重大環境設施","radius":500,"name":"建國變電所"},"geometry":{"type":"Point","coordinates":[121.5373634,25.034321]}},{"type":"Feature","properties":{"label":"加油站","group":"重大環境設施","radius":500,"name":"中油"},"geometry":{"type":"Point","coordinates":[121.3541737,24.9572568]}},{"type":"Feature","properties":{"label":"變電所","group":"重大環境設施","radius":500,"name":"榮星變電所"},"geometry":{"type":"Point","coordinates":[121.5364941,25.0641112]}},{"type":"Feature","properties":{"label":"變電所","group":"重大環境設施","radius":500,"name":"興捷變電所"},"geometry":{"type":"Point","coordinates":[121.5403152,24.9993126]}},{"type":"Feature","properties":{"label":"加油站","group":"重大環境設施","radius":500,"name":"OSM 未命名設施"},"geometry":{"type":"Point","coordinates":[121.4080647,24.9598054]}},{"type":"Feature","properties":{"label":"加油站","group":"重大環境設施","radius":500,"name":"台灣中油"},"geometry":{"type":"Point","coordinates":[121.3916978,24.9623774]}},{"type":"Feature","properties":{"label":"加油站","group":"重大環境設施","radius":500,"name":"中油加盟勝利加油站"},"geometry":{"type":"Point","coordinates":[121.537818,25.0310061]}},{"type":"Feature","properties":{"label":"污水處理設施","group":"重大環境設施","radius":1000,"name":"OSM 未命名設施"},"geometry":{"type":"Point","coordinates":[121.5128639,25.1210108]}},{"type":"Feature","properties":{"label":"加油站","group":"重大環境設施","radius":500,"name":"台灣中油"},"geometry":{"type":"Point","coordinates":[121.5302581,25.0508977]}},{"type":"Feature","properties":{"label":"公墓／墓園","group":"重大環境設施","radius":500,"name":"極樂公墓"},"geometry":{"type":"Point","coordinates":[121.5628985,25.0189855]}},{"type":"Feature","properties":{"label":"公墓／墓園","group":"重大環境設施","radius":500,"name":"南港第二公墓"},"geometry":{"type":"Point","coordinates":[121.6120283,25.0513371]}},{"type":"Feature","properties":{"label":"公墓／墓園","group":"重大環境設施","radius":500,"name":"南港第一公墓"},"geometry":{"type":"Point","coordinates":[121.6063955,25.051016]}},{"type":"Feature","properties":{"label":"公墓／墓園","group":"重大環境設施","radius":500,"name":"OSM 未命名設施"},"geometry":{"type":"Point","coordinates":[121.3599918,24.9235892]}},{"type":"Feature","properties":{"label":"公墓／墓園","group":"重大環境設施","radius":500,"name":"新店四城公墓"},"geometry":{"type":"Point","coordinates":[121.4747063,24.9435122]}},{"type":"Feature","properties":{"label":"公墓／墓園","group":"重大環境設施","radius":500,"name":"中和區第二公墓"},"geometry":{"type":"Point","coordinates":[121.4996168,24.9861527]}},{"type":"Feature","properties":{"label":"公墓／墓園","group":"重大環境設施","radius":500,"name":"OSM 未命名設施"},"geometry":{"type":"Point","coordinates":[121.4766106,24.9455294]}},{"type":"Feature","properties":{"label":"公墓／墓園","group":"重大環境設施","radius":500,"name":"OSM 未命名設施"},"geometry":{"type":"Point","coordinates":[121.471454,24.9412652]}},{"type":"Feature","properties":{"label":"加油站","group":"重大環境設施","radius":500,"name":"昇陽加油站"},"geometry":{"type":"Point","coordinates":[121.4119374,24.9806923]}},{"type":"Feature","properties":{"label":"加油站","group":"重大環境設施","radius":500,"name":"中油"},"geometry":{"type":"Point","coordinates":[121.4143029,24.980091]}},{"type":"Feature","properties":{"label":"加油站","group":"重大環境設施","radius":500,"name":"台亞林口忠孝站"},"geometry":{"type":"Point","coordinates":[121.3667606,25.0733323]}},{"type":"Feature","properties":{"label":"油氣／大型儲槽","group":"重大環境設施","radius":500,"name":"OSM 未命名設施"},"geometry":{"type":"Point","coordinates":[121.5111817,25.0760792]}},{"type":"Feature","properties":{"label":"油氣／大型儲槽","group":"重大環境設施","radius":500,"name":"OSM 未命名設施"},"geometry":{"type":"Point","coordinates":[121.5111909,25.0756899]}},{"type":"Feature","properties":{"label":"油氣／大型儲槽","group":"重大環境設施","radius":500,"name":"OSM 未命名設施"},"geometry":{"type":"Point","coordinates":[121.5107972,25.0756942]}},{"type":"Feature","properties":{"label":"油氣／大型儲槽","group":"重大環境設施","radius":500,"name":"OSM 未命名設施"},"geometry":{"type":"Point","coordinates":[121.5107528,25.0760648]}},{"type":"Feature","properties":{"label":"變電所","group":"重大環境設施","radius":500,"name":"江翠變電所"},"geometry":{"type":"Point","coordinates":[121.4705727,25.0309111]}},{"type":"Feature","properties":{"label":"變電所","group":"重大環境設施","radius":500,"name":"臺北市職能發展學院變電站"},"geometry":{"type":"Point","coordinates":[121.5385692,25.1140233]}},{"type":"Feature","properties":{"label":"加油站","group":"重大環境設施","radius":500,"name":"OSM 未命名設施"},"geometry":{"type":"Point","coordinates":[121.489782,25.0751171]}},{"type":"Feature","properties":{"label":"加油站","group":"重大環境設施","radius":500,"name":"台灣中油"},"geometry":{"type":"Point","coordinates":[121.4212343,24.9960928]}},{"type":"Feature","properties":{"label":"加油站","group":"重大環境設施","radius":500,"name":"台灣中油 新莊直營加油站"},"geometry":{"type":"Point","coordinates":[121.4453155,25.0350978]}},{"type":"Feature","properties":{"label":"加油站","group":"重大環境設施","radius":500,"name":"台灣中油"},"geometry":{"type":"Point","coordinates":[121.5505342,25.0841342]}},{"type":"Feature","properties":{"label":"油氣／大型儲槽","group":"重大環境設施","radius":500,"name":"OSM 未命名設施"},"geometry":{"type":"Point","coordinates":[121.4329762,25.0803935]}},{"type":"Feature","properties":{"label":"變電所","group":"重大環境設施","radius":500,"name":"OSM 未命名設施"},"geometry":{"type":"Point","coordinates":[121.5086562,25.1230873]}},{"type":"Feature","properties":{"label":"變電所","group":"重大環境設施","radius":500,"name":"福營變電所"},"geometry":{"type":"Point","coordinates":[121.4257851,25.029078]}},{"type":"Feature","properties":{"label":"變電所","group":"重大環境設施","radius":500,"name":"捷運動力變電站"},"geometry":{"type":"Point","coordinates":[121.5204226,25.0291649]}},{"type":"Feature","properties":{"label":"加油站","group":"重大環境設施","radius":500,"name":"台灣中油 永利路站"},"geometry":{"type":"Point","coordinates":[121.5197837,25.0049546]}},{"type":"Feature","properties":{"label":"加油站","group":"重大環境設施","radius":500,"name":"台灣中油 永利路站 (機車)"},"geometry":{"type":"Point","coordinates":[121.5195312,25.0047154]}},{"type":"Feature","properties":{"label":"加油站","group":"重大環境設施","radius":500,"name":"新生北路加油站"},"geometry":{"type":"Point","coordinates":[121.5280636,25.0565042]}},{"type":"Feature","properties":{"label":"加油站","group":"重大環境設施","radius":500,"name":"台灣中油 民權西加油站"},"geometry":{"type":"Point","coordinates":[121.5142895,25.0627214]}},{"type":"Feature","properties":{"label":"公墓／墓園","group":"重大環境設施","radius":500,"name":"鶯歌區第三公墓"},"geometry":{"type":"Point","coordinates":[121.3374915,24.9683069]}},{"type":"Feature","properties":{"label":"污水處理設施","group":"重大環境設施","radius":1000,"name":"淡水水資源回收中心"},"geometry":{"type":"Point","coordinates":[121.4182711,25.1945675]}},{"type":"Feature","properties":{"label":"污水處理設施","group":"重大環境設施","radius":1000,"name":"汙水處理場"},"geometry":{"type":"Point","coordinates":[121.6047486,25.0616372]}},{"type":"Feature","properties":{"label":"變電所","group":"重大環境設施","radius":500,"name":"內湖機廠變電所"},"geometry":{"type":"Point","coordinates":[121.6183136,25.0614736]}},{"type":"Feature","properties":{"label":"變電所","group":"重大環境設施","radius":500,"name":"店捷變電所"},"geometry":{"type":"Point","coordinates":[121.5307121,24.9832028]}},{"type":"Feature","properties":{"label":"變電所","group":"重大環境設施","radius":500,"name":"北資變電所"},"geometry":{"type":"Point","coordinates":[121.6177202,25.0619885]}},{"type":"Feature","properties":{"label":"加油站","group":"重大環境設施","radius":500,"name":"台灣中油"},"geometry":{"type":"Point","coordinates":[121.5559048,25.0276025]}},{"type":"Feature","properties":{"label":"廢棄物／轉運設施","group":"重大環境設施","radius":1000,"name":"八里區清潔隊"},"geometry":{"type":"Point","coordinates":[121.4152457,25.1641683]}},{"type":"Feature","properties":{"label":"變電所","group":"重大環境設施","radius":500,"name":"木柵變電所"},"geometry":{"type":"Point","coordinates":[121.560623,24.9896673]}},{"type":"Feature","properties":{"label":"變電所","group":"重大環境設施","radius":500,"name":"東興變電所"},"geometry":{"type":"Point","coordinates":[121.6111219,25.0529052]}},{"type":"Feature","properties":{"label":"變電所","group":"重大環境設施","radius":500,"name":"安康變電所"},"geometry":{"type":"Point","coordinates":[121.4971031,24.9535448]}},{"type":"Feature","properties":{"label":"變電所","group":"重大環境設施","radius":500,"name":"德儀變電所"},"geometry":{"type":"Point","coordinates":[121.5079872,24.9888894]}},{"type":"Feature","properties":{"label":"加油站","group":"重大環境設施","radius":500,"name":"全國加油站"},"geometry":{"type":"Point","coordinates":[121.3281046,24.9659804]}},{"type":"Feature","properties":{"label":"加油站","group":"重大環境設施","radius":500,"name":"台灣中油"},"geometry":{"type":"Point","coordinates":[121.3334938,24.9641199]}},{"type":"Feature","properties":{"label":"加油站","group":"重大環境設施","radius":500,"name":"台灣中油重陽路站"},"geometry":{"type":"Point","coordinates":[121.4926741,25.0719063]}},{"type":"Feature","properties":{"label":"變電所","group":"重大環境設施","radius":500,"name":"淡興變電所"},"geometry":{"type":"Point","coordinates":[121.4463779,25.1916584]}},{"type":"Feature","properties":{"label":"變電所","group":"重大環境設施","radius":500,"name":"鐵林變電所"},"geometry":{"type":"Point","coordinates":[121.4289991,24.9995239]}},{"type":"Feature","properties":{"label":"變電所","group":"重大環境設施","radius":500,"name":"OSM 未命名設施"},"geometry":{"type":"Point","coordinates":[121.420408,25.0395615]}},{"type":"Feature","properties":{"label":"變電所","group":"重大環境設施","radius":500,"name":"興雅變電所"},"geometry":{"type":"Point","coordinates":[121.5717447,25.0450724]}},{"type":"Feature","properties":{"label":"公墓／墓園","group":"重大環境設施","radius":500,"name":"基督教安康墓園"},"geometry":{"type":"Point","coordinates":[121.5144374,24.9592917]}},{"type":"Feature","properties":{"label":"加油站","group":"重大環境設施","radius":500,"name":"台灣中油"},"geometry":{"type":"Point","coordinates":[121.5033284,25.0383852]}},{"type":"Feature","properties":{"label":"加油站","group":"重大環境設施","radius":500,"name":"台灣中油"},"geometry":{"type":"Point","coordinates":[121.6548867,25.0690459]}},{"type":"Feature","properties":{"label":"加油站","group":"重大環境設施","radius":500,"name":"台灣中油"},"geometry":{"type":"Point","coordinates":[121.5505362,25.0627185]}},{"type":"Feature","properties":{"label":"公墓／墓園","group":"重大環境設施","radius":500,"name":"OSM 未命名設施"},"geometry":{"type":"Point","coordinates":[121.5298803,24.9560585]}},{"type":"Feature","properties":{"label":"變電所","group":"重大環境設施","radius":500,"name":"茄苳變電所"},"geometry":{"type":"Point","coordinates":[121.670317,25.0694431]}},{"type":"Feature","properties":{"label":"加油站","group":"重大環境設施","radius":500,"name":"台灣中油"},"geometry":{"type":"Point","coordinates":[121.6529022,25.0616281]}},{"type":"Feature","properties":{"label":"變電所","group":"重大環境設施","radius":500,"name":"農安變電所"},"geometry":{"type":"Point","coordinates":[121.5231211,25.0651218]}},{"type":"Feature","properties":{"label":"變電所","group":"重大環境設施","radius":500,"name":"士林變電所"},"geometry":{"type":"Point","coordinates":[121.5284172,25.0912605]}},{"type":"Feature","properties":{"label":"加油站","group":"重大環境設施","radius":500,"name":"台灣中油"},"geometry":{"type":"Point","coordinates":[121.5539654,25.0007975]}},{"type":"Feature","properties":{"label":"加油站","group":"重大環境設施","radius":500,"name":"泰新加油站"},"geometry":{"type":"Point","coordinates":[121.438501,25.0513279]}},{"type":"Feature","properties":{"label":"加油站","group":"重大環境設施","radius":500,"name":"台灣中油"},"geometry":{"type":"Point","coordinates":[121.4406296,25.0332665]}},{"type":"Feature","properties":{"label":"加油站","group":"重大環境設施","radius":500,"name":"台灣中油"},"geometry":{"type":"Point","coordinates":[121.4559908,24.9960006]}},{"type":"Feature","properties":{"label":"加油站","group":"重大環境設施","radius":500,"name":"民生東路加油站"},"geometry":{"type":"Point","coordinates":[121.5637521,25.0596995]}},{"type":"Feature","properties":{"label":"公墓／墓園","group":"重大環境設施","radius":500,"name":"中和第六公墓"},"geometry":{"type":"Point","coordinates":[121.4790636,25.00299]}},{"type":"Feature","properties":{"label":"加油站","group":"重大環境設施","radius":500,"name":"山隆華中站"},"geometry":{"type":"Point","coordinates":[121.4986507,25.0219259]}},{"type":"Feature","properties":{"label":"廢棄物／轉運設施","group":"重大環境設施","radius":1000,"name":"回收場"},"geometry":{"type":"Point","coordinates":[121.5169428,25.1022837]}},{"type":"Feature","properties":{"label":"變電所","group":"重大環境設施","radius":500,"name":"中正變電所"},"geometry":{"type":"Point","coordinates":[121.5241495,25.030933]}},{"type":"Feature","properties":{"label":"變電所","group":"重大環境設施","radius":500,"name":"中和加壓站（中水）變電所"},"geometry":{"type":"Point","coordinates":[121.5204823,24.9887869]}},{"type":"Feature","properties":{"label":"變電所","group":"重大環境設施","radius":500,"name":"社子變電所"},"geometry":{"type":"Point","coordinates":[121.4998168,25.0938096]}},{"type":"Feature","properties":{"label":"變電所","group":"重大環境設施","radius":500,"name":"沙崙一次配電變電所"},"geometry":{"type":"Point","coordinates":[121.4290628,25.194513]}},{"type":"Feature","properties":{"label":"變電所","group":"重大環境設施","radius":500,"name":"OSM 未命名設施"},"geometry":{"type":"Point","coordinates":[121.4290515,25.1945159]}},{"type":"Feature","properties":{"label":"油氣／大型儲槽","group":"重大環境設施","radius":500,"name":"OSM 未命名設施"},"geometry":{"type":"Point","coordinates":[121.5477656,25.0648159]}},{"type":"Feature","properties":{"label":"油氣／大型儲槽","group":"重大環境設施","radius":500,"name":"OSM 未命名設施"},"geometry":{"type":"Point","coordinates":[121.5477529,25.0649306]}},{"type":"Feature","properties":{"label":"油氣／大型儲槽","group":"重大環境設施","radius":500,"name":"OSM 未命名設施"},"geometry":{"type":"Point","coordinates":[121.5476541,25.0647889]}},{"type":"Feature","properties":{"label":"油氣／大型儲槽","group":"重大環境設施","radius":500,"name":"OSM 未命名設施"},"geometry":{"type":"Point","coordinates":[121.5476026,25.0649089]}},{"type":"Feature","properties":{"label":"變電所","group":"重大環境設施","radius":500,"name":"海洋所配電站"},"geometry":{"type":"Point","coordinates":[121.5370167,25.0214777]}},{"type":"Feature","properties":{"label":"加油站","group":"重大環境設施","radius":500,"name":"中油建國北路站"},"geometry":{"type":"Point","coordinates":[121.5365737,25.0653362]}},{"type":"Feature","properties":{"label":"變電所","group":"重大環境設施","radius":500,"name":"七張變電所"},"geometry":{"type":"Point","coordinates":[121.547687,24.9769189]}},{"type":"Feature","properties":{"label":"變電所","group":"重大環境設施","radius":500,"name":"OSM 未命名設施"},"geometry":{"type":"Point","coordinates":[121.327095,24.9666687]}},{"type":"Feature","properties":{"label":"變電所","group":"重大環境設施","radius":500,"name":"青年變電所"},"geometry":{"type":"Point","coordinates":[121.5094974,25.023499]}},{"type":"Feature","properties":{"label":"公墓／墓園","group":"重大環境設施","radius":500,"name":"OSM 未命名設施"},"geometry":{"type":"Point","coordinates":[121.5640318,24.992509]}},{"type":"Feature","properties":{"label":"油氣／大型儲槽","group":"重大環境設施","radius":500,"name":"汙泥濃縮槽"},"geometry":{"type":"Point","coordinates":[121.4076269,25.1595652]}},{"type":"Feature","properties":{"label":"油氣／大型儲槽","group":"重大環境設施","radius":500,"name":"汙泥濃縮槽"},"geometry":{"type":"Point","coordinates":[121.4078099,25.1593821]}},{"type":"Feature","properties":{"label":"油氣／大型儲槽","group":"重大環境設施","radius":500,"name":"汙泥濃縮槽"},"geometry":{"type":"Point","coordinates":[121.4072999,25.1589847]}},{"type":"Feature","properties":{"label":"油氣／大型儲槽","group":"重大環境設施","radius":500,"name":"汙泥濃縮槽"},"geometry":{"type":"Point","coordinates":[121.4071195,25.1591706]}},{"type":"Feature","properties":{"label":"油氣／大型儲槽","group":"重大環境設施","radius":500,"name":"汙泥消化槽"},"geometry":{"type":"Point","coordinates":[121.4062626,25.15782]}},{"type":"Feature","properties":{"label":"油氣／大型儲槽","group":"重大環境設施","radius":500,"name":"汙泥消化槽"},"geometry":{"type":"Point","coordinates":[121.4059251,25.1581804]}},{"type":"Feature","properties":{"label":"油氣／大型儲槽","group":"重大環境設施","radius":500,"name":"汙泥消化槽"},"geometry":{"type":"Point","coordinates":[121.406187,25.1584037]}},{"type":"Feature","properties":{"label":"油氣／大型儲槽","group":"重大環境設施","radius":500,"name":"汙泥消化槽"},"geometry":{"type":"Point","coordinates":[121.4064597,25.1586226]}},{"type":"Feature","properties":{"label":"油氣／大型儲槽","group":"重大環境設施","radius":500,"name":"汙泥消化槽"},"geometry":{"type":"Point","coordinates":[121.4068087,25.1582488]}},{"type":"Feature","properties":{"label":"油氣／大型儲槽","group":"重大環境設施","radius":500,"name":"汙泥消化槽"},"geometry":{"type":"Point","coordinates":[121.4065465,25.1580263]}},{"type":"Feature","properties":{"label":"油氣／大型儲槽","group":"重大環境設施","radius":500,"name":"汙泥貯槽"},"geometry":{"type":"Point","coordinates":[121.4081399,25.1595155]}},{"type":"Feature","properties":{"label":"油氣／大型儲槽","group":"重大環境設施","radius":500,"name":"汙泥貯槽"},"geometry":{"type":"Point","coordinates":[121.4079483,25.1597205]}},{"type":"Feature","properties":{"label":"加油站","group":"重大環境設施","radius":500,"name":"全國加油站"},"geometry":{"type":"Point","coordinates":[121.4603296,25.0447121]}},{"type":"Feature","properties":{"label":"加油站","group":"重大環境設施","radius":500,"name":"OSM 未命名設施"},"geometry":{"type":"Point","coordinates":[121.4650869,25.0446745]}},{"type":"Feature","properties":{"label":"加油站","group":"重大環境設施","radius":500,"name":"台灣中油"},"geometry":{"type":"Point","coordinates":[121.5582058,25.0494319]}},{"type":"Feature","properties":{"label":"加油站","group":"重大環境設施","radius":500,"name":"台灣中油"},"geometry":{"type":"Point","coordinates":[121.4929475,25.0615434]}},{"type":"Feature","properties":{"label":"油氣／大型儲槽","group":"重大環境設施","radius":500,"name":"OSM 未命名設施"},"geometry":{"type":"Point","coordinates":[121.5515042,25.0065354]}},{"type":"Feature","properties":{"label":"油氣／大型儲槽","group":"重大環境設施","radius":500,"name":"OSM 未命名設施"},"geometry":{"type":"Point","coordinates":[121.553044,25.0041192]}},{"type":"Feature","properties":{"label":"加油站","group":"重大環境設施","radius":500,"name":"台灣中油 - 蘆洲站"},"geometry":{"type":"Point","coordinates":[121.4732959,25.0852073]}},{"type":"Feature","properties":{"label":"加油站","group":"重大環境設施","radius":500,"name":"台灣中油"},"geometry":{"type":"Point","coordinates":[121.4455379,25.1686746]}},{"type":"Feature","properties":{"label":"變電所","group":"重大環境設施","radius":500,"name":"永和變電所"},"geometry":{"type":"Point","coordinates":[121.5231491,25.0101938]}},{"type":"Feature","properties":{"label":"加油站","group":"重大環境設施","radius":500,"name":"中油直營樹林站"},"geometry":{"type":"Point","coordinates":[121.4302853,24.9993805]}},{"type":"Feature","properties":{"label":"公墓／墓園","group":"重大環境設施","radius":500,"name":"陳濟棠將軍墓園遺址"},"geometry":{"type":"Point","coordinates":[121.5059504,25.1307075]}},{"type":"Feature","properties":{"label":"加油站","group":"重大環境設施","radius":500,"name":"台塑石油"},"geometry":{"type":"Point","coordinates":[121.472097,25.0166375]}},{"type":"Feature","properties":{"label":"公墓／墓園","group":"重大環境設施","radius":500,"name":"OSM 未命名設施"},"geometry":{"type":"Point","coordinates":[121.4336067,24.9581935]}},{"type":"Feature","properties":{"label":"變電所","group":"重大環境設施","radius":500,"name":"大豐變電所"},"geometry":{"type":"Point","coordinates":[121.5380488,24.982267]}},{"type":"Feature","properties":{"label":"加油站","group":"重大環境設施","radius":500,"name":"臺灣中油永和加油站"},"geometry":{"type":"Point","coordinates":[121.5116651,25.0036136]}},{"type":"Feature","properties":{"label":"油氣／大型儲槽","group":"重大環境設施","radius":500,"name":"OSM 未命名設施"},"geometry":{"type":"Point","coordinates":[121.5180487,25.0420731]}},{"type":"Feature","properties":{"label":"油氣／大型儲槽","group":"重大環境設施","radius":500,"name":"OSM 未命名設施"},"geometry":{"type":"Point","coordinates":[121.5180916,25.0420636]}},{"type":"Feature","properties":{"label":"變電所","group":"重大環境設施","radius":500,"name":"萬華變電所"},"geometry":{"type":"Point","coordinates":[121.4943908,25.0321356]}},{"type":"Feature","properties":{"label":"油氣／大型儲槽","group":"重大環境設施","radius":500,"name":"OSM 未命名設施"},"geometry":{"type":"Point","coordinates":[121.5701526,24.9935739]}},{"type":"Feature","properties":{"label":"加油站","group":"重大環境設施","radius":500,"name":"全國加油站"},"geometry":{"type":"Point","coordinates":[121.4601264,25.140513]}},{"type":"Feature","properties":{"label":"變電所","group":"重大環境設施","radius":500,"name":"大同一次變電所"},"geometry":{"type":"Point","coordinates":[121.5132708,25.0787368]}},{"type":"Feature","properties":{"label":"加油站","group":"重大環境設施","radius":500,"name":"台灣中油"},"geometry":{"type":"Point","coordinates":[121.6345069,25.0690634]}},{"type":"Feature","properties":{"label":"加油站","group":"重大環境設施","radius":500,"name":"台亞石油(環河路站)"},"geometry":{"type":"Point","coordinates":[121.4705915,25.0433872]}},{"type":"Feature","properties":{"label":"變電所","group":"重大環境設施","radius":500,"name":"古亭變電所"},"geometry":{"type":"Point","coordinates":[121.5192226,25.0281632]}},{"type":"Feature","properties":{"label":"變電所","group":"重大環境設施","radius":500,"name":"三張變電所"},"geometry":{"type":"Point","coordinates":[121.5571111,25.0303866]}},{"type":"Feature","properties":{"label":"變電所","group":"重大環境設施","radius":500,"name":"虎林變電所"},"geometry":{"type":"Point","coordinates":[121.5742671,25.032652]}},{"type":"Feature","properties":{"label":"變電所","group":"重大環境設施","radius":500,"name":"大安一次變電所"},"geometry":{"type":"Point","coordinates":[121.5448257,25.039598]}},{"type":"Feature","properties":{"label":"變電所","group":"重大環境設施","radius":500,"name":"成都變電所"},"geometry":{"type":"Point","coordinates":[121.5013889,25.0435732]}},{"type":"Feature","properties":{"label":"變電所","group":"重大環境設施","radius":500,"name":"中山變電所"},"geometry":{"type":"Point","coordinates":[121.5267994,25.0587461]}},{"type":"Feature","properties":{"label":"變電所","group":"重大環境設施","radius":500,"name":"樹高變電所"},"geometry":{"type":"Point","coordinates":[121.4324809,25.004395]}},{"type":"Feature","properties":{"label":"變電所","group":"重大環境設施","radius":500,"name":"中和變電所"},"geometry":{"type":"Point","coordinates":[121.5052915,25.0002962]}},{"type":"Feature","properties":{"label":"變電所","group":"重大環境設施","radius":500,"name":"鶯捷變電所"},"geometry":{"type":"Point","coordinates":[121.3399581,24.9586021]}},{"type":"Feature","properties":{"label":"變電所","group":"重大環境設施","radius":500,"name":"高鐵汐止變電所"},"geometry":{"type":"Point","coordinates":[121.621133,25.0539376]}},{"type":"Feature","properties":{"label":"變電所","group":"重大環境設施","radius":500,"name":"土城變電所"},"geometry":{"type":"Point","coordinates":[121.4303304,24.9644301]}},{"type":"Feature","properties":{"label":"變電所","group":"重大環境設施","radius":500,"name":"遠信變電所暨多目標新建工程"},"geometry":{"type":"Point","coordinates":[121.4548693,24.9972269]}},{"type":"Feature","properties":{"label":"變電所","group":"重大環境設施","radius":500,"name":"樹安變電所"},"geometry":{"type":"Point","coordinates":[121.4221347,24.998312]}},{"type":"Feature","properties":{"label":"變電所","group":"重大環境設施","radius":500,"name":"大同大學變電所"},"geometry":{"type":"Point","coordinates":[121.5211983,25.0657945]}},{"type":"Feature","properties":{"label":"變電所","group":"重大環境設施","radius":500,"name":"華捷變電所"},"geometry":{"type":"Point","coordinates":[121.5198081,25.0497114]}},{"type":"Feature","properties":{"label":"變電所","group":"重大環境設施","radius":500,"name":"迪化污水處理廠（迪水）變電所"},"geometry":{"type":"Point","coordinates":[121.5091989,25.0749104]}},{"type":"Feature","properties":{"label":"廢棄物／轉運設施","group":"重大環境設施","radius":1000,"name":"大家回收場"},"geometry":{"type":"Point","coordinates":[121.5291398,25.0033473]}},{"type":"Feature","properties":{"label":"公墓／墓園","group":"重大環境設施","radius":500,"name":"林口區第二公墓"},"geometry":{"type":"Point","coordinates":[121.3895636,25.0884558]}},{"type":"Feature","properties":{"label":"變電所","group":"重大環境設施","radius":500,"name":"中崙/松捷變電所"},"geometry":{"type":"Point","coordinates":[121.5513451,25.0513425]}},{"type":"Feature","properties":{"label":"變電所","group":"重大環境設施","radius":500,"name":"撫遠變電所"},"geometry":{"type":"Point","coordinates":[121.5694878,25.0539519]}},{"type":"Feature","properties":{"label":"變電所","group":"重大環境設施","radius":500,"name":"青年公園7號高壓變電所"},"geometry":{"type":"Point","coordinates":[121.5059479,25.0243488]}},{"type":"Feature","properties":{"label":"變電所","group":"重大環境設施","radius":500,"name":"宏安變電所"},"geometry":{"type":"Point","coordinates":[121.4360772,25.0500652]}},{"type":"Feature","properties":{"label":"變電所","group":"重大環境設施","radius":500,"name":"自強變電所"},"geometry":{"type":"Point","coordinates":[121.4890695,25.0764835]}},{"type":"Feature","properties":{"label":"加油站","group":"重大環境設施","radius":500,"name":"台灣中油"},"geometry":{"type":"Point","coordinates":[121.494491,25.0068674]}},{"type":"Feature","properties":{"label":"公墓／墓園","group":"重大環境設施","radius":500,"name":"杜月笙墓園"},"geometry":{"type":"Point","coordinates":[121.6628168,25.0616889]}},{"type":"Feature","properties":{"label":"廢棄物／轉運設施","group":"重大環境設施","radius":1000,"name":"OSM 未命名設施"},"geometry":{"type":"Point","coordinates":[121.5552311,24.98999]}},{"type":"Feature","properties":{"label":"油氣／大型儲槽","group":"重大環境設施","radius":500,"name":"OSM 未命名設施"},"geometry":{"type":"Point","coordinates":[121.5616523,24.9932025]}},{"type":"Feature","properties":{"label":"變電所","group":"重大環境設施","radius":500,"name":"國立臺灣師範大學附屬高級中學變電站"},"geometry":{"type":"Point","coordinates":[121.5398665,25.0353772]}},{"type":"Feature","properties":{"label":"變電所","group":"重大環境設施","radius":500,"name":"E51-E53小區配電站"},"geometry":{"type":"Point","coordinates":[121.5437399,25.0208085]}},{"type":"Feature","properties":{"label":"變電所","group":"重大環境設施","radius":500,"name":"M45-M50小區配電站"},"geometry":{"type":"Point","coordinates":[121.5364412,25.0150782]}},{"type":"Feature","properties":{"label":"變電所","group":"重大環境設施","radius":500,"name":"M41-M43小區配電站"},"geometry":{"type":"Point","coordinates":[121.5355158,25.0163393]}},{"type":"Feature","properties":{"label":"變電所","group":"重大環境設施","radius":500,"name":"M23-M26小區配電站"},"geometry":{"type":"Point","coordinates":[121.5342888,25.0165869]}},{"type":"Feature","properties":{"label":"油氣／大型儲槽","group":"重大環境設施","radius":500,"name":"OSM 未命名設施"},"geometry":{"type":"Point","coordinates":[121.5526021,24.9882112]}},{"type":"Feature","properties":{"label":"油氣／大型儲槽","group":"重大環境設施","radius":500,"name":"OSM 未命名設施"},"geometry":{"type":"Point","coordinates":[121.5338957,25.1285064]}},{"type":"Feature","properties":{"label":"油氣／大型儲槽","group":"重大環境設施","radius":500,"name":"OSM 未命名設施"},"geometry":{"type":"Point","coordinates":[121.5445536,25.0995596]}},{"type":"Feature","properties":{"label":"油氣／大型儲槽","group":"重大環境設施","radius":500,"name":"OSM 未命名設施"},"geometry":{"type":"Point","coordinates":[121.5447611,25.0998095]}},{"type":"Feature","properties":{"label":"油氣／大型儲槽","group":"重大環境設施","radius":500,"name":"OSM 未命名設施"},"geometry":{"type":"Point","coordinates":[121.5442631,25.0993802]}},{"type":"Feature","properties":{"label":"加油站","group":"重大環境設施","radius":500,"name":"台灣中油"},"geometry":{"type":"Point","coordinates":[121.3660902,24.9391384]}},{"type":"Feature","properties":{"label":"變電所","group":"重大環境設施","radius":500,"name":"宿舍電所"},"geometry":{"type":"Point","coordinates":[121.3687823,24.9415081]}},{"type":"Feature","properties":{"label":"變電所","group":"重大環境設施","radius":500,"name":"M21-M22小區配電站"},"geometry":{"type":"Point","coordinates":[121.535235,25.016714]}},{"type":"Feature","properties":{"label":"公墓／墓園","group":"重大環境設施","radius":500,"name":"OSM 未命名設施"},"geometry":{"type":"Point","coordinates":[121.5169943,24.9593346]}},{"type":"Feature","properties":{"label":"公墓／墓園","group":"重大環境設施","radius":500,"name":"OSM 未命名設施"},"geometry":{"type":"Point","coordinates":[121.5165868,24.9593066]}},{"type":"Feature","properties":{"label":"公墓／墓園","group":"重大環境設施","radius":500,"name":"OSM 未命名設施"},"geometry":{"type":"Point","coordinates":[121.5157485,24.9607504]}},{"type":"Feature","properties":{"label":"公墓／墓園","group":"重大環境設施","radius":500,"name":"OSM 未命名設施"},"geometry":{"type":"Point","coordinates":[121.516879,24.9600544]}},{"type":"Feature","properties":{"label":"變電所","group":"重大環境設施","radius":500,"name":"OSM 未命名設施"},"geometry":{"type":"Point","coordinates":[121.5313282,25.0118716]}},{"type":"Feature","properties":{"label":"變電所","group":"重大環境設施","radius":500,"name":"OSM 未命名設施"},"geometry":{"type":"Point","coordinates":[121.5334752,25.0634004]}},{"type":"Feature","properties":{"label":"公墓／墓園","group":"重大環境設施","radius":500,"name":"OSM 未命名設施"},"geometry":{"type":"Point","coordinates":[121.4849224,25.1410612]}},{"type":"Feature","properties":{"label":"油氣／大型儲槽","group":"重大環境設施","radius":500,"name":"OSM 未命名設施"},"geometry":{"type":"Point","coordinates":[121.4893282,25.1557512]}},{"type":"Feature","properties":{"label":"油氣／大型儲槽","group":"重大環境設施","radius":500,"name":"OSM 未命名設施"},"geometry":{"type":"Point","coordinates":[121.5469471,24.9912323]}},{"type":"Feature","properties":{"label":"油氣／大型儲槽","group":"重大環境設施","radius":500,"name":"OSM 未命名設施"},"geometry":{"type":"Point","coordinates":[121.5568897,25.016632]}},{"type":"Feature","properties":{"label":"油氣／大型儲槽","group":"重大環境設施","radius":500,"name":"OSM 未命名設施"},"geometry":{"type":"Point","coordinates":[121.5567228,25.0167579]}},{"type":"Feature","properties":{"label":"油氣／大型儲槽","group":"重大環境設施","radius":500,"name":"OSM 未命名設施"},"geometry":{"type":"Point","coordinates":[121.5566786,25.01706]}},{"type":"Feature","properties":{"label":"油氣／大型儲槽","group":"重大環境設施","radius":500,"name":"OSM 未命名設施"},"geometry":{"type":"Point","coordinates":[121.5567765,25.0171952]}},{"type":"Feature","properties":{"label":"污水處理設施","group":"重大環境設施","radius":1000,"name":"秀朗礫間曝氣氧化設施"},"geometry":{"type":"Point","coordinates":[121.5304899,25.0068963]}},{"type":"Feature","properties":{"label":"公墓／墓園","group":"重大環境設施","radius":500,"name":"OSM 未命名設施"},"geometry":{"type":"Point","coordinates":[121.5511193,25.009194]}},{"type":"Feature","properties":{"label":"加油站","group":"重大環境設施","radius":500,"name":"萬大山隆加油站"},"geometry":{"type":"Point","coordinates":[121.5007683,25.0269946]}},{"type":"Feature","properties":{"label":"加油站","group":"重大環境設施","radius":500,"name":"台灣中油"},"geometry":{"type":"Point","coordinates":[121.583383,25.078183]}},{"type":"Feature","properties":{"label":"加油站","group":"重大環境設施","radius":500,"name":"台灣中油"},"geometry":{"type":"Point","coordinates":[121.5443056,25.0491181]}},{"type":"Feature","properties":{"label":"加油站","group":"重大環境設施","radius":500,"name":"台灣中油"},"geometry":{"type":"Point","coordinates":[121.5443444,25.0495709]}},{"type":"Feature","properties":{"label":"加油站","group":"重大環境設施","radius":500,"name":"台灣中油"},"geometry":{"type":"Point","coordinates":[121.4709466,24.9401106]}},{"type":"Feature","properties":{"label":"變電所","group":"重大環境設施","radius":500,"name":"大安超高壓變電所"},"geometry":{"type":"Point","coordinates":[121.5441451,25.0401917]}},{"type":"Feature","properties":{"label":"公墓／墓園","group":"重大環境設施","radius":500,"name":"OSM 未命名設施"},"geometry":{"type":"Point","coordinates":[121.5159474,24.959227]}},{"type":"Feature","properties":{"label":"公墓／墓園","group":"重大環境設施","radius":500,"name":"OSM 未命名設施"},"geometry":{"type":"Point","coordinates":[121.5223865,25.1266824]}},{"type":"Feature","properties":{"label":"公墓／墓園","group":"重大環境設施","radius":500,"name":"中和區第一公墓"},"geometry":{"type":"Point","coordinates":[121.5208927,24.9886459]}},{"type":"Feature","properties":{"label":"公墓／墓園","group":"重大環境設施","radius":500,"name":"新店區第六公墓"},"geometry":{"type":"Point","coordinates":[121.5215099,24.9872419]}},{"type":"Feature","properties":{"label":"變電所","group":"重大環境設施","radius":500,"name":"四平變電所"},"geometry":{"type":"Point","coordinates":[121.535596,25.053621]}},{"type":"Feature","properties":{"label":"公墓／墓園","group":"重大環境設施","radius":500,"name":"景美第十一號公墓"},"geometry":{"type":"Point","coordinates":[121.5474236,25.0064465]}},{"type":"Feature","properties":{"label":"公墓／墓園","group":"重大環境設施","radius":500,"name":"三峽區第二公墓"},"geometry":{"type":"Point","coordinates":[121.3630563,24.9231094]}},{"type":"Feature","properties":{"label":"公墓／墓園","group":"重大環境設施","radius":500,"name":"中和區第五公墓"},"geometry":{"type":"Point","coordinates":[121.4812229,24.9919747]}},{"type":"Feature","properties":{"label":"公墓／墓園","group":"重大環境設施","radius":500,"name":"OSM 未命名設施"},"geometry":{"type":"Point","coordinates":[121.5206513,24.9578846]}},{"type":"Feature","properties":{"label":"變電所","group":"重大環境設施","radius":500,"name":"台北一次變電所"},"geometry":{"type":"Point","coordinates":[121.5417337,24.9990169]}},{"type":"Feature","properties":{"label":"變電所","group":"重大環境設施","radius":500,"name":"臥龍/六張變電所"},"geometry":{"type":"Point","coordinates":[121.5475783,25.0205149]}},{"type":"Feature","properties":{"label":"公墓／墓園","group":"重大環境設施","radius":500,"name":"警政署警察紀念園區"},"geometry":{"type":"Point","coordinates":[121.5952972,25.0865749]}},{"type":"Feature","properties":{"label":"變電所","group":"重大環境設施","radius":500,"name":"新復捷變電所"},"geometry":{"type":"Point","coordinates":[121.5434053,25.0400543]}},{"type":"Feature","properties":{"label":"變電所","group":"重大環境設施","radius":500,"name":"南海變電所"},"geometry":{"type":"Point","coordinates":[121.5166162,25.0331969]}},{"type":"Feature","properties":{"label":"變電所","group":"重大環境設施","radius":500,"name":"信南變電所"},"geometry":{"type":"Point","coordinates":[121.5068413,24.9912844]}},{"type":"Feature","properties":{"label":"變電所","group":"重大環境設施","radius":500,"name":"秀朗變電所"},"geometry":{"type":"Point","coordinates":[121.520977,25.002094]}},{"type":"Feature","properties":{"label":"變電所","group":"重大環境設施","radius":500,"name":"義捷變電所"},"geometry":{"type":"Point","coordinates":[121.5962217,25.0497595]}},{"type":"Feature","properties":{"label":"變電所","group":"重大環境設施","radius":500,"name":"中強捷變電所"},"geometry":{"type":"Point","coordinates":[121.5706761,25.0323349]}},{"type":"Feature","properties":{"label":"變電所","group":"重大環境設施","radius":500,"name":"政大變電所"},"geometry":{"type":"Point","coordinates":[121.5814505,24.9799888]}},{"type":"Feature","properties":{"label":"變電所","group":"重大環境設施","radius":500,"name":"城中一次變電所"},"geometry":{"type":"Point","coordinates":[121.5106246,25.040524]}},{"type":"Feature","properties":{"label":"變電所","group":"重大環境設施","radius":500,"name":"板城變電所"},"geometry":{"type":"Point","coordinates":[121.4442628,24.9821339]}},{"type":"Feature","properties":{"label":"變電所","group":"重大環境設施","radius":500,"name":"景星變電所"},"geometry":{"type":"Point","coordinates":[121.45941,25.0013641]}},{"type":"Feature","properties":{"label":"變電所","group":"重大環境設施","radius":500,"name":"板捷變電所"},"geometry":{"type":"Point","coordinates":[121.4647757,25.0154398]}},{"type":"Feature","properties":{"label":"變電所","group":"重大環境設施","radius":500,"name":"華陰變電所"},"geometry":{"type":"Point","coordinates":[121.5201723,25.0488185]}},{"type":"Feature","properties":{"label":"變電所","group":"重大環境設施","radius":500,"name":"建成變電所"},"geometry":{"type":"Point","coordinates":[121.517161,25.0562804]}},{"type":"Feature","properties":{"label":"變電所","group":"重大環境設施","radius":500,"name":"龍峒變電所"},"geometry":{"type":"Point","coordinates":[121.5116336,25.0728953]}},{"type":"Feature","properties":{"label":"變電所","group":"重大環境設施","radius":500,"name":"松江變電所"},"geometry":{"type":"Point","coordinates":[121.5285937,25.0711137]}},{"type":"Feature","properties":{"label":"變電所","group":"重大環境設施","radius":500,"name":"長春變電所"},"geometry":{"type":"Point","coordinates":[121.5437345,25.0548469]}},{"type":"Feature","properties":{"label":"變電所","group":"重大環境設施","radius":500,"name":"民生變電所"},"geometry":{"type":"Point","coordinates":[121.5612219,25.056876]}},{"type":"Feature","properties":{"label":"變電所","group":"重大環境設施","radius":500,"name":"松山一次變電所"},"geometry":{"type":"Point","coordinates":[121.5695877,25.0531689]}},{"type":"Feature","properties":{"label":"變電所","group":"重大環境設施","radius":500,"name":"敦化變電所"},"geometry":{"type":"Point","coordinates":[121.5474591,25.0535251]}},{"type":"Feature","properties":{"label":"變電所","group":"重大環境設施","radius":500,"name":"復捷變電所"},"geometry":{"type":"Point","coordinates":[121.5432711,25.0400075]}},{"type":"Feature","properties":{"label":"變電所","group":"重大環境設施","radius":500,"name":"重新變電所"},"geometry":{"type":"Point","coordinates":[121.4920585,25.057863]}},{"type":"Feature","properties":{"label":"變電所","group":"重大環境設施","radius":500,"name":"舊總圖書館配電站"},"geometry":{"type":"Point","coordinates":[121.5349498,25.0179053]}},{"type":"Feature","properties":{"label":"變電所","group":"重大環境設施","radius":500,"name":"S47-S51小區配電站"},"geometry":{"type":"Point","coordinates":[121.5393814,25.0133756]}},{"type":"Feature","properties":{"label":"變電所","group":"重大環境設施","radius":500,"name":"管理學院教學館配電站"},"geometry":{"type":"Point","coordinates":[121.5386793,25.0128391]}},{"type":"Feature","properties":{"label":"變電所","group":"重大環境設施","radius":500,"name":"S41-S46小區配電站"},"geometry":{"type":"Point","coordinates":[121.5394239,25.0152712]}},{"type":"Feature","properties":{"label":"變電所","group":"重大環境設施","radius":500,"name":"石牌變電所"},"geometry":{"type":"Point","coordinates":[121.5202024,25.123418]}},{"type":"Feature","properties":{"label":"變電所","group":"重大環境設施","radius":500,"name":"天母變電所"},"geometry":{"type":"Point","coordinates":[121.527148,25.1256553]}},{"type":"Feature","properties":{"label":"變電所","group":"重大環境設施","radius":500,"name":"舊游泳池配電站"},"geometry":{"type":"Point","coordinates":[121.5368642,25.020277]}},{"type":"Feature","properties":{"label":"公墓／墓園","group":"重大環境設施","radius":500,"name":"OSM 未命名設施"},"geometry":{"type":"Point","coordinates":[121.480762,25.1400369]}},{"type":"Feature","properties":{"label":"工業區／工廠","group":"重大環境設施","radius":1000,"name":"丹尼蛋糕-後場廚房"},"geometry":{"type":"Point","coordinates":[121.4261569,25.0229562]}},{"type":"Feature","properties":{"label":"工業區／工廠","group":"重大環境設施","radius":1000,"name":"成功抽水站"},"geometry":{"type":"Point","coordinates":[121.5961349,25.0586788]}},{"type":"Feature","properties":{"label":"工業區／工廠","group":"重大環境設施","radius":1000,"name":"OSM 未命名設施"},"geometry":{"type":"Point","coordinates":[121.6020266,25.0573192]}},{"type":"Feature","properties":{"label":"工業區／工廠","group":"重大環境設施","radius":1000,"name":"OSM 未命名設施"},"geometry":{"type":"Point","coordinates":[121.6066817,25.058915]}},{"type":"Feature","properties":{"label":"工業區／工廠","group":"重大環境設施","radius":1000,"name":"OSM 未命名設施"},"geometry":{"type":"Point","coordinates":[121.6275381,25.0656794]}},{"type":"Feature","properties":{"label":"工業區／工廠","group":"重大環境設施","radius":1000,"name":"OSM 未命名設施"},"geometry":{"type":"Point","coordinates":[121.6246853,25.0591792]}},{"type":"Feature","properties":{"label":"工業區／工廠","group":"重大環境設施","radius":1000,"name":"OSM 未命名設施"},"geometry":{"type":"Point","coordinates":[121.6277489,25.0598535]}},{"type":"Feature","properties":{"label":"工業區／工廠","group":"重大環境設施","radius":1000,"name":"OSM 未命名設施"},"geometry":{"type":"Point","coordinates":[121.6370598,25.0710924]}},{"type":"Feature","properties":{"label":"工業區／工廠","group":"重大環境設施","radius":1000,"name":"OSM 未命名設施"},"geometry":{"type":"Point","coordinates":[121.4454942,25.0167049]}},{"type":"Feature","properties":{"label":"工業區／工廠","group":"重大環境設施","radius":1000,"name":"OSM 未命名設施"},"geometry":{"type":"Point","coordinates":[121.4472844,25.0165625]}},{"type":"Feature","properties":{"label":"工業區／工廠","group":"重大環境設施","radius":1000,"name":"太古可口可樂"},"geometry":{"type":"Point","coordinates":[121.3255142,24.9797079]}},{"type":"Feature","properties":{"label":"工業區／工廠","group":"重大環境設施","radius":1000,"name":"欣興電子山鶯廠"},"geometry":{"type":"Point","coordinates":[121.3307119,24.9825119]}},{"type":"Feature","properties":{"label":"工業區／工廠","group":"重大環境設施","radius":1000,"name":"南僑化工"},"geometry":{"type":"Point","coordinates":[121.3250686,24.9836145]}},{"type":"Feature","properties":{"label":"工業區／工廠","group":"重大環境設施","radius":1000,"name":"上展金屬"},"geometry":{"type":"Point","coordinates":[121.3261996,24.9820653]}},{"type":"Feature","properties":{"label":"工業區／工廠","group":"重大環境設施","radius":1000,"name":"宏匯瑞光廣場"},"geometry":{"type":"Point","coordinates":[121.5748937,25.0773983]}},{"type":"Feature","properties":{"label":"工業區／工廠","group":"重大環境設施","radius":1000,"name":"德州儀器"},"geometry":{"type":"Point","coordinates":[121.5084795,24.9884341]}},{"type":"Feature","properties":{"label":"棕地／疑似廢棄工業地","group":"重大環境設施","radius":1000,"name":"OSM 未命名設施"},"geometry":{"type":"Point","coordinates":[121.5339274,24.9552651]}},{"type":"Feature","properties":{"label":"工業區／工廠","group":"重大環境設施","radius":1000,"name":"新店垃圾焚化廠"},"geometry":{"type":"Point","coordinates":[121.4973601,24.9582245]}},{"type":"Feature","properties":{"label":"工業區／工廠","group":"重大環境設施","radius":1000,"name":"樹林產業園區"},"geometry":{"type":"Point","coordinates":[121.4194158,25.0020273]}},{"type":"Feature","properties":{"label":"工業區／工廠","group":"重大環境設施","radius":1000,"name":"大同科技園區"},"geometry":{"type":"Point","coordinates":[121.423304,24.9861486]}},{"type":"Feature","properties":{"label":"工業區／工廠","group":"重大環境設施","radius":1000,"name":"慈濟內湖園區"},"geometry":{"type":"Point","coordinates":[121.6052396,25.0840764]}},{"type":"Feature","properties":{"label":"工業區／工廠","group":"重大環境設施","radius":1000,"name":"台灣菸酒公司北部營業處"},"geometry":{"type":"Point","coordinates":[121.4223986,24.9866774]}},{"type":"Feature","properties":{"label":"工業區／工廠","group":"重大環境設施","radius":1000,"name":"OSM 未命名設施"},"geometry":{"type":"Point","coordinates":[121.4252227,24.9843202]}},{"type":"Feature","properties":{"label":"工業區／工廠","group":"重大環境設施","radius":1000,"name":"電光"},"geometry":{"type":"Point","coordinates":[121.4075303,24.9788175]}},{"type":"Feature","properties":{"label":"工業區／工廠","group":"重大環境設施","radius":1000,"name":"中華電信總公司"},"geometry":{"type":"Point","coordinates":[121.5238497,25.0370082]}},{"type":"Feature","properties":{"label":"棕地／疑似廢棄工業地","group":"重大環境設施","radius":1000,"name":"OSM 未命名設施"},"geometry":{"type":"Point","coordinates":[121.5423267,24.9783271]}},{"type":"Feature","properties":{"label":"棕地／疑似廢棄工業地","group":"重大環境設施","radius":1000,"name":"銀新未來城預定地"},"geometry":{"type":"Point","coordinates":[121.4944146,25.0825705]}},{"type":"Feature","properties":{"label":"工業區／工廠","group":"重大環境設施","radius":1000,"name":"OSM 未命名設施"},"geometry":{"type":"Point","coordinates":[121.4195552,24.9848722]}},{"type":"Feature","properties":{"label":"工業區／工廠","group":"重大環境設施","radius":1000,"name":"OSM 未命名設施"},"geometry":{"type":"Point","coordinates":[121.4177873,24.9741963]}},{"type":"Feature","properties":{"label":"工業區／工廠","group":"重大環境設施","radius":1000,"name":"OSM 未命名設施"},"geometry":{"type":"Point","coordinates":[121.4138639,24.9747116]}},{"type":"Feature","properties":{"label":"工業區／工廠","group":"重大環境設施","radius":1000,"name":"OSM 未命名設施"},"geometry":{"type":"Point","coordinates":[121.4155552,24.9722473]}},{"type":"Feature","properties":{"label":"工業區／工廠","group":"重大環境設施","radius":1000,"name":"OSM 未命名設施"},"geometry":{"type":"Point","coordinates":[121.4139282,24.9785728]}},{"type":"Feature","properties":{"label":"工業區／工廠","group":"重大環境設施","radius":1000,"name":"台電綜合研究所(樹林院區)"},"geometry":{"type":"Point","coordinates":[121.4221175,24.9998853]}},{"type":"Feature","properties":{"label":"工業區／工廠","group":"重大環境設施","radius":1000,"name":"OSM 未命名設施"},"geometry":{"type":"Point","coordinates":[121.4180951,24.9989986]}},{"type":"Feature","properties":{"label":"工業區／工廠","group":"重大環境設施","radius":1000,"name":"OSM 未命名設施"},"geometry":{"type":"Point","coordinates":[121.4155813,24.9982365]}},{"type":"Feature","properties":{"label":"工業區／工廠","group":"重大環境設施","radius":1000,"name":"OSM 未命名設施"},"geometry":{"type":"Point","coordinates":[121.4121464,24.9811746]}},{"type":"Feature","properties":{"label":"棕地／疑似廢棄工業地","group":"重大環境設施","radius":1000,"name":"OSM 未命名設施"},"geometry":{"type":"Point","coordinates":[121.5267893,24.9844845]}},{"type":"Feature","properties":{"label":"工業區／工廠","group":"重大環境設施","radius":1000,"name":"OSM 未命名設施"},"geometry":{"type":"Point","coordinates":[121.4239411,24.9999172]}},{"type":"Feature","properties":{"label":"工業區／工廠","group":"重大環境設施","radius":1000,"name":"OSM 未命名設施"},"geometry":{"type":"Point","coordinates":[121.4231685,25.0023911]}},{"type":"Feature","properties":{"label":"工業區／工廠","group":"重大環境設施","radius":1000,"name":"OSM 未命名設施"},"geometry":{"type":"Point","coordinates":[121.4259585,25.0021251]}},{"type":"Feature","properties":{"label":"工業區／工廠","group":"重大環境設施","radius":1000,"name":"OSM 未命名設施"},"geometry":{"type":"Point","coordinates":[121.4296131,24.998668]}},{"type":"Feature","properties":{"label":"工業區／工廠","group":"重大環境設施","radius":1000,"name":"OSM 未命名設施"},"geometry":{"type":"Point","coordinates":[121.4279748,25.0008303]}},{"type":"Feature","properties":{"label":"工業區／工廠","group":"重大環境設施","radius":1000,"name":"OSM 未命名設施"},"geometry":{"type":"Point","coordinates":[121.4293151,25.0048098]}},{"type":"Feature","properties":{"label":"工業區／工廠","group":"重大環境設施","radius":1000,"name":"OSM 未命名設施"},"geometry":{"type":"Point","coordinates":[121.4303398,24.9997574]}},{"type":"Feature","properties":{"label":"工業區／工廠","group":"重大環境設施","radius":1000,"name":"中華電信新北營運處"},"geometry":{"type":"Point","coordinates":[121.5195914,25.0089892]}},{"type":"Feature","properties":{"label":"工業區／工廠","group":"重大環境設施","radius":1000,"name":"OSM 未命名設施"},"geometry":{"type":"Point","coordinates":[121.4121718,24.9842535]}},{"type":"Feature","properties":{"label":"工業區／工廠","group":"重大環境設施","radius":1000,"name":"OSM 未命名設施"},"geometry":{"type":"Point","coordinates":[121.4118922,24.9851981]}},{"type":"Feature","properties":{"label":"工業區／工廠","group":"重大環境設施","radius":1000,"name":"OSM 未命名設施"},"geometry":{"type":"Point","coordinates":[121.4285471,25.0059228]}},{"type":"Feature","properties":{"label":"工業區／工廠","group":"重大環境設施","radius":1000,"name":"OSM 未命名設施"},"geometry":{"type":"Point","coordinates":[121.4283365,25.0077933]}},{"type":"Feature","properties":{"label":"工業區／工廠","group":"重大環境設施","radius":1000,"name":"和泰汽車(TOYOTA)"},"geometry":{"type":"Point","coordinates":[121.4585242,25.0401073]}},{"type":"Feature","properties":{"label":"工業區／工廠","group":"重大環境設施","radius":1000,"name":"OSM 未命名設施"},"geometry":{"type":"Point","coordinates":[121.3853732,24.9455775]}},{"type":"Feature","properties":{"label":"工業區／工廠","group":"重大環境設施","radius":1000,"name":"OSM 未命名設施"},"geometry":{"type":"Point","coordinates":[121.3859983,24.9471706]}},{"type":"Feature","properties":{"label":"工業區／工廠","group":"重大環境設施","radius":1000,"name":"OSM 未命名設施"},"geometry":{"type":"Point","coordinates":[121.3874693,24.9486944]}},{"type":"Feature","properties":{"label":"工業區／工廠","group":"重大環境設施","radius":1000,"name":"OSM 未命名設施"},"geometry":{"type":"Point","coordinates":[121.3875632,24.9510802]}},{"type":"Feature","properties":{"label":"工業區／工廠","group":"重大環境設施","radius":1000,"name":"OSM 未命名設施"},"geometry":{"type":"Point","coordinates":[121.3891134,24.9501755]}},{"type":"Feature","properties":{"label":"工業區／工廠","group":"重大環境設施","radius":1000,"name":"OSM 未命名設施"},"geometry":{"type":"Point","coordinates":[121.390484,24.9486385]}},{"type":"Feature","properties":{"label":"工業區／工廠","group":"重大環境設施","radius":1000,"name":"OSM 未命名設施"},"geometry":{"type":"Point","coordinates":[121.3917796,24.9473593]}},{"type":"Feature","properties":{"label":"工業區／工廠","group":"重大環境設施","radius":1000,"name":"OSM 未命名設施"},"geometry":{"type":"Point","coordinates":[121.3934586,24.9478968]}},{"type":"Feature","properties":{"label":"工業區／工廠","group":"重大環境設施","radius":1000,"name":"OSM 未命名設施"},"geometry":{"type":"Point","coordinates":[121.3953899,24.9485753]}},{"type":"Feature","properties":{"label":"工業區／工廠","group":"重大環境設施","radius":1000,"name":"OSM 未命名設施"},"geometry":{"type":"Point","coordinates":[121.3977612,24.9496117]}},{"type":"Feature","properties":{"label":"工業區／工廠","group":"重大環境設施","radius":1000,"name":"OSM 未命名設施"},"geometry":{"type":"Point","coordinates":[121.3964941,24.948931]}},{"type":"Feature","properties":{"label":"工業區／工廠","group":"重大環境設施","radius":1000,"name":"OSM 未命名設施"},"geometry":{"type":"Point","coordinates":[121.3983441,24.9474203]}},{"type":"Feature","properties":{"label":"工業區／工廠","group":"重大環境設施","radius":1000,"name":"OSM 未命名設施"},"geometry":{"type":"Point","coordinates":[121.4012101,24.9486954]}},{"type":"Feature","properties":{"label":"工業區／工廠","group":"重大環境設施","radius":1000,"name":"OSM 未命名設施"},"geometry":{"type":"Point","coordinates":[121.4059693,24.9533969]}},{"type":"Feature","properties":{"label":"工業區／工廠","group":"重大環境設施","radius":1000,"name":"OSM 未命名設施"},"geometry":{"type":"Point","coordinates":[121.4043759,24.9559779]}},{"type":"Feature","properties":{"label":"工業區／工廠","group":"重大環境設施","radius":1000,"name":"OSM 未命名設施"},"geometry":{"type":"Point","coordinates":[121.409037,24.9562188]}},{"type":"Feature","properties":{"label":"工業區／工廠","group":"重大環境設施","radius":1000,"name":"OSM 未命名設施"},"geometry":{"type":"Point","coordinates":[121.4084146,24.9586993]}},{"type":"Feature","properties":{"label":"工業區／工廠","group":"重大環境設施","radius":1000,"name":"OSM 未命名設施"},"geometry":{"type":"Point","coordinates":[121.4043566,24.9582566]}},{"type":"Feature","properties":{"label":"工業區／工廠","group":"重大環境設施","radius":1000,"name":"OSM 未命名設施"},"geometry":{"type":"Point","coordinates":[121.4017239,24.9587179]}},{"type":"Feature","properties":{"label":"工業區／工廠","group":"重大環境設施","radius":1000,"name":"OSM 未命名設施"},"geometry":{"type":"Point","coordinates":[121.406429,24.9611802]}},{"type":"Feature","properties":{"label":"工業區／工廠","group":"重大環境設施","radius":1000,"name":"OSM 未命名設施"},"geometry":{"type":"Point","coordinates":[121.408827,24.9612853]}},{"type":"Feature","properties":{"label":"工業區／工廠","group":"重大環境設施","radius":1000,"name":"OSM 未命名設施"},"geometry":{"type":"Point","coordinates":[121.4076498,24.9627155]}},{"type":"Feature","properties":{"label":"工業區／工廠","group":"重大環境設施","radius":1000,"name":"OSM 未命名設施"},"geometry":{"type":"Point","coordinates":[121.4047609,24.9627797]}},{"type":"Feature","properties":{"label":"工業區／工廠","group":"重大環境設施","radius":1000,"name":"OSM 未命名設施"},"geometry":{"type":"Point","coordinates":[121.4030935,24.9618155]}},{"type":"Feature","properties":{"label":"工業區／工廠","group":"重大環境設施","radius":1000,"name":"OSM 未命名設施"},"geometry":{"type":"Point","coordinates":[121.4038573,24.963539]}},{"type":"Feature","properties":{"label":"工業區／工廠","group":"重大環境設施","radius":1000,"name":"OSM 未命名設施"},"geometry":{"type":"Point","coordinates":[121.402451,24.9622027]}},{"type":"Feature","properties":{"label":"工業區／工廠","group":"重大環境設施","radius":1000,"name":"OSM 未命名設施"},"geometry":{"type":"Point","coordinates":[121.4026997,24.9633699]}},{"type":"Feature","properties":{"label":"工業區／工廠","group":"重大環境設施","radius":1000,"name":"OSM 未命名設施"},"geometry":{"type":"Point","coordinates":[121.399965,24.9631545]}},{"type":"Feature","properties":{"label":"工業區／工廠","group":"重大環境設施","radius":1000,"name":"OSM 未命名設施"},"geometry":{"type":"Point","coordinates":[121.3946054,24.9637759]}},{"type":"Feature","properties":{"label":"工業區／工廠","group":"重大環境設施","radius":1000,"name":"OSM 未命名設施"},"geometry":{"type":"Point","coordinates":[121.3950096,24.960838]}},{"type":"Feature","properties":{"label":"工業區／工廠","group":"重大環境設施","radius":1000,"name":"OSM 未命名設施"},"geometry":{"type":"Point","coordinates":[121.3984423,24.9613433]}},{"type":"Feature","properties":{"label":"工業區／工廠","group":"重大環境設施","radius":1000,"name":"OSM 未命名設施"},"geometry":{"type":"Point","coordinates":[121.3983484,24.9601771]}},{"type":"Feature","properties":{"label":"工業區／工廠","group":"重大環境設施","radius":1000,"name":"財順集團"},"geometry":{"type":"Point","coordinates":[121.4003584,24.9599948]}},{"type":"Feature","properties":{"label":"工業區／工廠","group":"重大環境設施","radius":1000,"name":"OSM 未命名設施"},"geometry":{"type":"Point","coordinates":[121.3976808,24.9575318]}},{"type":"Feature","properties":{"label":"工業區／工廠","group":"重大環境設施","radius":1000,"name":"OSM 未命名設施"},"geometry":{"type":"Point","coordinates":[121.3995851,24.9564498]}},{"type":"Feature","properties":{"label":"工業區／工廠","group":"重大環境設施","radius":1000,"name":"OSM 未命名設施"},"geometry":{"type":"Point","coordinates":[121.3960269,24.958104]}},{"type":"Feature","properties":{"label":"工業區／工廠","group":"重大環境設施","radius":1000,"name":"OSM 未命名設施"},"geometry":{"type":"Point","coordinates":[121.3917675,24.9568268]}},{"type":"Feature","properties":{"label":"工業區／工廠","group":"重大環境設施","radius":1000,"name":"OSM 未命名設施"},"geometry":{"type":"Point","coordinates":[121.3926373,24.960033]}},{"type":"Feature","properties":{"label":"工業區／工廠","group":"重大環境設施","radius":1000,"name":"OSM 未命名設施"},"geometry":{"type":"Point","coordinates":[121.39102,24.958176]}},{"type":"Feature","properties":{"label":"工業區／工廠","group":"重大環境設施","radius":1000,"name":"OSM 未命名設施"},"geometry":{"type":"Point","coordinates":[121.3986897,24.9546727]}},{"type":"Feature","properties":{"label":"工業區／工廠","group":"重大環境設施","radius":1000,"name":"OSM 未命名設施"},"geometry":{"type":"Point","coordinates":[121.4009889,24.9539625]}},{"type":"Feature","properties":{"label":"工業區／工廠","group":"重大環境設施","radius":1000,"name":"OSM 未命名設施"},"geometry":{"type":"Point","coordinates":[121.4026573,24.9520763]}},{"type":"Feature","properties":{"label":"工業區／工廠","group":"重大環境設施","radius":1000,"name":"OSM 未命名設施"},"geometry":{"type":"Point","coordinates":[121.3965836,24.9531535]}},{"type":"Feature","properties":{"label":"工業區／工廠","group":"重大環境設施","radius":1000,"name":"OSM 未命名設施"},"geometry":{"type":"Point","coordinates":[121.3983214,24.9520521]}},{"type":"Feature","properties":{"label":"工業區／工廠","group":"重大環境設施","radius":1000,"name":"OSM 未命名設施"},"geometry":{"type":"Point","coordinates":[121.3957816,24.9548344]}},{"type":"Feature","properties":{"label":"工業區／工廠","group":"重大環境設施","radius":1000,"name":"OSM 未命名設施"},"geometry":{"type":"Point","coordinates":[121.3963548,24.9556781]}},{"type":"Feature","properties":{"label":"工業區／工廠","group":"重大環境設施","radius":1000,"name":"OSM 未命名設施"},"geometry":{"type":"Point","coordinates":[121.3944419,24.9559446]}},{"type":"Feature","properties":{"label":"工業區／工廠","group":"重大環境設施","radius":1000,"name":"OSM 未命名設施"},"geometry":{"type":"Point","coordinates":[121.3917242,24.9524715]}},{"type":"Feature","properties":{"label":"工業區／工廠","group":"重大環境設施","radius":1000,"name":"OSM 未命名設施"},"geometry":{"type":"Point","coordinates":[121.3889799,24.9533816]}},{"type":"Feature","properties":{"label":"工業區／工廠","group":"重大環境設施","radius":1000,"name":"OSM 未命名設施"},"geometry":{"type":"Point","coordinates":[121.3907411,24.952498]}},{"type":"Feature","properties":{"label":"工業區／工廠","group":"重大環境設施","radius":1000,"name":"OSM 未命名設施"},"geometry":{"type":"Point","coordinates":[121.3910582,24.9558868]}},{"type":"Feature","properties":{"label":"工業區／工廠","group":"重大環境設施","radius":1000,"name":"OSM 未命名設施"},"geometry":{"type":"Point","coordinates":[121.3982113,24.9455204]}},{"type":"Feature","properties":{"label":"工業區／工廠","group":"重大環境設施","radius":1000,"name":"OSM 未命名設施"},"geometry":{"type":"Point","coordinates":[121.3976974,24.9464749]}},{"type":"Feature","properties":{"label":"工業區／工廠","group":"重大環境設施","radius":1000,"name":"OSM 未命名設施"},"geometry":{"type":"Point","coordinates":[121.4775001,25.0472152]}},{"type":"Feature","properties":{"label":"工業區／工廠","group":"重大環境設施","radius":1000,"name":"OSM 未命名設施"},"geometry":{"type":"Point","coordinates":[121.3906514,24.9620843]}},{"type":"Feature","properties":{"label":"工業區／工廠","group":"重大環境設施","radius":1000,"name":"OSM 未命名設施"},"geometry":{"type":"Point","coordinates":[121.38915,24.9598627]}},{"type":"Feature","properties":{"label":"工業區／工廠","group":"重大環境設施","radius":1000,"name":"OSM 未命名設施"},"geometry":{"type":"Point","coordinates":[121.3859458,24.960017]}},{"type":"Feature","properties":{"label":"工業區／工廠","group":"重大環境設施","radius":1000,"name":"OSM 未命名設施"},"geometry":{"type":"Point","coordinates":[121.3869098,24.9579429]}},{"type":"Feature","properties":{"label":"工業區／工廠","group":"重大環境設施","radius":1000,"name":"OSM 未命名設施"},"geometry":{"type":"Point","coordinates":[121.3852204,24.9555742]}},{"type":"Feature","properties":{"label":"工業區／工廠","group":"重大環境設施","radius":1000,"name":"OSM 未命名設施"},"geometry":{"type":"Point","coordinates":[121.3839485,24.9573305]}},{"type":"Feature","properties":{"label":"工業區／工廠","group":"重大環境設施","radius":1000,"name":"OSM 未命名設施"},"geometry":{"type":"Point","coordinates":[121.3863674,24.9533429]}},{"type":"Feature","properties":{"label":"工業區／工廠","group":"重大環境設施","radius":1000,"name":"OSM 未命名設施"},"geometry":{"type":"Point","coordinates":[121.3807595,24.9573243]}},{"type":"Feature","properties":{"label":"工業區／工廠","group":"重大環境設施","radius":1000,"name":"OSM 未命名設施"},"geometry":{"type":"Point","coordinates":[121.3803068,24.9564029]}},{"type":"Feature","properties":{"label":"工業區／工廠","group":"重大環境設施","radius":1000,"name":"OSM 未命名設施"},"geometry":{"type":"Point","coordinates":[121.381195,24.9533163]}},{"type":"Feature","properties":{"label":"工業區／工廠","group":"重大環境設施","radius":1000,"name":"OSM 未命名設施"},"geometry":{"type":"Point","coordinates":[121.3788866,24.9553516]}},{"type":"Feature","properties":{"label":"工業區／工廠","group":"重大環境設施","radius":1000,"name":"OSM 未命名設施"},"geometry":{"type":"Point","coordinates":[121.3766846,24.9530745]}},{"type":"Feature","properties":{"label":"工業區／工廠","group":"重大環境設施","radius":1000,"name":"OSM 未命名設施"},"geometry":{"type":"Point","coordinates":[121.3750555,24.9530173]}},{"type":"Feature","properties":{"label":"工業區／工廠","group":"重大環境設施","radius":1000,"name":"OSM 未命名設施"},"geometry":{"type":"Point","coordinates":[121.3743516,24.9513459]}},{"type":"Feature","properties":{"label":"工業區／工廠","group":"重大環境設施","radius":1000,"name":"OSM 未命名設施"},"geometry":{"type":"Point","coordinates":[121.3700373,24.9498044]}},{"type":"Feature","properties":{"label":"工業區／工廠","group":"重大環境設施","radius":1000,"name":"OSM 未命名設施"},"geometry":{"type":"Point","coordinates":[121.3694847,24.9505704]}},{"type":"Feature","properties":{"label":"工業區／工廠","group":"重大環境設施","radius":1000,"name":"OSM 未命名設施"},"geometry":{"type":"Point","coordinates":[121.3725146,24.9524021]}},{"type":"Feature","properties":{"label":"工業區／工廠","group":"重大環境設施","radius":1000,"name":"OSM 未命名設施"},"geometry":{"type":"Point","coordinates":[121.3725038,24.9516158]}},{"type":"Feature","properties":{"label":"工業區／工廠","group":"重大環境設施","radius":1000,"name":"OSM 未命名設施"},"geometry":{"type":"Point","coordinates":[121.4101333,24.9822657]}},{"type":"Feature","properties":{"label":"工業區／工廠","group":"重大環境設施","radius":1000,"name":"OSM 未命名設施"},"geometry":{"type":"Point","coordinates":[121.3797544,24.9525704]}},{"type":"Feature","properties":{"label":"工業區／工廠","group":"重大環境設施","radius":1000,"name":"新莊北側知識產業園區"},"geometry":{"type":"Point","coordinates":[121.4580814,25.0625652]}},{"type":"Feature","properties":{"label":"工業區／工廠","group":"重大環境設施","radius":1000,"name":"OSM 未命名設施"},"geometry":{"type":"Point","coordinates":[121.4616274,25.04143]}},{"type":"Feature","properties":{"label":"工業區／工廠","group":"重大環境設施","radius":1000,"name":"鴻海頂埔廠"},"geometry":{"type":"Point","coordinates":[121.4189334,24.9583978]}},{"type":"Feature","properties":{"label":"工業區／工廠","group":"重大環境設施","radius":1000,"name":"OSM 未命名設施"},"geometry":{"type":"Point","coordinates":[121.4282372,24.9981292]}},{"type":"Feature","properties":{"label":"工業區／工廠","group":"重大環境設施","radius":1000,"name":"OSM 未命名設施"},"geometry":{"type":"Point","coordinates":[121.4293807,25.0004115]}},{"type":"Feature","properties":{"label":"工業區／工廠","group":"重大環境設施","radius":1000,"name":"OSM 未命名設施"},"geometry":{"type":"Point","coordinates":[121.4314233,25.0037231]}},{"type":"Feature","properties":{"label":"工業區／工廠","group":"重大環境設施","radius":1000,"name":"OSM 未命名設施"},"geometry":{"type":"Point","coordinates":[121.4267813,25.0058734]}},{"type":"Feature","properties":{"label":"工業區／工廠","group":"重大環境設施","radius":1000,"name":"大都會客運麟光站"},"geometry":{"type":"Point","coordinates":[121.5607452,25.0153498]}},{"type":"Feature","properties":{"label":"工業區／工廠","group":"重大環境設施","radius":1000,"name":"OSM 未命名設施"},"geometry":{"type":"Point","coordinates":[121.4247322,24.9792844]}},{"type":"Feature","properties":{"label":"工業區／工廠","group":"重大環境設施","radius":1000,"name":"OSM 未命名設施"},"geometry":{"type":"Point","coordinates":[121.4205195,24.9772736]}},{"type":"Feature","properties":{"label":"工業區／工廠","group":"重大環境設施","radius":1000,"name":"OSM 未命名設施"},"geometry":{"type":"Point","coordinates":[121.4227508,24.9766112]}},{"type":"Feature","properties":{"label":"工業區／工廠","group":"重大環境設施","radius":1000,"name":"OSM 未命名設施"},"geometry":{"type":"Point","coordinates":[121.4308807,24.9947173]}},{"type":"Feature","properties":{"label":"工業區／工廠","group":"重大環境設施","radius":1000,"name":"OSM 未命名設施"},"geometry":{"type":"Point","coordinates":[121.4347053,24.9934226]}},{"type":"Feature","properties":{"label":"工業區／工廠","group":"重大環境設施","radius":1000,"name":"OSM 未命名設施"},"geometry":{"type":"Point","coordinates":[121.431267,24.9843282]}},{"type":"Feature","properties":{"label":"工業區／工廠","group":"重大環境設施","radius":1000,"name":"OSM 未命名設施"},"geometry":{"type":"Point","coordinates":[121.4292143,24.9822662]}},{"type":"Feature","properties":{"label":"工業區／工廠","group":"重大環境設施","radius":1000,"name":"OSM 未命名設施"},"geometry":{"type":"Point","coordinates":[121.4338337,24.9981129]}},{"type":"Feature","properties":{"label":"工業區／工廠","group":"重大環境設施","radius":1000,"name":"土城產業園區"},"geometry":{"type":"Point","coordinates":[121.4226887,24.965964]}},{"type":"Feature","properties":{"label":"工業區／工廠","group":"重大環境設施","radius":1000,"name":"國產實業土城廠"},"geometry":{"type":"Point","coordinates":[121.43686,24.9694466]}},{"type":"Feature","properties":{"label":"工業區／工廠","group":"重大環境設施","radius":1000,"name":"OSM 未命名設施"},"geometry":{"type":"Point","coordinates":[121.4354788,24.9680211]}},{"type":"Feature","properties":{"label":"工業區／工廠","group":"重大環境設施","radius":1000,"name":"紡織產業綜合研究所"},"geometry":{"type":"Point","coordinates":[121.4365001,24.9647872]}},{"type":"Feature","properties":{"label":"工業區／工廠","group":"重大環境設施","radius":1000,"name":"OSM 未命名設施"},"geometry":{"type":"Point","coordinates":[121.4371074,24.9633368]}},{"type":"Feature","properties":{"label":"工業區／工廠","group":"重大環境設施","radius":1000,"name":"OSM 未命名設施"},"geometry":{"type":"Point","coordinates":[121.4344421,24.9619765]}},{"type":"Feature","properties":{"label":"工業區／工廠","group":"重大環境設施","radius":1000,"name":"OSM 未命名設施"},"geometry":{"type":"Point","coordinates":[121.4316316,24.9659696]}},{"type":"Feature","properties":{"label":"工業區／工廠","group":"重大環境設施","radius":1000,"name":"OSM 未命名設施"},"geometry":{"type":"Point","coordinates":[121.4226562,24.9968194]}},{"type":"Feature","properties":{"label":"工業區／工廠","group":"重大環境設施","radius":1000,"name":"OSM 未命名設施"},"geometry":{"type":"Point","coordinates":[121.4300942,24.9663027]}},{"type":"Feature","properties":{"label":"工業區／工廠","group":"重大環境設施","radius":1000,"name":"OSM 未命名設施"},"geometry":{"type":"Point","coordinates":[121.4279499,24.9644232]}},{"type":"Feature","properties":{"label":"工業區／工廠","group":"重大環境設施","radius":1000,"name":"OSM 未命名設施"},"geometry":{"type":"Point","coordinates":[121.4270885,24.9607807]}},{"type":"Feature","properties":{"label":"工業區／工廠","group":"重大環境設施","radius":1000,"name":"OSM 未命名設施"},"geometry":{"type":"Point","coordinates":[121.4278451,24.9629649]}},{"type":"Feature","properties":{"label":"工業區／工廠","group":"重大環境設施","radius":1000,"name":"OSM 未命名設施"},"geometry":{"type":"Point","coordinates":[121.4237594,24.9614549]}},{"type":"Feature","properties":{"label":"工業區／工廠","group":"重大環境設施","radius":1000,"name":"嵿埔之星科技廣場"},"geometry":{"type":"Point","coordinates":[121.4210125,24.9597415]}},{"type":"Feature","properties":{"label":"工業區／工廠","group":"重大環境設施","radius":1000,"name":"OSM 未命名設施"},"geometry":{"type":"Point","coordinates":[121.4224162,24.9585422]}},{"type":"Feature","properties":{"label":"工業區／工廠","group":"重大環境設施","radius":1000,"name":"臺北市區監理所士林監理站"},"geometry":{"type":"Point","coordinates":[121.513255,25.0947843]}},{"type":"Feature","properties":{"label":"工業區／工廠","group":"重大環境設施","radius":1000,"name":"OSM 未命名設施"},"geometry":{"type":"Point","coordinates":[121.4233802,24.9565018]}},{"type":"Feature","properties":{"label":"工業區／工廠","group":"重大環境設施","radius":1000,"name":"OSM 未命名設施"},"geometry":{"type":"Point","coordinates":[121.4131063,24.9587739]}},{"type":"Feature","properties":{"label":"工業區／工廠","group":"重大環境設施","radius":1000,"name":"北投士林科技園區"},"geometry":{"type":"Point","coordinates":[121.5059442,25.0996472]}},{"type":"Feature","properties":{"label":"工業區／工廠","group":"重大環境設施","radius":1000,"name":"OSM 未命名設施"},"geometry":{"type":"Point","coordinates":[121.4253026,24.959726]}},{"type":"Feature","properties":{"label":"棕地／疑似廢棄工業地","group":"重大環境設施","radius":1000,"name":"OSM 未命名設施"},"geometry":{"type":"Point","coordinates":[121.4412734,25.1700934]}},{"type":"Feature","properties":{"label":"棕地／疑似廢棄工業地","group":"重大環境設施","radius":1000,"name":"臺泥台北廠 (舊)"},"geometry":{"type":"Point","coordinates":[121.568314,25.0485736]}},{"type":"Feature","properties":{"label":"工業區／工廠","group":"重大環境設施","radius":1000,"name":"僑泰興麵粉廠"},"geometry":{"type":"Point","coordinates":[121.6097731,25.0542335]}},{"type":"Feature","properties":{"label":"工業區／工廠","group":"重大環境設施","radius":1000,"name":"安泰登峰"},"geometry":{"type":"Point","coordinates":[121.4597572,25.1569601]}},{"type":"Feature","properties":{"label":"工業區／工廠","group":"重大環境設施","radius":1000,"name":"OSM 未命名設施"},"geometry":{"type":"Point","coordinates":[121.3637049,24.9586085]}},{"type":"Feature","properties":{"label":"工業區／工廠","group":"重大環境設施","radius":1000,"name":"OSM 未命名設施"},"geometry":{"type":"Point","coordinates":[121.3591139,24.9562442]}},{"type":"Feature","properties":{"label":"工業區／工廠","group":"重大環境設施","radius":1000,"name":"OSM 未命名設施"},"geometry":{"type":"Point","coordinates":[121.3555596,24.9580835]}},{"type":"Feature","properties":{"label":"工業區／工廠","group":"重大環境設施","radius":1000,"name":"神達"},"geometry":{"type":"Point","coordinates":[121.6113332,25.0545418]}},{"type":"Feature","properties":{"label":"工業區／工廠","group":"重大環境設施","radius":1000,"name":"長榮貨櫃汐止集散場"},"geometry":{"type":"Point","coordinates":[121.6739701,25.0711714]}},{"type":"Feature","properties":{"label":"工業區／工廠","group":"重大環境設施","radius":1000,"name":"東亞貨櫃汐止集散場"},"geometry":{"type":"Point","coordinates":[121.6772201,25.0688903]}},{"type":"Feature","properties":{"label":"工業區／工廠","group":"重大環境設施","radius":1000,"name":"中國砂輪"},"geometry":{"type":"Point","coordinates":[121.3518372,24.9581868]}},{"type":"Feature","properties":{"label":"工業區／工廠","group":"重大環境設施","radius":1000,"name":"OSM 未命名設施"},"geometry":{"type":"Point","coordinates":[121.3480154,24.9577015]}},{"type":"Feature","properties":{"label":"工業區／工廠","group":"重大環境設施","radius":1000,"name":"內湖垃圾焚化廠"},"geometry":{"type":"Point","coordinates":[121.6056342,25.0626067]}},{"type":"Feature","properties":{"label":"棕地／疑似廢棄工業地","group":"重大環境設施","radius":1000,"name":"OSM 未命名設施"},"geometry":{"type":"Point","coordinates":[121.5337926,25.0377286]}},{"type":"Feature","properties":{"label":"工業區／工廠","group":"重大環境設施","radius":1000,"name":"北投士林科技園區"},"geometry":{"type":"Point","coordinates":[121.515056,25.1003885]}},{"type":"Feature","properties":{"label":"棕地／疑似廢棄工業地","group":"重大環境設施","radius":1000,"name":"Bistro 98 原址"},"geometry":{"type":"Point","coordinates":[121.5463048,25.0412469]}},{"type":"Feature","properties":{"label":"工業區／工廠","group":"重大環境設施","radius":1000,"name":"OSM 未命名設施"},"geometry":{"type":"Point","coordinates":[121.3407836,24.953562]}},{"type":"Feature","properties":{"label":"工業區／工廠","group":"重大環境設施","radius":1000,"name":"OSM 未命名設施"},"geometry":{"type":"Point","coordinates":[121.3395361,24.9540177]}},{"type":"Feature","properties":{"label":"棕地／疑似廢棄工業地","group":"重大環境設施","radius":1000,"name":"OSM 未命名設施"},"geometry":{"type":"Point","coordinates":[121.5401269,25.0540095]}},{"type":"Feature","properties":{"label":"棕地／疑似廢棄工業地","group":"重大環境設施","radius":1000,"name":"大同土城板橋廠開發案"},"geometry":{"type":"Point","coordinates":[121.4459159,24.9824472]}},{"type":"Feature","properties":{"label":"工業區／工廠","group":"重大環境設施","radius":1000,"name":"台灣松下電器"},"geometry":{"type":"Point","coordinates":[121.4782017,25.0078977]}},{"type":"Feature","properties":{"label":"工業區／工廠","group":"重大環境設施","radius":1000,"name":"正隆板橋廠"},"geometry":{"type":"Point","coordinates":[121.476541,25.009752]}},{"type":"Feature","properties":{"label":"棕地／疑似廢棄工業地","group":"重大環境設施","radius":1000,"name":"OSM 未命名設施"},"geometry":{"type":"Point","coordinates":[121.533194,24.9939161]}},{"type":"Feature","properties":{"label":"棕地／疑似廢棄工業地","group":"重大環境設施","radius":1000,"name":"新北市永翠水岸綠能重劃區AB區"},"geometry":{"type":"Point","coordinates":[121.4506585,25.02105]}},{"type":"Feature","properties":{"label":"工業區／工廠","group":"重大環境設施","radius":1000,"name":"大台北瓦斯儲氣槽"},"geometry":{"type":"Point","coordinates":[121.587445,25.0739994]}},{"type":"Feature","properties":{"label":"棕地／疑似廢棄工業地","group":"重大環境設施","radius":1000,"name":"OSM 未命名設施"},"geometry":{"type":"Point","coordinates":[121.535061,25.0250551]}},{"type":"Feature","properties":{"label":"工業區／工廠","group":"重大環境設施","radius":1000,"name":"祖嘉企業"},"geometry":{"type":"Point","coordinates":[121.392551,24.9620619]}},{"type":"Feature","properties":{"label":"工業區／工廠","group":"重大環境設施","radius":1000,"name":"大智通物流中心"},"geometry":{"type":"Point","coordinates":[121.3899651,24.9604827]}},{"type":"Feature","properties":{"label":"工業區／工廠","group":"重大環境設施","radius":1000,"name":"OSM 未命名設施"},"geometry":{"type":"Point","coordinates":[121.3362011,24.9532114]}},{"type":"Feature","properties":{"label":"工業區／工廠","group":"重大環境設施","radius":1000,"name":"OSM 未命名設施"},"geometry":{"type":"Point","coordinates":[121.339527,24.9528765]}},{"type":"Feature","properties":{"label":"工業區／工廠","group":"重大環境設施","radius":1000,"name":"OSM 未命名設施"},"geometry":{"type":"Point","coordinates":[121.3377311,24.9515017]}},{"type":"Feature","properties":{"label":"棕地／疑似廢棄工業地","group":"重大環境設施","radius":1000,"name":"OSM 未命名設施"},"geometry":{"type":"Point","coordinates":[121.3367375,24.9514341]}},{"type":"Feature","properties":{"label":"工業區／工廠","group":"重大環境設施","radius":1000,"name":"OSM 未命名設施"},"geometry":{"type":"Point","coordinates":[121.3405286,24.9521073]}},{"type":"Feature","properties":{"label":"工業區／工廠","group":"重大環境設施","radius":1000,"name":"OSM 未命名設施"},"geometry":{"type":"Point","coordinates":[121.3391036,24.9511113]}},{"type":"Feature","properties":{"label":"工業區／工廠","group":"重大環境設施","radius":1000,"name":"OSM 未命名設施"},"geometry":{"type":"Point","coordinates":[121.3392614,24.9501731]}},{"type":"Feature","properties":{"label":"工業區／工廠","group":"重大環境設施","radius":1000,"name":"OSM 未命名設施"},"geometry":{"type":"Point","coordinates":[121.3402001,24.9505722]}},{"type":"Feature","properties":{"label":"工業區／工廠","group":"重大環境設施","radius":1000,"name":"OSM 未命名設施"},"geometry":{"type":"Point","coordinates":[121.3397703,24.9491857]}},{"type":"Feature","properties":{"label":"工業區／工廠","group":"重大環境設施","radius":1000,"name":"OSM 未命名設施"},"geometry":{"type":"Point","coordinates":[121.3414171,24.9505868]}},{"type":"Feature","properties":{"label":"工業區／工廠","group":"重大環境設施","radius":1000,"name":"OSM 未命名設施"},"geometry":{"type":"Point","coordinates":[121.3410713,24.9496284]}},{"type":"Feature","properties":{"label":"工業區／工廠","group":"重大環境設施","radius":1000,"name":"OSM 未命名設施"},"geometry":{"type":"Point","coordinates":[121.3580161,24.9556928]}},{"type":"Feature","properties":{"label":"工業區／工廠","group":"重大環境設施","radius":1000,"name":"OSM 未命名設施"},"geometry":{"type":"Point","coordinates":[121.3551982,24.9530701]}},{"type":"Feature","properties":{"label":"工業區／工廠","group":"重大環境設施","radius":1000,"name":"OSM 未命名設施"},"geometry":{"type":"Point","coordinates":[121.4339864,24.9713588]}},{"type":"Feature","properties":{"label":"工業區／工廠","group":"重大環境設施","radius":1000,"name":"OSM 未命名設施"},"geometry":{"type":"Point","coordinates":[121.4336131,24.9721499]}},{"type":"Feature","properties":{"label":"工業區／工廠","group":"重大環境設施","radius":1000,"name":"OSM 未命名設施"},"geometry":{"type":"Point","coordinates":[121.4347199,24.9738665]}},{"type":"Feature","properties":{"label":"工業區／工廠","group":"重大環境設施","radius":1000,"name":"OSM 未命名設施"},"geometry":{"type":"Point","coordinates":[121.4359645,24.9747195]}},{"type":"Feature","properties":{"label":"工業區／工廠","group":"重大環境設施","radius":1000,"name":"OSM 未命名設施"},"geometry":{"type":"Point","coordinates":[121.4365678,24.9730253]}},{"type":"Feature","properties":{"label":"工業區／工廠","group":"重大環境設施","radius":1000,"name":"Hino"},"geometry":{"type":"Point","coordinates":[121.4367394,24.972449]}},{"type":"Feature","properties":{"label":"工業區／工廠","group":"重大環境設施","radius":1000,"name":"OSM 未命名設施"},"geometry":{"type":"Point","coordinates":[121.350535,24.9460659]}},{"type":"Feature","properties":{"label":"工業區／工廠","group":"重大環境設施","radius":1000,"name":"OSM 未命名設施"},"geometry":{"type":"Point","coordinates":[121.3510955,24.9446445]}},{"type":"Feature","properties":{"label":"工業區／工廠","group":"重大環境設施","radius":1000,"name":"OSM 未命名設施"},"geometry":{"type":"Point","coordinates":[121.3491183,24.9439333]}},{"type":"Feature","properties":{"label":"工業區／工廠","group":"重大環境設施","radius":1000,"name":"OSM 未命名設施"},"geometry":{"type":"Point","coordinates":[121.3492111,24.9503993]}},{"type":"Feature","properties":{"label":"工業區／工廠","group":"重大環境設施","radius":1000,"name":"OSM 未命名設施"},"geometry":{"type":"Point","coordinates":[121.3500391,24.9503155]}},{"type":"Feature","properties":{"label":"工業區／工廠","group":"重大環境設施","radius":1000,"name":"OSM 未命名設施"},"geometry":{"type":"Point","coordinates":[121.3507402,24.9494031]}},{"type":"Feature","properties":{"label":"工業區／工廠","group":"重大環境設施","radius":1000,"name":"OSM 未命名設施"},"geometry":{"type":"Point","coordinates":[121.3485086,24.9485573]}},{"type":"Feature","properties":{"label":"工業區／工廠","group":"重大環境設施","radius":1000,"name":"永昌石膏化工"},"geometry":{"type":"Point","coordinates":[121.3460355,24.9479119]}},{"type":"Feature","properties":{"label":"工業區／工廠","group":"重大環境設施","radius":1000,"name":"OSM 未命名設施"},"geometry":{"type":"Point","coordinates":[121.3454987,24.9484644]}},{"type":"Feature","properties":{"label":"工業區／工廠","group":"重大環境設施","radius":1000,"name":"OSM 未命名設施"},"geometry":{"type":"Point","coordinates":[121.3437023,24.9474356]}},{"type":"Feature","properties":{"label":"工業區／工廠","group":"重大環境設施","radius":1000,"name":"OSM 未命名設施"},"geometry":{"type":"Point","coordinates":[121.3424943,24.9467626]}},{"type":"Feature","properties":{"label":"工業區／工廠","group":"重大環境設施","radius":1000,"name":"OSM 未命名設施"},"geometry":{"type":"Point","coordinates":[121.3412245,24.9476027]}},{"type":"Feature","properties":{"label":"工業區／工廠","group":"重大環境設施","radius":1000,"name":"OSM 未命名設施"},"geometry":{"type":"Point","coordinates":[121.3421893,24.9452376]}},{"type":"Feature","properties":{"label":"工業區／工廠","group":"重大環境設施","radius":1000,"name":"OSM 未命名設施"},"geometry":{"type":"Point","coordinates":[121.3412323,24.9443732]}},{"type":"Feature","properties":{"label":"工業區／工廠","group":"重大環境設施","radius":1000,"name":"OSM 未命名設施"},"geometry":{"type":"Point","coordinates":[121.3465706,24.9430117]}},{"type":"Feature","properties":{"label":"工業區／工廠","group":"重大環境設施","radius":1000,"name":"OSM 未命名設施"},"geometry":{"type":"Point","coordinates":[121.3474429,24.9420597]}},{"type":"Feature","properties":{"label":"工業區／工廠","group":"重大環境設施","radius":1000,"name":"OSM 未命名設施"},"geometry":{"type":"Point","coordinates":[121.3465863,24.9390092]}},{"type":"Feature","properties":{"label":"工業區／工廠","group":"重大環境設施","radius":1000,"name":"OSM 未命名設施"},"geometry":{"type":"Point","coordinates":[121.3459585,24.9375894]}},{"type":"Feature","properties":{"label":"工業區／工廠","group":"重大環境設施","radius":1000,"name":"OSM 未命名設施"},"geometry":{"type":"Point","coordinates":[121.3403692,24.9429752]}},{"type":"Feature","properties":{"label":"工業區／工廠","group":"重大環境設施","radius":1000,"name":"OSM 未命名設施"},"geometry":{"type":"Point","coordinates":[121.3381402,24.9387884]}},{"type":"Feature","properties":{"label":"工業區／工廠","group":"重大環境設施","radius":1000,"name":"OSM 未命名設施"},"geometry":{"type":"Point","coordinates":[121.3343539,24.9420994]}},{"type":"Feature","properties":{"label":"工業區／工廠","group":"重大環境設施","radius":1000,"name":"OSM 未命名設施"},"geometry":{"type":"Point","coordinates":[121.3401931,24.9416494]}},{"type":"Feature","properties":{"label":"工業區／工廠","group":"重大環境設施","radius":1000,"name":"OSM 未命名設施"},"geometry":{"type":"Point","coordinates":[121.3399569,24.9377651]}},{"type":"Feature","properties":{"label":"工業區／工廠","group":"重大環境設施","radius":1000,"name":"OSM 未命名設施"},"geometry":{"type":"Point","coordinates":[121.3385128,24.9343604]}},{"type":"Feature","properties":{"label":"工業區／工廠","group":"重大環境設施","radius":1000,"name":"OSM 未命名設施"},"geometry":{"type":"Point","coordinates":[121.3378819,24.9356814]}},{"type":"Feature","properties":{"label":"工業區／工廠","group":"重大環境設施","radius":1000,"name":"OSM 未命名設施"},"geometry":{"type":"Point","coordinates":[121.3334524,24.9381348]}},{"type":"Feature","properties":{"label":"工業區／工廠","group":"重大環境設施","radius":1000,"name":"OSM 未命名設施"},"geometry":{"type":"Point","coordinates":[121.3424573,24.9528163]}},{"type":"Feature","properties":{"label":"工業區／工廠","group":"重大環境設施","radius":1000,"name":"衛福部麻醉藥廠"},"geometry":{"type":"Point","coordinates":[121.3653859,24.9248646]}},{"type":"Feature","properties":{"label":"工業區／工廠","group":"重大環境設施","radius":1000,"name":"遠東中和工業園區"},"geometry":{"type":"Point","coordinates":[121.4887786,25.0039803]}},{"type":"Feature","properties":{"label":"棕地／疑似廢棄工業地","group":"重大環境設施","radius":1000,"name":"大方建設新建工程"},"geometry":{"type":"Point","coordinates":[121.5377619,25.0082326]}},{"type":"Feature","properties":{"label":"工業區／工廠","group":"重大環境設施","radius":1000,"name":"正崴集團頂埔科技大樓"},"geometry":{"type":"Point","coordinates":[121.4222517,24.9608307]}},{"type":"Feature","properties":{"label":"棕地／疑似廢棄工業地","group":"重大環境設施","radius":1000,"name":"華光特一基地 (東門中繼市場預定地)"},"geometry":{"type":"Point","coordinates":[121.5237988,25.0333267]}},{"type":"Feature","properties":{"label":"工業區／工廠","group":"重大環境設施","radius":1000,"name":"台灣三洋電機泰山廠"},"geometry":{"type":"Point","coordinates":[121.424567,25.0306839]}},{"type":"Feature","properties":{"label":"工業區／工廠","group":"重大環境設施","radius":1000,"name":"遠東集團全家福公司"},"geometry":{"type":"Point","coordinates":[121.4340954,25.0697201]}},{"type":"Feature","properties":{"label":"棕地／疑似廢棄工業地","group":"重大環境設施","radius":1000,"name":"媒體園區一期"},"geometry":{"type":"Point","coordinates":[121.3785321,25.0795887]}},{"type":"Feature","properties":{"label":"工業區／工廠","group":"重大環境設施","radius":1000,"name":"MIT 國際科學園區"},"geometry":{"type":"Point","coordinates":[121.4862044,25.0083309]}},{"type":"Feature","properties":{"label":"工業區／工廠","group":"重大環境設施","radius":1000,"name":"OSM 未命名設施"},"geometry":{"type":"Point","coordinates":[121.5492471,25.0209785]}},{"type":"Feature","properties":{"label":"工業區／工廠","group":"重大環境設施","radius":1000,"name":"奇岩抽水站"},"geometry":{"type":"Point","coordinates":[121.5034582,25.1241006]}},{"type":"Feature","properties":{"label":"工業區／工廠","group":"重大環境設施","radius":1000,"name":"大都市科學園區"},"geometry":{"type":"Point","coordinates":[121.469927,25.0730912]}},{"type":"Feature","properties":{"label":"工業區／工廠","group":"重大環境設施","radius":1000,"name":"東華抽水站"},"geometry":{"type":"Point","coordinates":[121.5220269,25.1099177]}},{"type":"Feature","properties":{"label":"工業區／工廠","group":"重大環境設施","radius":1000,"name":"國防部中國電影製片廠"},"geometry":{"type":"Point","coordinates":[121.4877289,25.1392941]}},{"type":"Feature","properties":{"label":"工業區／工廠","group":"重大環境設施","radius":1000,"name":"中央南路工業區"},"geometry":{"type":"Point","coordinates":[121.5004201,25.1237397]}},{"type":"Feature","properties":{"label":"工業區／工廠","group":"重大環境設施","radius":1000,"name":"關渡平原工業區"},"geometry":{"type":"Point","coordinates":[121.4706322,25.1263273]}},{"type":"Feature","properties":{"label":"工業區／工廠","group":"重大環境設施","radius":1000,"name":"社子工業區"},"geometry":{"type":"Point","coordinates":[121.4996998,25.0926107]}},{"type":"Feature","properties":{"label":"工業區／工廠","group":"重大環境設施","radius":1000,"name":"南僑化工"},"geometry":{"type":"Point","coordinates":[121.5100001,25.0710877]}},{"type":"Feature","properties":{"label":"工業區／工廠","group":"重大環境設施","radius":1000,"name":"大同公司"},"geometry":{"type":"Point","coordinates":[121.5207435,25.0651277]}},{"type":"Feature","properties":{"label":"工業區／工廠","group":"重大環境設施","radius":1000,"name":"內湖科技園區"},"geometry":{"type":"Point","coordinates":[121.5728177,25.0760781]}},{"type":"Feature","properties":{"label":"棕地／疑似廢棄工業地","group":"重大環境設施","radius":1000,"name":"OSM 未命名設施"},"geometry":{"type":"Point","coordinates":[121.4747709,25.0589181]}},{"type":"Feature","properties":{"label":"棕地／疑似廢棄工業地","group":"重大環境設施","radius":1000,"name":"OSM 未命名設施"},"geometry":{"type":"Point","coordinates":[121.4750341,25.0481686]}},{"type":"Feature","properties":{"label":"工業區／工廠","group":"重大環境設施","radius":1000,"name":"中化合成生技"},"geometry":{"type":"Point","coordinates":[121.4106648,24.9795887]}},{"type":"Feature","properties":{"label":"工業區／工廠","group":"重大環境設施","radius":1000,"name":"第二散雜貨中心"},"geometry":{"type":"Point","coordinates":[121.3899621,25.1533027]}},{"type":"Feature","properties":{"label":"工業區／工廠","group":"重大環境設施","radius":1000,"name":"臨時油品中心"},"geometry":{"type":"Point","coordinates":[121.3988414,25.157123]}},{"type":"Feature","properties":{"label":"工業區／工廠","group":"重大環境設施","radius":1000,"name":"汽車物流區"},"geometry":{"type":"Point","coordinates":[121.3948733,25.1559931]}},{"type":"Feature","properties":{"label":"工業區／工廠","group":"重大環境設施","radius":1000,"name":"倉儲區"},"geometry":{"type":"Point","coordinates":[121.3983445,25.1600712]}},{"type":"Feature","properties":{"label":"工業區／工廠","group":"重大環境設施","radius":1000,"name":"土石處理場"},"geometry":{"type":"Point","coordinates":[121.4976523,25.1181248]}},{"type":"Feature","properties":{"label":"工業區／工廠","group":"重大環境設施","radius":1000,"name":"OSM 未命名設施"},"geometry":{"type":"Point","coordinates":[121.4985598,25.1194277]}},{"type":"Feature","properties":{"label":"工業區／工廠","group":"重大環境設施","radius":1000,"name":"OSM 未命名設施"},"geometry":{"type":"Point","coordinates":[121.4972878,25.1195431]}},{"type":"Feature","properties":{"label":"工業區／工廠","group":"重大環境設施","radius":1000,"name":"OSM 未命名設施"},"geometry":{"type":"Point","coordinates":[121.4943793,25.1205762]}},{"type":"Feature","properties":{"label":"工業區／工廠","group":"重大環境設施","radius":1000,"name":"台灣科學園區"},"geometry":{"type":"Point","coordinates":[121.6343332,25.0589169]}},{"type":"Feature","properties":{"label":"工業區／工廠","group":"重大環境設施","radius":1000,"name":"康樂抽水站"},"geometry":{"type":"Point","coordinates":[121.6175544,25.0665801]}},{"type":"Feature","properties":{"label":"工業區／工廠","group":"重大環境設施","radius":1000,"name":"龍形加壓站"},"geometry":{"type":"Point","coordinates":[121.4530989,25.1238047]}},{"type":"Feature","properties":{"label":"棕地／疑似廢棄工業地","group":"重大環境設施","radius":1000,"name":"OSM 未命名設施"},"geometry":{"type":"Point","coordinates":[121.530992,25.0333835]}},{"type":"Feature","properties":{"label":"工業區／工廠","group":"重大環境設施","radius":1000,"name":"幸福兄弟企業"},"geometry":{"type":"Point","coordinates":[121.4146917,24.9777171]}},{"type":"Feature","properties":{"label":"工業區／工廠","group":"重大環境設施","radius":1000,"name":"協昇油壓"},"geometry":{"type":"Point","coordinates":[121.4146231,24.9772087]}},{"type":"Feature","properties":{"label":"工業區／工廠","group":"重大環境設施","radius":1000,"name":"永順利塑膠"},"geometry":{"type":"Point","coordinates":[121.4145012,24.9771067]}},{"type":"Feature","properties":{"label":"工業區／工廠","group":"重大環境設施","radius":1000,"name":"呈祥企業"},"geometry":{"type":"Point","coordinates":[121.4150043,24.977068]}},{"type":"Feature","properties":{"label":"工業區／工廠","group":"重大環境設施","radius":1000,"name":"OSM 未命名設施"},"geometry":{"type":"Point","coordinates":[121.4147381,24.9768377]}},{"type":"Feature","properties":{"label":"工業區／工廠","group":"重大環境設施","radius":1000,"name":"東享瓷器"},"geometry":{"type":"Point","coordinates":[121.358174,24.9560174]}},{"type":"Feature","properties":{"label":"工業區／工廠","group":"重大環境設施","radius":1000,"name":"OSM 未命名設施"},"geometry":{"type":"Point","coordinates":[121.3585312,24.9561088]}},{"type":"Feature","properties":{"label":"棕地／疑似廢棄工業地","group":"重大環境設施","radius":1000,"name":"OSM 未命名設施"},"geometry":{"type":"Point","coordinates":[121.5332803,25.0506963]}},{"type":"Feature","properties":{"label":"工業區／工廠","group":"重大環境設施","radius":1000,"name":"中華電信板和營運處"},"geometry":{"type":"Point","coordinates":[121.51294,24.9921672]}},{"type":"Feature","properties":{"label":"工業區／工廠","group":"重大環境設施","radius":1000,"name":"OSM 未命名設施"},"geometry":{"type":"Point","coordinates":[121.3943019,24.9568087]}},{"type":"Feature","properties":{"label":"工業區／工廠","group":"重大環境設施","radius":1000,"name":"OSM 未命名設施"},"geometry":{"type":"Point","coordinates":[121.4434976,25.1032995]}},{"type":"Feature","properties":{"label":"工業區／工廠","group":"重大環境設施","radius":1000,"name":"OSM 未命名設施"},"geometry":{"type":"Point","coordinates":[121.444487,25.1027332]}},{"type":"Feature","properties":{"label":"棕地／疑似廢棄工業地","group":"重大環境設施","radius":1000,"name":"新華開發重慶南路新建工程"},"geometry":{"type":"Point","coordinates":[121.513452,25.0428898]}},{"type":"Feature","properties":{"label":"工業區／工廠","group":"重大環境設施","radius":1000,"name":"南亞塑膠泰山廠"},"geometry":{"type":"Point","coordinates":[121.4183734,25.0371632]}},{"type":"Feature","properties":{"label":"工業區／工廠","group":"重大環境設施","radius":1000,"name":"OSM 未命名設施"},"geometry":{"type":"Point","coordinates":[121.5205201,24.9723849]}},{"type":"Feature","properties":{"label":"工業區／工廠","group":"重大環境設施","radius":1000,"name":"OSM 未命名設施"},"geometry":{"type":"Point","coordinates":[121.5124849,24.9608407]}},{"type":"Feature","properties":{"label":"工業區／工廠","group":"重大環境設施","radius":1000,"name":"通盈通運"},"geometry":{"type":"Point","coordinates":[121.5192234,24.9696724]}},{"type":"Feature","properties":{"label":"工業區／工廠","group":"重大環境設施","radius":1000,"name":"嘉里大榮"},"geometry":{"type":"Point","coordinates":[121.5180776,24.9714143]}},{"type":"Feature","properties":{"label":"工業區／工廠","group":"重大環境設施","radius":1000,"name":"OSM 未命名設施"},"geometry":{"type":"Point","coordinates":[121.4817652,24.9406753]}},{"type":"Feature","properties":{"label":"工業區／工廠","group":"重大環境設施","radius":1000,"name":"OSM 未命名設施"},"geometry":{"type":"Point","coordinates":[121.481834,24.9413348]}},{"type":"Feature","properties":{"label":"工業區／工廠","group":"重大環境設施","radius":1000,"name":"中國焊條"},"geometry":{"type":"Point","coordinates":[121.4816204,24.9468268]}},{"type":"Feature","properties":{"label":"工業區／工廠","group":"重大環境設施","radius":1000,"name":"中央印製廠"},"geometry":{"type":"Point","coordinates":[121.4868166,24.9492848]}},{"type":"Feature","properties":{"label":"工業區／工廠","group":"重大環境設施","radius":1000,"name":"OSM 未命名設施"},"geometry":{"type":"Point","coordinates":[121.4301131,25.0320934]}},{"type":"Feature","properties":{"label":"工業區／工廠","group":"重大環境設施","radius":1000,"name":"OSM 未命名設施"},"geometry":{"type":"Point","coordinates":[121.4289734,25.0330418]}},{"type":"Feature","properties":{"label":"棕地／疑似廢棄工業地","group":"重大環境設施","radius":1000,"name":"OSM 未命名設施"},"geometry":{"type":"Point","coordinates":[121.4233321,25.0299641]}},{"type":"Feature","properties":{"label":"工業區／工廠","group":"重大環境設施","radius":1000,"name":"OSM 未命名設施"},"geometry":{"type":"Point","coordinates":[121.4220019,25.0308261]}},{"type":"Feature","properties":{"label":"工業區／工廠","group":"重大環境設施","radius":1000,"name":"福華電子"},"geometry":{"type":"Point","coordinates":[121.371103,24.9214796]}},{"type":"Feature","properties":{"label":"工業區／工廠","group":"重大環境設施","radius":1000,"name":"自來水用地"},"geometry":{"type":"Point","coordinates":[121.5530045,25.0027058]}},{"type":"Feature","properties":{"label":"工業區／工廠","group":"重大環境設施","radius":1000,"name":"標準檢驗局第六組機械科"},"geometry":{"type":"Point","coordinates":[121.6690347,25.07036]}},{"type":"Feature","properties":{"label":"棕地／疑似廢棄工業地","group":"重大環境設施","radius":1000,"name":"OSM 未命名設施"},"geometry":{"type":"Point","coordinates":[121.5434487,24.9694986]}},{"type":"Feature","properties":{"label":"工業區／工廠","group":"重大環境設施","radius":1000,"name":"群光電子"},"geometry":{"type":"Point","coordinates":[121.4728119,25.0565582]}},{"type":"Feature","properties":{"label":"工業區／工廠","group":"重大環境設施","radius":1000,"name":"民生抽水站"},"geometry":{"type":"Point","coordinates":[121.527194,25.0582315]}},{"type":"Feature","properties":{"label":"工業區／工廠","group":"重大環境設施","radius":1000,"name":"OSM 未命名設施"},"geometry":{"type":"Point","coordinates":[121.4334212,25.0255735]}},{"type":"Feature","properties":{"label":"工業區／工廠","group":"重大環境設施","radius":1000,"name":"OSM 未命名設施"},"geometry":{"type":"Point","coordinates":[121.535261,24.9686971]}},{"type":"Feature","properties":{"label":"棕地／疑似廢棄工業地","group":"重大環境設施","radius":1000,"name":"OSM 未命名設施"},"geometry":{"type":"Point","coordinates":[121.5414698,24.9936737]}},{"type":"Feature","properties":{"label":"棕地／疑似廢棄工業地","group":"重大環境設施","radius":1000,"name":"OSM 未命名設施"},"geometry":{"type":"Point","coordinates":[121.3679411,25.0632]}},{"type":"Feature","properties":{"label":"工業區／工廠","group":"重大環境設施","radius":1000,"name":"OSM 未命名設施"},"geometry":{"type":"Point","coordinates":[121.4190187,24.9744114]}},{"type":"Feature","properties":{"label":"工業區／工廠","group":"重大環境設施","radius":1000,"name":"OSM 未命名設施"},"geometry":{"type":"Point","coordinates":[121.4183752,24.9748213]}},{"type":"Feature","properties":{"label":"工業區／工廠","group":"重大環境設施","radius":1000,"name":"OSM 未命名設施"},"geometry":{"type":"Point","coordinates":[121.4167681,24.974939]}},{"type":"Feature","properties":{"label":"棕地／疑似廢棄工業地","group":"重大環境設施","radius":1000,"name":"江翠北側重劃區G區"},"geometry":{"type":"Point","coordinates":[121.4806823,25.0325782]}},{"type":"Feature","properties":{"label":"棕地／疑似廢棄工業地","group":"重大環境設施","radius":1000,"name":"OSM 未命名設施"},"geometry":{"type":"Point","coordinates":[121.5388228,25.0258098]}},{"type":"Feature","properties":{"label":"工業區／工廠","group":"重大環境設施","radius":1000,"name":"亞力電機"},"geometry":{"type":"Point","coordinates":[121.4342488,25.0052667]}},{"type":"Feature","properties":{"label":"棕地／疑似廢棄工業地","group":"重大環境設施","radius":1000,"name":"OSM 未命名設施"},"geometry":{"type":"Point","coordinates":[121.5459943,25.0547374]}},{"type":"Feature","properties":{"label":"工業區／工廠","group":"重大環境設施","radius":1000,"name":"OSM 未命名設施"},"geometry":{"type":"Point","coordinates":[121.4315354,25.0248561]}},{"type":"Feature","properties":{"label":"棕地／疑似廢棄工業地","group":"重大環境設施","radius":1000,"name":"OSM 未命名設施"},"geometry":{"type":"Point","coordinates":[121.5330067,25.0259737]}},{"type":"Feature","properties":{"label":"工業區／工廠","group":"重大環境設施","radius":1000,"name":"三重客運保安站"},"geometry":{"type":"Point","coordinates":[121.4182544,24.9970614]}},{"type":"Feature","properties":{"label":"棕地／疑似廢棄工業地","group":"重大環境設施","radius":1000,"name":"OSM 未命名設施"},"geometry":{"type":"Point","coordinates":[121.5420757,25.0605302]}},{"type":"Feature","properties":{"label":"棕地／疑似廢棄工業地","group":"重大環境設施","radius":1000,"name":"OSM 未命名設施"},"geometry":{"type":"Point","coordinates":[121.5223924,25.0619246]}},{"type":"Feature","properties":{"label":"工業區／工廠","group":"重大環境設施","radius":1000,"name":"幸孚水泥預拌廠"},"geometry":{"type":"Point","coordinates":[121.4228193,25.0025468]}},{"type":"Feature","properties":{"label":"棕地／疑似廢棄工業地","group":"重大環境設施","radius":1000,"name":"OSM 未命名設施"},"geometry":{"type":"Point","coordinates":[121.5414157,24.9912423]}},{"type":"Feature","properties":{"label":"工業區／工廠","group":"重大環境設施","radius":1000,"name":"大直抽水站"},"geometry":{"type":"Point","coordinates":[121.5471622,25.0776595]}},{"type":"Feature","properties":{"label":"工業區／工廠","group":"重大環境設施","radius":1000,"name":"中油五股油庫"},"geometry":{"type":"Point","coordinates":[121.432316,25.0801287]}},{"type":"Feature","properties":{"label":"工業區／工廠","group":"重大環境設施","radius":1000,"name":"精美科技園區"},"geometry":{"type":"Point","coordinates":[121.4091202,24.976502]}},{"type":"Feature","properties":{"label":"工業區／工廠","group":"重大環境設施","radius":1000,"name":"OSM 未命名設施"},"geometry":{"type":"Point","coordinates":[121.4089049,24.9791905]}},{"type":"Feature","properties":{"label":"工業區／工廠","group":"重大環境設施","radius":1000,"name":"OSM 未命名設施"},"geometry":{"type":"Point","coordinates":[121.4085812,24.9795748]}},{"type":"Feature","properties":{"label":"工業區／工廠","group":"重大環境設施","radius":1000,"name":"OSM 未命名設施"},"geometry":{"type":"Point","coordinates":[121.4091292,24.9788009]}},{"type":"Feature","properties":{"label":"工業區／工廠","group":"重大環境設施","radius":1000,"name":"OSM 未命名設施"},"geometry":{"type":"Point","coordinates":[121.4081145,24.9782746]}},{"type":"Feature","properties":{"label":"工業區／工廠","group":"重大環境設施","radius":1000,"name":"OSM 未命名設施"},"geometry":{"type":"Point","coordinates":[121.4070754,24.9774754]}},{"type":"Feature","properties":{"label":"工業區／工廠","group":"重大環境設施","radius":1000,"name":"OSM 未命名設施"},"geometry":{"type":"Point","coordinates":[121.4074372,24.9772249]}},{"type":"Feature","properties":{"label":"工業區／工廠","group":"重大環境設施","radius":1000,"name":"OSM 未命名設施"},"geometry":{"type":"Point","coordinates":[121.407942,24.9766596]}},{"type":"Feature","properties":{"label":"工業區／工廠","group":"重大環境設施","radius":1000,"name":"OSM 未命名設施"},"geometry":{"type":"Point","coordinates":[121.4076813,24.9758196]}},{"type":"Feature","properties":{"label":"工業區／工廠","group":"重大環境設施","radius":1000,"name":"中國砂輪樹林廠"},"geometry":{"type":"Point","coordinates":[121.4086069,24.9774631]}},{"type":"Feature","properties":{"label":"工業區／工廠","group":"重大環境設施","radius":1000,"name":"喬麥屋企業"},"geometry":{"type":"Point","coordinates":[121.408968,24.9770569]}},{"type":"Feature","properties":{"label":"工業區／工廠","group":"重大環境設施","radius":1000,"name":"OSM 未命名設施"},"geometry":{"type":"Point","coordinates":[121.4080336,24.9775304]}},{"type":"Feature","properties":{"label":"工業區／工廠","group":"重大環境設施","radius":1000,"name":"OSM 未命名設施"},"geometry":{"type":"Point","coordinates":[121.4086526,24.9777477]}},{"type":"Feature","properties":{"label":"工業區／工廠","group":"重大環境設施","radius":1000,"name":"OSM 未命名設施"},"geometry":{"type":"Point","coordinates":[121.4096043,24.9777581]}},{"type":"Feature","properties":{"label":"工業區／工廠","group":"重大環境設施","radius":1000,"name":"OSM 未命名設施"},"geometry":{"type":"Point","coordinates":[121.4106183,24.9781871]}},{"type":"Feature","properties":{"label":"工業區／工廠","group":"重大環境設施","radius":1000,"name":"OSM 未命名設施"},"geometry":{"type":"Point","coordinates":[121.4111696,24.9787223]}},{"type":"Feature","properties":{"label":"工業區／工廠","group":"重大環境設施","radius":1000,"name":"OSM 未命名設施"},"geometry":{"type":"Point","coordinates":[121.4115202,24.9801677]}},{"type":"Feature","properties":{"label":"工業區／工廠","group":"重大環境設施","radius":1000,"name":"精晟興業"},"geometry":{"type":"Point","coordinates":[121.4121106,24.9797611]}},{"type":"Feature","properties":{"label":"工業區／工廠","group":"重大環境設施","radius":1000,"name":"中華電信"},"geometry":{"type":"Point","coordinates":[121.4124041,24.9791464]}},{"type":"Feature","properties":{"label":"工業區／工廠","group":"重大環境設施","radius":1000,"name":"OSM 未命名設施"},"geometry":{"type":"Point","coordinates":[121.4123547,24.9784897]}},{"type":"Feature","properties":{"label":"工業區／工廠","group":"重大環境設施","radius":1000,"name":"OSM 未命名設施"},"geometry":{"type":"Point","coordinates":[121.412087,24.977582]}},{"type":"Feature","properties":{"label":"工業區／工廠","group":"重大環境設施","radius":1000,"name":"OSM 未命名設施"},"geometry":{"type":"Point","coordinates":[121.4129407,24.9780025]}},{"type":"Feature","properties":{"label":"工業區／工廠","group":"重大環境設施","radius":1000,"name":"OSM 未命名設施"},"geometry":{"type":"Point","coordinates":[121.4131478,24.9773763]}},{"type":"Feature","properties":{"label":"工業區／工廠","group":"重大環境設施","radius":1000,"name":"OSM 未命名設施"},"geometry":{"type":"Point","coordinates":[121.41348,24.9769494]}},{"type":"Feature","properties":{"label":"工業區／工廠","group":"重大環境設施","radius":1000,"name":"OSM 未命名設施"},"geometry":{"type":"Point","coordinates":[121.4113861,24.9769538]}},{"type":"Feature","properties":{"label":"工業區／工廠","group":"重大環境設施","radius":1000,"name":"優技電子"},"geometry":{"type":"Point","coordinates":[121.409837,24.9769138]}},{"type":"Feature","properties":{"label":"工業區／工廠","group":"重大環境設施","radius":1000,"name":"OSM 未命名設施"},"geometry":{"type":"Point","coordinates":[121.410595,24.9769921]}},{"type":"Feature","properties":{"label":"工業區／工廠","group":"重大環境設施","radius":1000,"name":"OSM 未命名設施"},"geometry":{"type":"Point","coordinates":[121.411909,24.9763285]}},{"type":"Feature","properties":{"label":"工業區／工廠","group":"重大環境設施","radius":1000,"name":"OSM 未命名設施"},"geometry":{"type":"Point","coordinates":[121.4106877,24.9762293]}},{"type":"Feature","properties":{"label":"工業區／工廠","group":"重大環境設施","radius":1000,"name":"OSM 未命名設施"},"geometry":{"type":"Point","coordinates":[121.4092083,24.9760125]}},{"type":"Feature","properties":{"label":"工業區／工廠","group":"重大環境設施","radius":1000,"name":"OSM 未命名設施"},"geometry":{"type":"Point","coordinates":[121.4084328,24.9761142]}},{"type":"Feature","properties":{"label":"工業區／工廠","group":"重大環境設施","radius":1000,"name":"OSM 未命名設施"},"geometry":{"type":"Point","coordinates":[121.4109983,24.9758345]}},{"type":"Feature","properties":{"label":"工業區／工廠","group":"重大環境設施","radius":1000,"name":"OSM 未命名設施"},"geometry":{"type":"Point","coordinates":[121.4120571,24.9759701]}},{"type":"Feature","properties":{"label":"工業區／工廠","group":"重大環境設施","radius":1000,"name":"金協億環保"},"geometry":{"type":"Point","coordinates":[121.4105613,24.9748416]}},{"type":"Feature","properties":{"label":"工業區／工廠","group":"重大環境設施","radius":1000,"name":"鴻福食品"},"geometry":{"type":"Point","coordinates":[121.4293383,24.9836506]}},{"type":"Feature","properties":{"label":"工業區／工廠","group":"重大環境設施","radius":1000,"name":"柏盈實業"},"geometry":{"type":"Point","coordinates":[121.4299246,24.9837211]}},{"type":"Feature","properties":{"label":"工業區／工廠","group":"重大環境設施","radius":1000,"name":"成易精密"},"geometry":{"type":"Point","coordinates":[121.4301427,24.9834708]}},{"type":"Feature","properties":{"label":"工業區／工廠","group":"重大環境設施","radius":1000,"name":"OSM 未命名設施"},"geometry":{"type":"Point","coordinates":[121.4294268,24.9833323]}},{"type":"Feature","properties":{"label":"工業區／工廠","group":"重大環境設施","radius":1000,"name":"OSM 未命名設施"},"geometry":{"type":"Point","coordinates":[121.6146205,25.0485573]}},{"type":"Feature","properties":{"label":"棕地／疑似廢棄工業地","group":"重大環境設施","radius":1000,"name":"大陸建設都更基地 (原國防部和平新莊)"},"geometry":{"type":"Point","coordinates":[121.5494573,25.0235546]}},{"type":"Feature","properties":{"label":"工業區／工廠","group":"重大環境設施","radius":1000,"name":"三鶯線捷運系統計畫統包工程聯合辦公室"},"geometry":{"type":"Point","coordinates":[121.3454442,24.957473]}},{"type":"Feature","properties":{"label":"工業區／工廠","group":"重大環境設施","radius":1000,"name":"永寧科技園區築波區"},"geometry":{"type":"Point","coordinates":[121.4388907,24.9647551]}},{"type":"Feature","properties":{"label":"棕地／疑似廢棄工業地","group":"重大環境設施","radius":1000,"name":"OSM 未命名設施"},"geometry":{"type":"Point","coordinates":[121.5332345,25.0210357]}},{"type":"Feature","properties":{"label":"工業區／工廠","group":"重大環境設施","radius":1000,"name":"OSM 未命名設施"},"geometry":{"type":"Point","coordinates":[121.4702093,25.0356813]}},{"type":"Feature","properties":{"label":"棕地／疑似廢棄工業地","group":"重大環境設施","radius":1000,"name":"OSM 未命名設施"},"geometry":{"type":"Point","coordinates":[121.4803401,25.0625663]}},{"type":"Feature","properties":{"label":"棕地／疑似廢棄工業地","group":"重大環境設施","radius":1000,"name":"OSM 未命名設施"},"geometry":{"type":"Point","coordinates":[121.4789511,25.06294]}},{"type":"Feature","properties":{"label":"棕地／疑似廢棄工業地","group":"重大環境設施","radius":1000,"name":"OSM 未命名設施"},"geometry":{"type":"Point","coordinates":[121.4766931,25.0658112]}},{"type":"Feature","properties":{"label":"棕地／疑似廢棄工業地","group":"重大環境設施","radius":1000,"name":"OSM 未命名設施"},"geometry":{"type":"Point","coordinates":[121.4761142,25.065514]}},{"type":"Feature","properties":{"label":"棕地／疑似廢棄工業地","group":"重大環境設施","radius":1000,"name":"OSM 未命名設施"},"geometry":{"type":"Point","coordinates":[121.4750635,25.0670981]}},{"type":"Feature","properties":{"label":"棕地／疑似廢棄工業地","group":"重大環境設施","radius":1000,"name":"OSM 未命名設施"},"geometry":{"type":"Point","coordinates":[121.4726516,25.0672908]}},{"type":"Feature","properties":{"label":"棕地／疑似廢棄工業地","group":"重大環境設施","radius":1000,"name":"南海基地"},"geometry":{"type":"Point","coordinates":[121.5173968,25.0343803]}},{"type":"Feature","properties":{"label":"工業區／工廠","group":"重大環境設施","radius":1000,"name":"埤腹抽水站"},"geometry":{"type":"Point","coordinates":[121.5454752,24.9864519]}},{"type":"Feature","properties":{"label":"工業區／工廠","group":"重大環境設施","radius":1000,"name":"中興巴士汐止站"},"geometry":{"type":"Point","coordinates":[121.6658232,25.0768267]}},{"type":"Feature","properties":{"label":"棕地／疑似廢棄工業地","group":"重大環境設施","radius":1000,"name":"OSM 未命名設施"},"geometry":{"type":"Point","coordinates":[121.6474659,25.071929]}},{"type":"Feature","properties":{"label":"棕地／疑似廢棄工業地","group":"重大環境設施","radius":1000,"name":"OSM 未命名設施"},"geometry":{"type":"Point","coordinates":[121.5337349,25.0210213]}},{"type":"Feature","properties":{"label":"棕地／疑似廢棄工業地","group":"重大環境設施","radius":1000,"name":"OSM 未命名設施"},"geometry":{"type":"Point","coordinates":[121.583415,25.061666]}},{"type":"Feature","properties":{"label":"工業區／工廠","group":"重大環境設施","radius":1000,"name":"劍潭抽水站"},"geometry":{"type":"Point","coordinates":[121.5183899,25.0814455]}},{"type":"Feature","properties":{"label":"工業區／工廠","group":"重大環境設施","radius":1000,"name":"OSM 未命名設施"},"geometry":{"type":"Point","coordinates":[121.5177671,25.0809224]}},{"type":"Feature","properties":{"label":"工業區／工廠","group":"重大環境設施","radius":1000,"name":"OSM 未命名設施"},"geometry":{"type":"Point","coordinates":[121.4857991,24.9900573]}},{"type":"Feature","properties":{"label":"棕地／疑似廢棄工業地","group":"重大環境設施","radius":1000,"name":"運校自辦市地重劃區"},"geometry":{"type":"Point","coordinates":[121.4197659,24.9575514]}},{"type":"Feature","properties":{"label":"棕地／疑似廢棄工業地","group":"重大環境設施","radius":1000,"name":"OSM 未命名設施"},"geometry":{"type":"Point","coordinates":[121.4239289,25.0282757]}},{"type":"Feature","properties":{"label":"工業區／工廠","group":"重大環境設施","radius":1000,"name":"OSM 未命名設施"},"geometry":{"type":"Point","coordinates":[121.4287383,25.0290394]}},{"type":"Feature","properties":{"label":"工業區／工廠","group":"重大環境設施","radius":1000,"name":"台電訓練所 林口核能訓練中心"},"geometry":{"type":"Point","coordinates":[121.3803228,25.0619887]}},{"type":"Feature","properties":{"label":"工業區／工廠","group":"重大環境設施","radius":1000,"name":"寶橋工業世界"},"geometry":{"type":"Point","coordinates":[121.5486534,24.9765869]}},{"type":"Feature","properties":{"label":"工業區／工廠","group":"重大環境設施","radius":1000,"name":"統帥工業區"},"geometry":{"type":"Point","coordinates":[121.5502829,24.9744997]}},{"type":"Feature","properties":{"label":"工業區／工廠","group":"重大環境設施","radius":1000,"name":"HCG和成欣業"},"geometry":{"type":"Point","coordinates":[121.3288366,24.9569928]}},{"type":"Feature","properties":{"label":"工業區／工廠","group":"重大環境設施","radius":1000,"name":"OSM 未命名設施"},"geometry":{"type":"Point","coordinates":[121.3367003,24.9609426]}},{"type":"Feature","properties":{"label":"工業區／工廠","group":"重大環境設施","radius":1000,"name":"秀山交通器材"},"geometry":{"type":"Point","coordinates":[121.3353089,24.9594341]}},{"type":"Feature","properties":{"label":"工業區／工廠","group":"重大環境設施","radius":1000,"name":"OSM 未命名設施"},"geometry":{"type":"Point","coordinates":[121.3349642,24.958868]}},{"type":"Feature","properties":{"label":"工業區／工廠","group":"重大環境設施","radius":1000,"name":"OSM 未命名設施"},"geometry":{"type":"Point","coordinates":[121.334443,24.9585144]}},{"type":"Feature","properties":{"label":"工業區／工廠","group":"重大環境設施","radius":1000,"name":"OSM 未命名設施"},"geometry":{"type":"Point","coordinates":[121.335267,24.9579456]}},{"type":"Feature","properties":{"label":"工業區／工廠","group":"重大環境設施","radius":1000,"name":"鑫翔益"},"geometry":{"type":"Point","coordinates":[121.336226,24.9586169]}},{"type":"Feature","properties":{"label":"工業區／工廠","group":"重大環境設施","radius":1000,"name":"OSM 未命名設施"},"geometry":{"type":"Point","coordinates":[121.3359271,24.9571622]}},{"type":"Feature","properties":{"label":"工業區／工廠","group":"重大環境設施","radius":1000,"name":"OSM 未命名設施"},"geometry":{"type":"Point","coordinates":[121.3372428,24.9603023]}},{"type":"Feature","properties":{"label":"工業區／工廠","group":"重大環境設施","radius":1000,"name":"OSM 未命名設施"},"geometry":{"type":"Point","coordinates":[121.3378455,24.9604833]}},{"type":"Feature","properties":{"label":"工業區／工廠","group":"重大環境設施","radius":1000,"name":"OSM 未命名設施"},"geometry":{"type":"Point","coordinates":[121.3358938,24.9594585]}},{"type":"Feature","properties":{"label":"工業區／工廠","group":"重大環境設施","radius":1000,"name":"OSM 未命名設施"},"geometry":{"type":"Point","coordinates":[121.3342667,24.9580653]}},{"type":"Feature","properties":{"label":"工業區／工廠","group":"重大環境設施","radius":1000,"name":"OSM 未命名設施"},"geometry":{"type":"Point","coordinates":[121.3340471,24.9587095]}},{"type":"Feature","properties":{"label":"工業區／工廠","group":"重大環境設施","radius":1000,"name":"OSM 未命名設施"},"geometry":{"type":"Point","coordinates":[121.4161974,24.9815725]}},{"type":"Feature","properties":{"label":"工業區／工廠","group":"重大環境設施","radius":1000,"name":"OSM 未命名設施"},"geometry":{"type":"Point","coordinates":[121.630092,25.0548941]}},{"type":"Feature","properties":{"label":"工業區／工廠","group":"重大環境設施","radius":1000,"name":"OSM 未命名設施"},"geometry":{"type":"Point","coordinates":[121.6288514,25.0540522]}},{"type":"Feature","properties":{"label":"工業區／工廠","group":"重大環境設施","radius":1000,"name":"OSM 未命名設施"},"geometry":{"type":"Point","coordinates":[121.6243427,25.0547331]}},{"type":"Feature","properties":{"label":"工業區／工廠","group":"重大環境設施","radius":1000,"name":"台灣中油 汐止材料庫"},"geometry":{"type":"Point","coordinates":[121.6393219,25.0608704]}},{"type":"Feature","properties":{"label":"工業區／工廠","group":"重大環境設施","radius":1000,"name":"力泰建設汐止廠"},"geometry":{"type":"Point","coordinates":[121.6390644,25.0615264]}},{"type":"Feature","properties":{"label":"工業區／工廠","group":"重大環境設施","radius":1000,"name":"OSM 未命名設施"},"geometry":{"type":"Point","coordinates":[121.3213075,24.9716107]}},{"type":"Feature","properties":{"label":"工業區／工廠","group":"重大環境設施","radius":1000,"name":"OSM 未命名設施"},"geometry":{"type":"Point","coordinates":[121.6517304,25.0626338]}},{"type":"Feature","properties":{"label":"工業區／工廠","group":"重大環境設施","radius":1000,"name":"OSM 未命名設施"},"geometry":{"type":"Point","coordinates":[121.6462738,25.0602961]}},{"type":"Feature","properties":{"label":"工業區／工廠","group":"重大環境設施","radius":1000,"name":"OSM 未命名設施"},"geometry":{"type":"Point","coordinates":[121.3506792,25.0798111]}},{"type":"Feature","properties":{"label":"工業區／工廠","group":"重大環境設施","radius":1000,"name":"中油工三加油站"},"geometry":{"type":"Point","coordinates":[121.3703884,25.0615847]}},{"type":"Feature","properties":{"label":"工業區／工廠","group":"重大環境設施","radius":1000,"name":"爭鮮食品"},"geometry":{"type":"Point","coordinates":[121.3719797,25.0604104]}},{"type":"Feature","properties":{"label":"工業區／工廠","group":"重大環境設施","radius":1000,"name":"南亞塑膠工三廠"},"geometry":{"type":"Point","coordinates":[121.3747279,25.0605048]}},{"type":"Feature","properties":{"label":"工業區／工廠","group":"重大環境設施","radius":1000,"name":"台化地毯公司"},"geometry":{"type":"Point","coordinates":[121.3758115,25.0632559]}},{"type":"Feature","properties":{"label":"棕地／疑似廢棄工業地","group":"重大環境設施","radius":1000,"name":"學校預定地"},"geometry":{"type":"Point","coordinates":[121.4695156,25.0346666]}},{"type":"Feature","properties":{"label":"工業區／工廠","group":"重大環境設施","radius":1000,"name":"綠意中山一號"},"geometry":{"type":"Point","coordinates":[121.4122487,24.9609282]}},{"type":"Feature","properties":{"label":"工業區／工廠","group":"重大環境設施","radius":1000,"name":"鴻海精密股份有限公司(中山二廠)"},"geometry":{"type":"Point","coordinates":[121.4125999,24.9613409]}},{"type":"Feature","properties":{"label":"工業區／工廠","group":"重大環境設施","radius":1000,"name":"台灣藝術大學文創園區"},"geometry":{"type":"Point","coordinates":[121.4449974,25.0024697]}},{"type":"Feature","properties":{"label":"工業區／工廠","group":"重大環境設施","radius":1000,"name":"味丹"},"geometry":{"type":"Point","coordinates":[121.4690547,25.0434186]}},{"type":"Feature","properties":{"label":"工業區／工廠","group":"重大環境設施","radius":1000,"name":"高公局內湖工務段"},"geometry":{"type":"Point","coordinates":[121.5991923,25.0648618]}},{"type":"Feature","properties":{"label":"工業區／工廠","group":"重大環境設施","radius":1000,"name":"臺北機廠縫紉工場舊址"},"geometry":{"type":"Point","coordinates":[121.5661455,25.0446616]}},{"type":"Feature","properties":{"label":"工業區／工廠","group":"重大環境設施","radius":1000,"name":"皇家可口"},"geometry":{"type":"Point","coordinates":[121.3258094,24.9826171]}},{"type":"Feature","properties":{"label":"工業區／工廠","group":"重大環境設施","radius":1000,"name":"杜邦"},"geometry":{"type":"Point","coordinates":[121.3279027,24.979096]}},{"type":"Feature","properties":{"label":"工業區／工廠","group":"重大環境設施","radius":1000,"name":"大宇紡織"},"geometry":{"type":"Point","coordinates":[121.3245833,24.9811796]}},{"type":"Feature","properties":{"label":"工業區／工廠","group":"重大環境設施","radius":1000,"name":"復盛工業"},"geometry":{"type":"Point","coordinates":[121.3228941,24.9810814]}},{"type":"Feature","properties":{"label":"工業區／工廠","group":"重大環境設施","radius":1000,"name":"四維精密"},"geometry":{"type":"Point","coordinates":[121.3237323,24.9777081]}},{"type":"Feature","properties":{"label":"工業區／工廠","group":"重大環境設施","radius":1000,"name":"保長工業區"},"geometry":{"type":"Point","coordinates":[121.6761099,25.0735188]}},{"type":"Feature","properties":{"label":"工業區／工廠","group":"重大環境設施","radius":1000,"name":"欣興電子"},"geometry":{"type":"Point","coordinates":[121.3295019,24.9847782]}},{"type":"Feature","properties":{"label":"工業區／工廠","group":"重大環境設施","radius":1000,"name":"科嶠工業"},"geometry":{"type":"Point","coordinates":[121.331734,24.982106]}},{"type":"Feature","properties":{"label":"工業區／工廠","group":"重大環境設施","radius":1000,"name":"福大化工"},"geometry":{"type":"Point","coordinates":[121.3283417,24.9819631]}},{"type":"Feature","properties":{"label":"工業區／工廠","group":"重大環境設施","radius":1000,"name":"山九昭安國際物流"},"geometry":{"type":"Point","coordinates":[121.3291526,24.9790907]}},{"type":"Feature","properties":{"label":"工業區／工廠","group":"重大環境設施","radius":1000,"name":"DSV百及物流"},"geometry":{"type":"Point","coordinates":[121.3298695,24.965522]}},{"type":"Feature","properties":{"label":"工業區／工廠","group":"重大環境設施","radius":1000,"name":"中和區清潔隊資源回收場"},"geometry":{"type":"Point","coordinates":[121.4845909,24.9914191]}},{"type":"Feature","properties":{"label":"工業區／工廠","group":"重大環境設施","radius":1000,"name":"OSM 未命名設施"},"geometry":{"type":"Point","coordinates":[121.4336644,25.0009491]}},{"type":"Feature","properties":{"label":"工業區／工廠","group":"重大環境設施","radius":1000,"name":"OSM 未命名設施"},"geometry":{"type":"Point","coordinates":[121.433728,25.0021964]}},{"type":"Feature","properties":{"label":"工業區／工廠","group":"重大環境設施","radius":1000,"name":"OSM 未命名設施"},"geometry":{"type":"Point","coordinates":[121.435006,25.0030887]}},{"type":"Feature","properties":{"label":"工業區／工廠","group":"重大環境設施","radius":1000,"name":"OSM 未命名設施"},"geometry":{"type":"Point","coordinates":[121.4341809,25.0026669]}},{"type":"Feature","properties":{"label":"工業區／工廠","group":"重大環境設施","radius":1000,"name":"OSM 未命名設施"},"geometry":{"type":"Point","coordinates":[121.4347791,25.0037102]}},{"type":"Feature","properties":{"label":"工業區／工廠","group":"重大環境設施","radius":1000,"name":"OSM 未命名設施"},"geometry":{"type":"Point","coordinates":[121.4319272,25.0040119]}},{"type":"Feature","properties":{"label":"工業區／工廠","group":"重大環境設施","radius":1000,"name":"新日興新樹廠"},"geometry":{"type":"Point","coordinates":[121.4336582,25.0090455]}},{"type":"Feature","properties":{"label":"工業區／工廠","group":"重大環境設施","radius":1000,"name":"OSM 未命名設施"},"geometry":{"type":"Point","coordinates":[121.6507557,25.0644836]}},{"type":"Feature","properties":{"label":"工業區／工廠","group":"重大環境設施","radius":1000,"name":"OSM 未命名設施"},"geometry":{"type":"Point","coordinates":[121.6492281,25.0665651]}},{"type":"Feature","properties":{"label":"棕地／疑似廢棄工業地","group":"重大環境設施","radius":1000,"name":"OSM 未命名設施"},"geometry":{"type":"Point","coordinates":[121.4320226,24.9879196]}},{"type":"Feature","properties":{"label":"工業區／工廠","group":"重大環境設施","radius":1000,"name":"OSM 未命名設施"},"geometry":{"type":"Point","coordinates":[121.4336003,24.9871223]}},{"type":"Feature","properties":{"label":"工業區／工廠","group":"重大環境設施","radius":1000,"name":"OSM 未命名設施"},"geometry":{"type":"Point","coordinates":[121.4330243,24.9871806]}},{"type":"Feature","properties":{"label":"工業區／工廠","group":"重大環境設施","radius":1000,"name":"OSM 未命名設施"},"geometry":{"type":"Point","coordinates":[121.4326381,24.9854138]}},{"type":"Feature","properties":{"label":"工業區／工廠","group":"重大環境設施","radius":1000,"name":"OSM 未命名設施"},"geometry":{"type":"Point","coordinates":[121.4280509,24.9821587]}},{"type":"Feature","properties":{"label":"工業區／工廠","group":"重大環境設施","radius":1000,"name":"OSM 未命名設施"},"geometry":{"type":"Point","coordinates":[121.4285775,24.9813883]}},{"type":"Feature","properties":{"label":"工業區／工廠","group":"重大環境設施","radius":1000,"name":"OSM 未命名設施"},"geometry":{"type":"Point","coordinates":[121.4114138,24.9779238]}},{"type":"Feature","properties":{"label":"工業區／工廠","group":"重大環境設施","radius":1000,"name":"OSM 未命名設施"},"geometry":{"type":"Point","coordinates":[121.4109912,24.9776334]}},{"type":"Feature","properties":{"label":"工業區／工廠","group":"重大環境設施","radius":1000,"name":"金協發環保"},"geometry":{"type":"Point","coordinates":[121.4086716,24.9750338]}},{"type":"Feature","properties":{"label":"工業區／工廠","group":"重大環境設施","radius":1000,"name":"OSM 未命名設施"},"geometry":{"type":"Point","coordinates":[121.408986,24.9748079]}},{"type":"Feature","properties":{"label":"工業區／工廠","group":"重大環境設施","radius":1000,"name":"板新配水中心暨浮洲加壓站"},"geometry":{"type":"Point","coordinates":[121.4256789,24.9787813]}},{"type":"Feature","properties":{"label":"工業區／工廠","group":"重大環境設施","radius":1000,"name":"OSM 未命名設施"},"geometry":{"type":"Point","coordinates":[121.5557864,25.0780126]}},{"type":"Feature","properties":{"label":"棕地／疑似廢棄工業地","group":"重大環境設施","radius":1000,"name":"眷村改建九號基地 (南機場都更中繼社宅預定地)"},"geometry":{"type":"Point","coordinates":[121.5051539,25.0285681]}},{"type":"Feature","properties":{"label":"棕地／疑似廢棄工業地","group":"重大環境設施","radius":1000,"name":"OSM 未命名設施"},"geometry":{"type":"Point","coordinates":[121.6771795,25.0710762]}},{"type":"Feature","properties":{"label":"棕地／疑似廢棄工業地","group":"重大環境設施","radius":1000,"name":"莒光安居社會住宅預定地"},"geometry":{"type":"Point","coordinates":[121.4710675,25.0021031]}},{"type":"Feature","properties":{"label":"棕地／疑似廢棄工業地","group":"重大環境設施","radius":1000,"name":"OSM 未命名設施"},"geometry":{"type":"Point","coordinates":[121.5411199,25.0010267]}},{"type":"Feature","properties":{"label":"工業區／工廠","group":"重大環境設施","radius":1000,"name":"中和自來水加壓站"},"geometry":{"type":"Point","coordinates":[121.520608,24.9890736]}},{"type":"Feature","properties":{"label":"工業區／工廠","group":"重大環境設施","radius":1000,"name":"OSM 未命名設施"},"geometry":{"type":"Point","coordinates":[121.4331539,25.0085294]}},{"type":"Feature","properties":{"label":"工業區／工廠","group":"重大環境設施","radius":1000,"name":"陞銘塑膠"},"geometry":{"type":"Point","coordinates":[121.4334432,25.0079671]}},{"type":"Feature","properties":{"label":"工業區／工廠","group":"重大環境設施","radius":1000,"name":"華航集團松山園區"},"geometry":{"type":"Point","coordinates":[121.5566338,25.062615]}},{"type":"Feature","properties":{"label":"工業區／工廠","group":"重大環境設施","radius":1000,"name":"松山雷達站"},"geometry":{"type":"Point","coordinates":[121.5505572,25.0725626]}},{"type":"Feature","properties":{"label":"工業區／工廠","group":"重大環境設施","radius":1000,"name":"湳仔溝抽水站"},"geometry":{"type":"Point","coordinates":[121.4478219,25.020571]}},{"type":"Feature","properties":{"label":"工業區／工廠","group":"重大環境設施","radius":1000,"name":"環球車輛檢測公司"},"geometry":{"type":"Point","coordinates":[121.361303,25.0801344]}},{"type":"Feature","properties":{"label":"工業區／工廠","group":"重大環境設施","radius":1000,"name":"台灣表面黏著科技"},"geometry":{"type":"Point","coordinates":[121.3220024,24.9791988]}},{"type":"Feature","properties":{"label":"工業區／工廠","group":"重大環境設施","radius":1000,"name":"台灣電力公司南區營業處"},"geometry":{"type":"Point","coordinates":[121.5546093,24.985517]}},{"type":"Feature","properties":{"label":"工業區／工廠","group":"重大環境設施","radius":1000,"name":"金球工業"},"geometry":{"type":"Point","coordinates":[121.6704629,25.0697919]}},{"type":"Feature","properties":{"label":"工業區／工廠","group":"重大環境設施","radius":1000,"name":"調查局青溪園區"},"geometry":{"type":"Point","coordinates":[121.562822,24.9523128]}},{"type":"Feature","properties":{"label":"工業區／工廠","group":"重大環境設施","radius":1000,"name":"OSM 未命名設施"},"geometry":{"type":"Point","coordinates":[121.4273648,25.0041719]}},{"type":"Feature","properties":{"label":"棕地／疑似廢棄工業地","group":"重大環境設施","radius":1000,"name":"OSM 未命名設施"},"geometry":{"type":"Point","coordinates":[121.531943,25.0200989]}},{"type":"Feature","properties":{"label":"棕地／疑似廢棄工業地","group":"重大環境設施","radius":1000,"name":"德育建設建地"},"geometry":{"type":"Point","coordinates":[121.5310387,24.9785029]}},{"type":"Feature","properties":{"label":"工業區／工廠","group":"重大環境設施","radius":1000,"name":"東光凡而工業"},"geometry":{"type":"Point","coordinates":[121.4616133,25.1442245]}},{"type":"Feature","properties":{"label":"工業區／工廠","group":"重大環境設施","radius":1000,"name":"第十河川局防氾材料堆置場"},"geometry":{"type":"Point","coordinates":[121.3956406,24.9405942]}},{"type":"Feature","properties":{"label":"棕地／疑似廢棄工業地","group":"重大環境設施","radius":1000,"name":"郵局擴建預定地"},"geometry":{"type":"Point","coordinates":[121.5660946,24.9881107]}},{"type":"Feature","properties":{"label":"棕地／疑似廢棄工業地","group":"重大環境設施","radius":1000,"name":"OSM 未命名設施"},"geometry":{"type":"Point","coordinates":[121.5234824,25.0611264]}},{"type":"Feature","properties":{"label":"棕地／疑似廢棄工業地","group":"重大環境設施","radius":1000,"name":"德隆商場預定地"},"geometry":{"type":"Point","coordinates":[121.419782,25.030842]}},{"type":"Feature","properties":{"label":"工業區／工廠","group":"重大環境設施","radius":1000,"name":"OSM 未命名設施"},"geometry":{"type":"Point","coordinates":[121.6062772,25.0641551]}},{"type":"Feature","properties":{"label":"棕地／疑似廢棄工業地","group":"重大環境設施","radius":1000,"name":"南港商三特公辦都更案「南港之心」(潤泰)"},"geometry":{"type":"Point","coordinates":[121.6101721,25.0531788]}},{"type":"Feature","properties":{"label":"棕地／疑似廢棄工業地","group":"重大環境設施","radius":1000,"name":"OSM 未命名設施"},"geometry":{"type":"Point","coordinates":[121.5146486,24.9607662]}},{"type":"Feature","properties":{"label":"棕地／疑似廢棄工業地","group":"重大環境設施","radius":1000,"name":"自然生態區"},"geometry":{"type":"Point","coordinates":[121.4883423,25.0560921]}},{"type":"Feature","properties":{"label":"工業區／工廠","group":"重大環境設施","radius":1000,"name":"濱江抽水站"},"geometry":{"type":"Point","coordinates":[121.5495766,25.0726714]}},{"type":"Feature","properties":{"label":"工業區／工廠","group":"重大環境設施","radius":1000,"name":"OSM 未命名設施"},"geometry":{"type":"Point","coordinates":[121.594364,25.0614787]}},{"type":"Feature","properties":{"label":"工業區／工廠","group":"重大環境設施","radius":1000,"name":"OSM 未命名設施"},"geometry":{"type":"Point","coordinates":[121.592849,25.0609872]}},{"type":"Feature","properties":{"label":"工業區／工廠","group":"重大環境設施","radius":1000,"name":"OSM 未命名設施"},"geometry":{"type":"Point","coordinates":[121.4606246,25.0406569]}},{"type":"Feature","properties":{"label":"工業區／工廠","group":"重大環境設施","radius":1000,"name":"台灣通用器材"},"geometry":{"type":"Point","coordinates":[121.5504676,24.9796372]}},{"type":"Feature","properties":{"label":"工業區／工廠","group":"重大環境設施","radius":1000,"name":"OSM 未命名設施"},"geometry":{"type":"Point","coordinates":[121.5334295,24.9605258]}},{"type":"Feature","properties":{"label":"棕地／疑似廢棄工業地","group":"重大環境設施","radius":1000,"name":"OSM 未命名設施"},"geometry":{"type":"Point","coordinates":[121.5210926,25.0570814]}},{"type":"Feature","properties":{"label":"棕地／疑似廢棄工業地","group":"重大環境設施","radius":1000,"name":"OSM 未命名設施"},"geometry":{"type":"Point","coordinates":[121.5454576,25.0640256]}},{"type":"Feature","properties":{"label":"工業區／工廠","group":"重大環境設施","radius":1000,"name":"撫遠抽水站"},"geometry":{"type":"Point","coordinates":[121.5688115,25.0623783]}},{"type":"Feature","properties":{"label":"工業區／工廠","group":"重大環境設施","radius":1000,"name":"OSM 未命名設施"},"geometry":{"type":"Point","coordinates":[121.5675744,25.0646583]}},{"type":"Feature","properties":{"label":"棕地／疑似廢棄工業地","group":"重大環境設施","radius":1000,"name":"OSM 未命名設施"},"geometry":{"type":"Point","coordinates":[121.5640001,24.9890285]}},{"type":"Feature","properties":{"label":"棕地／疑似廢棄工業地","group":"重大環境設施","radius":1000,"name":"統創緻"},"geometry":{"type":"Point","coordinates":[121.5310333,25.0261438]}},{"type":"Feature","properties":{"label":"工業區／工廠","group":"重大環境設施","radius":1000,"name":"垃圾掩埋場汙水處理廠"},"geometry":{"type":"Point","coordinates":[121.624546,25.0331597]}},{"type":"Feature","properties":{"label":"工業區／工廠","group":"重大環境設施","radius":1000,"name":"飛龍文具"},"geometry":{"type":"Point","coordinates":[121.3433974,24.9687624]}},{"type":"Feature","properties":{"label":"工業區／工廠","group":"重大環境設施","radius":1000,"name":"OSM 未命名設施"},"geometry":{"type":"Point","coordinates":[121.5371033,25.0687233]}},{"type":"Feature","properties":{"label":"工業區／工廠","group":"重大環境設施","radius":1000,"name":"OSM 未命名設施"},"geometry":{"type":"Point","coordinates":[121.5355317,25.0688885]}},{"type":"Feature","properties":{"label":"工業區／工廠","group":"重大環境設施","radius":1000,"name":"福林抽水站"},"geometry":{"type":"Point","coordinates":[121.5261268,25.1025147]}},{"type":"Feature","properties":{"label":"工業區／工廠","group":"重大環境設施","radius":1000,"name":"東豐科技園區"},"geometry":{"type":"Point","coordinates":[121.4093031,24.9735757]}},{"type":"Feature","properties":{"label":"棕地／疑似廢棄工業地","group":"重大環境設施","radius":1000,"name":"OSM 未命名設施"},"geometry":{"type":"Point","coordinates":[121.5665544,24.9894946]}},{"type":"Feature","properties":{"label":"工業區／工廠","group":"重大環境設施","radius":1000,"name":"新北國際AI+智慧園區"},"geometry":{"type":"Point","coordinates":[121.3661449,25.087063]}},{"type":"Feature","properties":{"label":"工業區／工廠","group":"重大環境設施","radius":1000,"name":"大直二抽水站"},"geometry":{"type":"Point","coordinates":[121.5407479,25.0783381]}},{"type":"Feature","properties":{"label":"工業區／工廠","group":"重大環境設施","radius":1000,"name":"OSM 未命名設施"},"geometry":{"type":"Point","coordinates":[121.4454265,24.9803886]}},{"type":"Feature","properties":{"label":"工業區／工廠","group":"重大環境設施","radius":1000,"name":"中國製罐金屬"},"geometry":{"type":"Point","coordinates":[121.420819,25.0295425]}},{"type":"Feature","properties":{"label":"工業區／工廠","group":"重大環境設施","radius":1000,"name":"中華電信新莊一機房"},"geometry":{"type":"Point","coordinates":[121.4202492,25.0285416]}},{"type":"Feature","properties":{"label":"工業區／工廠","group":"重大環境設施","radius":1000,"name":"台灣科技廣場"},"geometry":{"type":"Point","coordinates":[121.4884999,25.0055263]}},{"type":"Feature","properties":{"label":"棕地／疑似廢棄工業地","group":"重大環境設施","radius":1000,"name":"法醫研究所舊址"},"geometry":{"type":"Point","coordinates":[121.5597592,25.0236666]}},{"type":"Feature","properties":{"label":"棕地／疑似廢棄工業地","group":"重大環境設施","radius":1000,"name":"OSM 未命名設施"},"geometry":{"type":"Point","coordinates":[121.5416938,24.9884313]}},{"type":"Feature","properties":{"label":"工業區／工廠","group":"重大環境設施","radius":1000,"name":"OSM 未命名設施"},"geometry":{"type":"Point","coordinates":[121.6010431,25.0634414]}},{"type":"Feature","properties":{"label":"工業區／工廠","group":"重大環境設施","radius":1000,"name":"OSM 未命名設施"},"geometry":{"type":"Point","coordinates":[121.463407,25.0743113]}},{"type":"Feature","properties":{"label":"工業區／工廠","group":"重大環境設施","radius":1000,"name":"OSM 未命名設施"},"geometry":{"type":"Point","coordinates":[121.4613257,25.076899]}},{"type":"Feature","properties":{"label":"工業區／工廠","group":"重大環境設施","radius":1000,"name":"OSM 未命名設施"},"geometry":{"type":"Point","coordinates":[121.4466175,25.064299]}},{"type":"Feature","properties":{"label":"工業區／工廠","group":"重大環境設施","radius":1000,"name":"OSM 未命名設施"},"geometry":{"type":"Point","coordinates":[121.4471793,25.06385]}},{"type":"Feature","properties":{"label":"棕地／疑似廢棄工業地","group":"重大環境設施","radius":1000,"name":"OSM 未命名設施"},"geometry":{"type":"Point","coordinates":[121.5400863,25.0270458]}},{"type":"Feature","properties":{"label":"棕地／疑似廢棄工業地","group":"重大環境設施","radius":1000,"name":"OSM 未命名設施"},"geometry":{"type":"Point","coordinates":[121.3657618,25.0737704]}},{"type":"Feature","properties":{"label":"工業區／工廠","group":"重大環境設施","radius":1000,"name":"台電南區營業所"},"geometry":{"type":"Point","coordinates":[121.5575043,24.985781]}},{"type":"Feature","properties":{"label":"棕地／疑似廢棄工業地","group":"重大環境設施","radius":1000,"name":"林口交流道改善工程"},"geometry":{"type":"Point","coordinates":[121.3695101,25.0665128]}},{"type":"Feature","properties":{"label":"工業區／工廠","group":"重大環境設施","radius":1000,"name":"OSM 未命名設施"},"geometry":{"type":"Point","coordinates":[121.4088847,24.9754048]}},{"type":"Feature","properties":{"label":"工業區／工廠","group":"重大環境設施","radius":1000,"name":"晶發科技"},"geometry":{"type":"Point","coordinates":[121.4105245,24.9734663]}},{"type":"Feature","properties":{"label":"工業區／工廠","group":"重大環境設施","radius":1000,"name":"國順倉儲"},"geometry":{"type":"Point","coordinates":[121.6245632,25.0588206]}},{"type":"Feature","properties":{"label":"工業區／工廠","group":"重大環境設施","radius":1000,"name":"OSM 未命名設施"},"geometry":{"type":"Point","coordinates":[121.6257367,25.0569971]}},{"type":"Feature","properties":{"label":"棕地／疑似廢棄工業地","group":"重大環境設施","radius":1000,"name":"OSM 未命名設施"},"geometry":{"type":"Point","coordinates":[121.4643002,25.0888872]}},{"type":"Feature","properties":{"label":"工業區／工廠","group":"重大環境設施","radius":1000,"name":"首都客運、大都會客運士林站"},"geometry":{"type":"Point","coordinates":[121.5003784,25.0999721]}},{"type":"Feature","properties":{"label":"工業區／工廠","group":"重大環境設施","radius":1000,"name":"頂崁工業區"},"geometry":{"type":"Point","coordinates":[121.4696905,25.0539404]}},{"type":"Feature","properties":{"label":"工業區／工廠","group":"重大環境設施","radius":1000,"name":"OSM 未命名設施"},"geometry":{"type":"Point","coordinates":[121.3386123,24.9474849]}},{"type":"Feature","properties":{"label":"工業區／工廠","group":"重大環境設施","radius":1000,"name":"OSM 未命名設施"},"geometry":{"type":"Point","coordinates":[121.3378747,24.9474557]}},{"type":"Feature","properties":{"label":"工業區／工廠","group":"重大環境設施","radius":1000,"name":"OSM 未命名設施"},"geometry":{"type":"Point","coordinates":[121.3397147,24.9475275]}},{"type":"Feature","properties":{"label":"棕地／疑似廢棄工業地","group":"重大環境設施","radius":1000,"name":"OSM 未命名設施"},"geometry":{"type":"Point","coordinates":[121.433601,25.0287377]}},{"type":"Feature","properties":{"label":"棕地／疑似廢棄工業地","group":"重大環境設施","radius":1000,"name":"塭仔圳重劃第1區"},"geometry":{"type":"Point","coordinates":[121.4323266,25.0447873]}},{"type":"Feature","properties":{"label":"工業區／工廠","group":"重大環境設施","radius":1000,"name":"OSM 未命名設施"},"geometry":{"type":"Point","coordinates":[121.4403045,25.0297255]}},{"type":"Feature","properties":{"label":"工業區／工廠","group":"重大環境設施","radius":1000,"name":"洲子洋抽水站"},"geometry":{"type":"Point","coordinates":[121.4473138,25.0858231]}},{"type":"Feature","properties":{"label":"工業區／工廠","group":"重大環境設施","radius":1000,"name":"台北氧氣"},"geometry":{"type":"Point","coordinates":[121.4787154,25.0232569]}},{"type":"Feature","properties":{"label":"工業區／工廠","group":"重大環境設施","radius":1000,"name":"OSM 未命名設施"},"geometry":{"type":"Point","coordinates":[121.480088,25.0931641]}},{"type":"Feature","properties":{"label":"工業區／工廠","group":"重大環境設施","radius":1000,"name":"OSM 未命名設施"},"geometry":{"type":"Point","coordinates":[121.5586751,24.9843041]}},{"type":"Feature","properties":{"label":"工業區／工廠","group":"重大環境設施","radius":1000,"name":"台電配電訓練場"},"geometry":{"type":"Point","coordinates":[121.5563016,24.9856185]}},{"type":"Feature","properties":{"label":"工業區／工廠","group":"重大環境設施","radius":1000,"name":"秀波電子"},"geometry":{"type":"Point","coordinates":[121.402899,24.9334348]}},{"type":"Feature","properties":{"label":"工業區／工廠","group":"重大環境設施","radius":1000,"name":"盛源食品原料公司"},"geometry":{"type":"Point","coordinates":[121.4020525,24.9336946]}},{"type":"Feature","properties":{"label":"工業區／工廠","group":"重大環境設施","radius":1000,"name":"OSM 未命名設施"},"geometry":{"type":"Point","coordinates":[121.4756634,25.028148]}},{"type":"Feature","properties":{"label":"棕地／疑似廢棄工業地","group":"重大環境設施","radius":1000,"name":"OSM 未命名設施"},"geometry":{"type":"Point","coordinates":[121.4801377,25.0211198]}},{"type":"Feature","properties":{"label":"工業區／工廠","group":"重大環境設施","radius":1000,"name":"雙榮油壓"},"geometry":{"type":"Point","coordinates":[121.450362,25.0322706]}},{"type":"Feature","properties":{"label":"棕地／疑似廢棄工業地","group":"重大環境設施","radius":1000,"name":"OSM 未命名設施"},"geometry":{"type":"Point","coordinates":[121.4446834,25.0361846]}},{"type":"Feature","properties":{"label":"棕地／疑似廢棄工業地","group":"重大環境設施","radius":1000,"name":"OSM 未命名設施"},"geometry":{"type":"Point","coordinates":[121.5245009,25.0515331]}},{"type":"Feature","properties":{"label":"棕地／疑似廢棄工業地","group":"重大環境設施","radius":1000,"name":"OSM 未命名設施"},"geometry":{"type":"Point","coordinates":[121.4264113,25.0262656]}},{"type":"Feature","properties":{"label":"棕地／疑似廢棄工業地","group":"重大環境設施","radius":1000,"name":"福民社會住宅一期預定地"},"geometry":{"type":"Point","coordinates":[121.4906304,25.0275222]}},{"type":"Feature","properties":{"label":"工業區／工廠","group":"重大環境設施","radius":1000,"name":"OSM 未命名設施"},"geometry":{"type":"Point","coordinates":[121.4805239,25.0225618]}},{"type":"Feature","properties":{"label":"工業區／工廠","group":"重大環境設施","radius":1000,"name":"OSM 未命名設施"},"geometry":{"type":"Point","coordinates":[121.4084855,24.976849]}},{"type":"Feature","properties":{"label":"棕地／疑似廢棄工業地","group":"重大環境設施","radius":1000,"name":"OSM 未命名設施"},"geometry":{"type":"Point","coordinates":[121.5306346,25.0406402]}},{"type":"Feature","properties":{"label":"工業區／工廠","group":"重大環境設施","radius":1000,"name":"OSM 未命名設施"},"geometry":{"type":"Point","coordinates":[121.335257,24.9644679]}},{"type":"Feature","properties":{"label":"工業區／工廠","group":"重大環境設施","radius":1000,"name":"OSM 未命名設施"},"geometry":{"type":"Point","coordinates":[121.3361458,24.9653031]}},{"type":"Feature","properties":{"label":"工業區／工廠","group":"重大環境設施","radius":1000,"name":"OSM 未命名設施"},"geometry":{"type":"Point","coordinates":[121.3334982,24.9561149]}},{"type":"Feature","properties":{"label":"工業區／工廠","group":"重大環境設施","radius":1000,"name":"OSM 未命名設施"},"geometry":{"type":"Point","coordinates":[121.3334371,24.9570982]}},{"type":"Feature","properties":{"label":"工業區／工廠","group":"重大環境設施","radius":1000,"name":"三洋磁磚"},"geometry":{"type":"Point","coordinates":[121.3314299,24.9566398]}},{"type":"Feature","properties":{"label":"工業區／工廠","group":"重大環境設施","radius":1000,"name":"OSM 未命名設施"},"geometry":{"type":"Point","coordinates":[121.3299866,24.959472]}},{"type":"Feature","properties":{"label":"工業區／工廠","group":"重大環境設施","radius":1000,"name":"OSM 未命名設施"},"geometry":{"type":"Point","coordinates":[121.33101,24.9587664]}},{"type":"Feature","properties":{"label":"工業區／工廠","group":"重大環境設施","radius":1000,"name":"OSM 未命名設施"},"geometry":{"type":"Point","coordinates":[121.3353788,24.9611158]}},{"type":"Feature","properties":{"label":"工業區／工廠","group":"重大環境設施","radius":1000,"name":"OSM 未命名設施"},"geometry":{"type":"Point","coordinates":[121.3382525,24.9587062]}},{"type":"Feature","properties":{"label":"工業區／工廠","group":"重大環境設施","radius":1000,"name":"協興二手機械"},"geometry":{"type":"Point","coordinates":[121.3377241,24.9580912]}},{"type":"Feature","properties":{"label":"工業區／工廠","group":"重大環境設施","radius":1000,"name":"OSM 未命名設施"},"geometry":{"type":"Point","coordinates":[121.3332429,24.9619731]}},{"type":"Feature","properties":{"label":"工業區／工廠","group":"重大環境設施","radius":1000,"name":"OSM 未命名設施"},"geometry":{"type":"Point","coordinates":[121.3341166,24.9645585]}},{"type":"Feature","properties":{"label":"工業區／工廠","group":"重大環境設施","radius":1000,"name":"OSM 未命名設施"},"geometry":{"type":"Point","coordinates":[121.4300657,25.0042637]}},{"type":"Feature","properties":{"label":"工業區／工廠","group":"重大環境設施","radius":1000,"name":"OSM 未命名設施"},"geometry":{"type":"Point","coordinates":[121.4319878,25.0048557]}},{"type":"Feature","properties":{"label":"工業區／工廠","group":"重大環境設施","radius":1000,"name":"OSM 未命名設施"},"geometry":{"type":"Point","coordinates":[121.4327191,25.0051537]}},{"type":"Feature","properties":{"label":"工業區／工廠","group":"重大環境設施","radius":1000,"name":"三花棉業"},"geometry":{"type":"Point","coordinates":[121.4696402,25.0617681]}},{"type":"Feature","properties":{"label":"工業區／工廠","group":"重大環境設施","radius":1000,"name":"衡奕精密工業"},"geometry":{"type":"Point","coordinates":[121.4655972,25.055382]}},{"type":"Feature","properties":{"label":"工業區／工廠","group":"重大環境設施","radius":1000,"name":"岳穗金屬"},"geometry":{"type":"Point","coordinates":[121.4660103,25.0584535]}},{"type":"Feature","properties":{"label":"工業區／工廠","group":"重大環境設施","radius":1000,"name":"台電台北西區營業處"},"geometry":{"type":"Point","coordinates":[121.4638835,25.0480995]}},{"type":"Feature","properties":{"label":"工業區／工廠","group":"重大環境設施","radius":1000,"name":"上將食品"},"geometry":{"type":"Point","coordinates":[121.4638452,25.0497503]}},{"type":"Feature","properties":{"label":"工業區／工廠","group":"重大環境設施","radius":1000,"name":"工程材料技術所"},"geometry":{"type":"Point","coordinates":[121.4460974,25.0385582]}},{"type":"Feature","properties":{"label":"棕地／疑似廢棄工業地","group":"重大環境設施","radius":1000,"name":"基督教芥菜種會愛心學苑三福助人園區"},"geometry":{"type":"Point","coordinates":[121.4427496,25.0368755]}},{"type":"Feature","properties":{"label":"棕地／疑似廢棄工業地","group":"重大環境設施","radius":1000,"name":"科達建築建案基地"},"geometry":{"type":"Point","coordinates":[121.4984253,25.0780086]}},{"type":"Feature","properties":{"label":"棕地／疑似廢棄工業地","group":"重大環境設施","radius":1000,"name":"OSM 未命名設施"},"geometry":{"type":"Point","coordinates":[121.4953356,25.0798128]}},{"type":"Feature","properties":{"label":"工業區／工廠","group":"重大環境設施","radius":1000,"name":"中華電信"},"geometry":{"type":"Point","coordinates":[121.497907,25.058847]}},{"type":"Feature","properties":{"label":"工業區／工廠","group":"重大環境設施","radius":1000,"name":"中興巴士、光華巴士北士科站"},"geometry":{"type":"Point","coordinates":[121.4997195,25.1002028]}},{"type":"Feature","properties":{"label":"工業區／工廠","group":"重大環境設施","radius":1000,"name":"松湖超高壓變電所預定地"},"geometry":{"type":"Point","coordinates":[121.5745152,25.0548439]}},{"type":"Feature","properties":{"label":"棕地／疑似廢棄工業地","group":"重大環境設施","radius":1000,"name":"OSM 未命名設施"},"geometry":{"type":"Point","coordinates":[121.5309742,24.9763782]}},{"type":"Feature","properties":{"label":"棕地／疑似廢棄工業地","group":"重大環境設施","radius":1000,"name":"OSM 未命名設施"},"geometry":{"type":"Point","coordinates":[121.5313508,24.9756713]}},{"type":"Feature","properties":{"label":"棕地／疑似廢棄工業地","group":"重大環境設施","radius":1000,"name":"OSM 未命名設施"},"geometry":{"type":"Point","coordinates":[121.5260128,24.9825898]}},{"type":"Feature","properties":{"label":"棕地／疑似廢棄工業地","group":"重大環境設施","radius":1000,"name":"江陵建設建地"},"geometry":{"type":"Point","coordinates":[121.5290515,24.9802425]}},{"type":"Feature","properties":{"label":"棕地／疑似廢棄工業地","group":"重大環境設施","radius":1000,"name":"OSM 未命名設施"},"geometry":{"type":"Point","coordinates":[121.5285044,24.9805564]}},{"type":"Feature","properties":{"label":"棕地／疑似廢棄工業地","group":"重大環境設施","radius":1000,"name":"OSM 未命名設施"},"geometry":{"type":"Point","coordinates":[121.5287829,24.9788226]}},{"type":"Feature","properties":{"label":"棕地／疑似廢棄工業地","group":"重大環境設施","radius":1000,"name":"德育建設建地"},"geometry":{"type":"Point","coordinates":[121.5306766,24.9785883]}},{"type":"Feature","properties":{"label":"棕地／疑似廢棄工業地","group":"重大環境設施","radius":1000,"name":"OSM 未命名設施"},"geometry":{"type":"Point","coordinates":[121.5304617,24.9778367]}},{"type":"Feature","properties":{"label":"棕地／疑似廢棄工業地","group":"重大環境設施","radius":1000,"name":"振翔建設建地"},"geometry":{"type":"Point","coordinates":[121.5247959,24.9797506]}},{"type":"Feature","properties":{"label":"棕地／疑似廢棄工業地","group":"重大環境設施","radius":1000,"name":"OSM 未命名設施"},"geometry":{"type":"Point","coordinates":[121.5277992,24.9786163]}},{"type":"Feature","properties":{"label":"棕地／疑似廢棄工業地","group":"重大環境設施","radius":1000,"name":"啟昇建設建地"},"geometry":{"type":"Point","coordinates":[121.5268576,24.9793334]}},{"type":"Feature","properties":{"label":"棕地／疑似廢棄工業地","group":"重大環境設施","radius":1000,"name":"OSM 未命名設施"},"geometry":{"type":"Point","coordinates":[121.564251,24.9897124]}},{"type":"Feature","properties":{"label":"工業區／工廠","group":"重大環境設施","radius":1000,"name":"新泰工業"},"geometry":{"type":"Point","coordinates":[121.4630357,25.0426827]}},{"type":"Feature","properties":{"label":"工業區／工廠","group":"重大環境設施","radius":1000,"name":"四六社區"},"geometry":{"type":"Point","coordinates":[121.4638707,25.041725]}},{"type":"Feature","properties":{"label":"工業區／工廠","group":"重大環境設施","radius":1000,"name":"OSM 未命名設施"},"geometry":{"type":"Point","coordinates":[121.4643503,25.0419481]}},{"type":"Feature","properties":{"label":"棕地／疑似廢棄工業地","group":"重大環境設施","radius":1000,"name":"OSM 未命名設施"},"geometry":{"type":"Point","coordinates":[121.527221,25.099477]}},{"type":"Feature","properties":{"label":"棕地／疑似廢棄工業地","group":"重大環境設施","radius":1000,"name":"OSM 未命名設施"},"geometry":{"type":"Point","coordinates":[121.5378166,25.1105006]}},{"type":"Feature","properties":{"label":"工業區／工廠","group":"重大環境設施","radius":1000,"name":"嘉里大榮物流"},"geometry":{"type":"Point","coordinates":[121.4170964,24.9615037]}},{"type":"Feature","properties":{"label":"工業區／工廠","group":"重大環境設施","radius":1000,"name":"大業鴻圖"},"geometry":{"type":"Point","coordinates":[121.4327082,24.9700041]}},{"type":"Feature","properties":{"label":"工業區／工廠","group":"重大環境設施","radius":1000,"name":"圓展科技"},"geometry":{"type":"Point","coordinates":[121.4330515,24.9704391]}},{"type":"Feature","properties":{"label":"工業區／工廠","group":"重大環境設施","radius":1000,"name":"PSM International"},"geometry":{"type":"Point","coordinates":[121.4322239,24.9694879]}},{"type":"Feature","properties":{"label":"工業區／工廠","group":"重大環境設施","radius":1000,"name":"鴻海"},"geometry":{"type":"Point","coordinates":[121.4324874,24.9697746]}},{"type":"Feature","properties":{"label":"工業區／工廠","group":"重大環境設施","radius":1000,"name":"綠意順光天下"},"geometry":{"type":"Point","coordinates":[121.4399226,24.9687046]}},{"type":"Feature","properties":{"label":"棕地／疑似廢棄工業地","group":"重大環境設施","radius":1000,"name":"大同莊園三期"},"geometry":{"type":"Point","coordinates":[121.4467545,24.9823778]}},{"type":"Feature","properties":{"label":"棕地／疑似廢棄工業地","group":"重大環境設施","radius":1000,"name":"統一超商商場預定地"},"geometry":{"type":"Point","coordinates":[121.4504648,24.9794949]}},{"type":"Feature","properties":{"label":"棕地／疑似廢棄工業地","group":"重大環境設施","radius":1000,"name":"OSM 未命名設施"},"geometry":{"type":"Point","coordinates":[121.4519256,24.9800777]}},{"type":"Feature","properties":{"label":"棕地／疑似廢棄工業地","group":"重大環境設施","radius":1000,"name":"光寶科技中和數位大樓新建工程"},"geometry":{"type":"Point","coordinates":[121.4874628,25.0015592]}},{"type":"Feature","properties":{"label":"工業區／工廠","group":"重大環境設施","radius":1000,"name":"中華電信"},"geometry":{"type":"Point","coordinates":[121.4585533,24.9853304]}},{"type":"Feature","properties":{"label":"工業區／工廠","group":"重大環境設施","radius":1000,"name":"原TOYOTA(己拆除，搬離)"},"geometry":{"type":"Point","coordinates":[121.4586192,24.9929743]}},{"type":"Feature","properties":{"label":"工業區／工廠","group":"重大環境設施","radius":1000,"name":"板橋世貿工業園區"},"geometry":{"type":"Point","coordinates":[121.459251,24.9926947]}},{"type":"Feature","properties":{"label":"工業區／工廠","group":"重大環境設施","radius":1000,"name":"OSM 未命名設施"},"geometry":{"type":"Point","coordinates":[121.4804723,25.0229677]}},{"type":"Feature","properties":{"label":"工業區／工廠","group":"重大環境設施","radius":1000,"name":"江子翠抽水站"},"geometry":{"type":"Point","coordinates":[121.4844584,25.0239898]}},{"type":"Feature","properties":{"label":"棕地／疑似廢棄工業地","group":"重大環境設施","radius":1000,"name":"OSM 未命名設施"},"geometry":{"type":"Point","coordinates":[121.4811069,25.0231887]}},{"type":"Feature","properties":{"label":"工業區／工廠","group":"重大環境設施","radius":1000,"name":"獅子頭抽水站"},"geometry":{"type":"Point","coordinates":[121.4516392,25.1058051]}},{"type":"Feature","properties":{"label":"棕地／疑似廢棄工業地","group":"重大環境設施","radius":1000,"name":"光環安居社會住宅預定地"},"geometry":{"type":"Point","coordinates":[121.4820395,25.017262]}},{"type":"Feature","properties":{"label":"棕地／疑似廢棄工業地","group":"重大環境設施","radius":1000,"name":"OSM 未命名設施"},"geometry":{"type":"Point","coordinates":[121.4566352,25.0608354]}},{"type":"Feature","properties":{"label":"棕地／疑似廢棄工業地","group":"重大環境設施","radius":1000,"name":"OSM 未命名設施"},"geometry":{"type":"Point","coordinates":[121.4463627,25.0586839]}},{"type":"Feature","properties":{"label":"棕地／疑似廢棄工業地","group":"重大環境設施","radius":1000,"name":"OSM 未命名設施"},"geometry":{"type":"Point","coordinates":[121.4461333,25.058557]}},{"type":"Feature","properties":{"label":"棕地／疑似廢棄工業地","group":"重大環境設施","radius":1000,"name":"佳元建設都市更新建地"},"geometry":{"type":"Point","coordinates":[121.474148,25.0215682]}},{"type":"Feature","properties":{"label":"工業區／工廠","group":"重大環境設施","radius":1000,"name":"南港遠東科學園區"},"geometry":{"type":"Point","coordinates":[121.5912509,25.0554019]}},{"type":"Feature","properties":{"label":"工業區／工廠","group":"重大環境設施","radius":1000,"name":"OSM 未命名設施"},"geometry":{"type":"Point","coordinates":[121.5905644,25.0555529]}},{"type":"Feature","properties":{"label":"工業區／工廠","group":"重大環境設施","radius":1000,"name":"OSM 未命名設施"},"geometry":{"type":"Point","coordinates":[121.3560778,25.0584559]}},{"type":"Feature","properties":{"label":"工業區／工廠","group":"重大環境設施","radius":1000,"name":"OSM 未命名設施"},"geometry":{"type":"Point","coordinates":[121.4409154,25.0788405]}},{"type":"Feature","properties":{"label":"工業區／工廠","group":"重大環境設施","radius":1000,"name":"OSM 未命名設施"},"geometry":{"type":"Point","coordinates":[121.441681,25.0790381]}},{"type":"Feature","properties":{"label":"工業區／工廠","group":"重大環境設施","radius":1000,"name":"鉅工實業股份有限公司"},"geometry":{"type":"Point","coordinates":[121.4417122,25.0811905]}},{"type":"Feature","properties":{"label":"棕地／疑似廢棄工業地","group":"重大環境設施","radius":1000,"name":"OSM 未命名設施"},"geometry":{"type":"Point","coordinates":[121.4425255,25.0811319]}},{"type":"Feature","properties":{"label":"工業區／工廠","group":"重大環境設施","radius":1000,"name":"OSM 未命名設施"},"geometry":{"type":"Point","coordinates":[121.4432894,25.0809137]}},{"type":"Feature","properties":{"label":"工業區／工廠","group":"重大環境設施","radius":1000,"name":"OSM 未命名設施"},"geometry":{"type":"Point","coordinates":[121.443128,25.0805861]}},{"type":"Feature","properties":{"label":"工業區／工廠","group":"重大環境設施","radius":1000,"name":"OSM 未命名設施"},"geometry":{"type":"Point","coordinates":[121.4423221,25.0803999]}},{"type":"Feature","properties":{"label":"工業區／工廠","group":"重大環境設施","radius":1000,"name":"建富汽車"},"geometry":{"type":"Point","coordinates":[121.443857,25.0803451]}},{"type":"Feature","properties":{"label":"工業區／工廠","group":"重大環境設施","radius":1000,"name":"OSM 未命名設施"},"geometry":{"type":"Point","coordinates":[121.4446904,25.0837992]}},{"type":"Feature","properties":{"label":"工業區／工廠","group":"重大環境設施","radius":1000,"name":"OSM 未命名設施"},"geometry":{"type":"Point","coordinates":[121.4462873,25.0840622]}},{"type":"Feature","properties":{"label":"棕地／疑似廢棄工業地","group":"重大環境設施","radius":1000,"name":"OSM 未命名設施"},"geometry":{"type":"Point","coordinates":[121.4430477,25.0819995]}},{"type":"Feature","properties":{"label":"棕地／疑似廢棄工業地","group":"重大環境設施","radius":1000,"name":"OSM 未命名設施"},"geometry":{"type":"Point","coordinates":[121.4419214,25.0820313]}},{"type":"Feature","properties":{"label":"工業區／工廠","group":"重大環境設施","radius":1000,"name":"台灣水泥 台北水泥製品廠"},"geometry":{"type":"Point","coordinates":[121.6374143,25.0578672]}},{"type":"Feature","properties":{"label":"工業區／工廠","group":"重大環境設施","radius":1000,"name":"國揚矽谷"},"geometry":{"type":"Point","coordinates":[121.6333349,25.0613454]}},{"type":"Feature","properties":{"label":"工業區／工廠","group":"重大環境設施","radius":1000,"name":"林口水資源回收中心"},"geometry":{"type":"Point","coordinates":[121.3953689,25.084903]}},{"type":"Feature","properties":{"label":"工業區／工廠","group":"重大環境設施","radius":1000,"name":"OSM 未命名設施"},"geometry":{"type":"Point","coordinates":[121.6103023,25.0598217]}},{"type":"Feature","properties":{"label":"工業區／工廠","group":"重大環境設施","radius":1000,"name":"OSM 未命名設施"},"geometry":{"type":"Point","coordinates":[121.6107147,25.060144]}},{"type":"Feature","properties":{"label":"工業區／工廠","group":"重大環境設施","radius":1000,"name":"富達鋼鐵股份有限公司"},"geometry":{"type":"Point","coordinates":[121.6259529,25.0388562]}},{"type":"Feature","properties":{"label":"工業區／工廠","group":"重大環境設施","radius":1000,"name":"台北科技城"},"geometry":{"type":"Point","coordinates":[121.4713437,25.0503869]}},{"type":"Feature","properties":{"label":"工業區／工廠","group":"重大環境設施","radius":1000,"name":"阿姆斯壯企業總部"},"geometry":{"type":"Point","coordinates":[121.4728723,25.0503156]}},{"type":"Feature","properties":{"label":"工業區／工廠","group":"重大環境設施","radius":1000,"name":"二重科技園區"},"geometry":{"type":"Point","coordinates":[121.4709639,25.0472742]}},{"type":"Feature","properties":{"label":"工業區／工廠","group":"重大環境設施","radius":1000,"name":"OSM 未命名設施"},"geometry":{"type":"Point","coordinates":[121.470206,25.0437851]}},{"type":"Feature","properties":{"label":"工業區／工廠","group":"重大環境設施","radius":1000,"name":"OSM 未命名設施"},"geometry":{"type":"Point","coordinates":[121.470033,25.0440489]}},{"type":"Feature","properties":{"label":"工業區／工廠","group":"重大環境設施","radius":1000,"name":"OSM 未命名設施"},"geometry":{"type":"Point","coordinates":[121.47031,25.0433283]}},{"type":"Feature","properties":{"label":"工業區／工廠","group":"重大環境設施","radius":1000,"name":"OSM 未命名設施"},"geometry":{"type":"Point","coordinates":[121.4712743,25.0438058]}},{"type":"Feature","properties":{"label":"工業區／工廠","group":"重大環境設施","radius":1000,"name":"OSM 未命名設施"},"geometry":{"type":"Point","coordinates":[121.4736695,25.0448641]}},{"type":"Feature","properties":{"label":"工業區／工廠","group":"重大環境設施","radius":1000,"name":"OSM 未命名設施"},"geometry":{"type":"Point","coordinates":[121.4753043,25.046569]}},{"type":"Feature","properties":{"label":"工業區／工廠","group":"重大環境設施","radius":1000,"name":"OSM 未命名設施"},"geometry":{"type":"Point","coordinates":[121.4745523,25.0450375]}},{"type":"Feature","properties":{"label":"工業區／工廠","group":"重大環境設施","radius":1000,"name":"OSM 未命名設施"},"geometry":{"type":"Point","coordinates":[121.4691139,25.0449474]}},{"type":"Feature","properties":{"label":"工業區／工廠","group":"重大環境設施","radius":1000,"name":"中興工業城"},"geometry":{"type":"Point","coordinates":[121.469859,25.0510329]}},{"type":"Feature","properties":{"label":"工業區／工廠","group":"重大環境設施","radius":1000,"name":"OSM 未命名設施"},"geometry":{"type":"Point","coordinates":[121.469647,25.05347]}},{"type":"Feature","properties":{"label":"棕地／疑似廢棄工業地","group":"重大環境設施","radius":1000,"name":"世喆建設 (友座) 都更基地"},"geometry":{"type":"Point","coordinates":[121.6145888,25.05574]}},{"type":"Feature","properties":{"label":"工業區／工廠","group":"重大環境設施","radius":1000,"name":"OSM 未命名設施"},"geometry":{"type":"Point","coordinates":[121.474036,25.0474936]}},{"type":"Feature","properties":{"label":"棕地／疑似廢棄工業地","group":"重大環境設施","radius":1000,"name":"台灣銀行土地"},"geometry":{"type":"Point","coordinates":[121.5082713,25.0455832]}},{"type":"Feature","properties":{"label":"工業區／工廠","group":"重大環境設施","radius":1000,"name":"OSM 未命名設施"},"geometry":{"type":"Point","coordinates":[121.3995602,25.0843784]}},{"type":"Feature","properties":{"label":"工業區／工廠","group":"重大環境設施","radius":1000,"name":"OSM 未命名設施"},"geometry":{"type":"Point","coordinates":[121.3904425,25.0895798]}},{"type":"Feature","properties":{"label":"工業區／工廠","group":"重大環境設施","radius":1000,"name":"OSM 未命名設施"},"geometry":{"type":"Point","coordinates":[121.5544958,24.9853467]}},{"type":"Feature","properties":{"label":"工業區／工廠","group":"重大環境設施","radius":1000,"name":"三峽變電所舊址"},"geometry":{"type":"Point","coordinates":[121.3680311,24.9346902]}},{"type":"Feature","properties":{"label":"工業區／工廠","group":"重大環境設施","radius":1000,"name":"新北市清潔隊永福橋下清運點"},"geometry":{"type":"Point","coordinates":[121.525599,25.0091513]}},{"type":"Feature","properties":{"label":"棕地／疑似廢棄工業地","group":"重大環境設施","radius":1000,"name":"廣場/停車場用地"},"geometry":{"type":"Point","coordinates":[121.5271846,24.992342]}},{"type":"Feature","properties":{"label":"工業區／工廠","group":"重大環境設施","radius":1000,"name":"秀山抽水站"},"geometry":{"type":"Point","coordinates":[121.5267501,24.9923589]}},{"type":"Feature","properties":{"label":"工業區／工廠","group":"重大環境設施","radius":1000,"name":"瓦磘抽水站"},"geometry":{"type":"Point","coordinates":[121.4994447,25.0086774]}},{"type":"Feature","properties":{"label":"工業區／工廠","group":"重大環境設施","radius":1000,"name":"中和二抽水站"},"geometry":{"type":"Point","coordinates":[121.4922436,25.0077377]}},{"type":"Feature","properties":{"label":"工業區／工廠","group":"重大環境設施","radius":1000,"name":"中和抽水站"},"geometry":{"type":"Point","coordinates":[121.4928877,25.007678]}},{"type":"Feature","properties":{"label":"工業區／工廠","group":"重大環境設施","radius":1000,"name":"永和3號臨時抽水站"},"geometry":{"type":"Point","coordinates":[121.5128848,24.9933732]}},{"type":"Feature","properties":{"label":"工業區／工廠","group":"重大環境設施","radius":1000,"name":"永和2號抽水站"},"geometry":{"type":"Point","coordinates":[121.515411,24.994828]}},{"type":"Feature","properties":{"label":"工業區／工廠","group":"重大環境設施","radius":1000,"name":"永和1號抽水站"},"geometry":{"type":"Point","coordinates":[121.5169082,24.9957125]}},{"type":"Feature","properties":{"label":"工業區／工廠","group":"重大環境設施","radius":1000,"name":"大仁滯洪池"},"geometry":{"type":"Point","coordinates":[121.3247608,24.9659386]}},{"type":"Feature","properties":{"label":"棕地／疑似廢棄工業地","group":"重大環境設施","radius":1000,"name":"OSM 未命名設施"},"geometry":{"type":"Point","coordinates":[121.519283,25.032107]}},{"type":"Feature","properties":{"label":"棕地／疑似廢棄工業地","group":"重大環境設施","radius":1000,"name":"OSM 未命名設施"},"geometry":{"type":"Point","coordinates":[121.5190669,25.0321771]}},{"type":"Feature","properties":{"label":"棕地／疑似廢棄工業地","group":"重大環境設施","radius":1000,"name":"安家秀"},"geometry":{"type":"Point","coordinates":[121.4980189,25.039817]}},{"type":"Feature","properties":{"label":"工業區／工廠","group":"重大環境設施","radius":1000,"name":"公館淤泥處理廠"},"geometry":{"type":"Point","coordinates":[121.532165,25.01204]}},{"type":"Feature","properties":{"label":"工業區／工廠","group":"重大環境設施","radius":1000,"name":"公館淨水廠"},"geometry":{"type":"Point","coordinates":[121.5312491,25.0127673]}},{"type":"Feature","properties":{"label":"工業區／工廠","group":"重大環境設施","radius":1000,"name":"公館加壓站"},"geometry":{"type":"Point","coordinates":[121.5288111,25.011792]}},{"type":"Feature","properties":{"label":"工業區／工廠","group":"重大環境設施","radius":1000,"name":"景美污水抽水站"},"geometry":{"type":"Point","coordinates":[121.536213,25.0104321]}},{"type":"Feature","properties":{"label":"棕地／疑似廢棄工業地","group":"重大環境設施","radius":1000,"name":"OSM 未命名設施"},"geometry":{"type":"Point","coordinates":[121.5297727,25.056991]}},{"type":"Feature","properties":{"label":"工業區／工廠","group":"重大環境設施","radius":1000,"name":"永和截流站"},"geometry":{"type":"Point","coordinates":[121.5033375,25.0117528]}},{"type":"Feature","properties":{"label":"工業區／工廠","group":"重大環境設施","radius":1000,"name":"永和汙水營管中心"},"geometry":{"type":"Point","coordinates":[121.5034117,25.0114507]}},{"type":"Feature","properties":{"label":"工業區／工廠","group":"重大環境設施","radius":1000,"name":"OSM 未命名設施"},"geometry":{"type":"Point","coordinates":[121.50418,25.0123937]}},{"type":"Feature","properties":{"label":"工業區／工廠","group":"重大環境設施","radius":1000,"name":"永和抽水站"},"geometry":{"type":"Point","coordinates":[121.50434,25.0125529]}},{"type":"Feature","properties":{"label":"工業區／工廠","group":"重大環境設施","radius":1000,"name":"永和區資源回收中心"},"geometry":{"type":"Point","coordinates":[121.5040264,25.0107633]}},{"type":"Feature","properties":{"label":"工業區／工廠","group":"重大環境設施","radius":1000,"name":"中原抽水站"},"geometry":{"type":"Point","coordinates":[121.4894539,25.0096819]}},{"type":"Feature","properties":{"label":"工業區／工廠","group":"重大環境設施","radius":1000,"name":"家美工業區"},"geometry":{"type":"Point","coordinates":[121.4935072,25.0008612]}},{"type":"Feature","properties":{"label":"工業區／工廠","group":"重大環境設施","radius":1000,"name":"新竹物流"},"geometry":{"type":"Point","coordinates":[121.4895734,25.0007555]}},{"type":"Feature","properties":{"label":"棕地／疑似廢棄工業地","group":"重大環境設施","radius":1000,"name":"國泰國小遷校預定地"},"geometry":{"type":"Point","coordinates":[121.4360314,25.0381837]}},{"type":"Feature","properties":{"label":"棕地／疑似廢棄工業地","group":"重大環境設施","radius":1000,"name":"林口交流道改善工程"},"geometry":{"type":"Point","coordinates":[121.3676974,25.0665601]}},{"type":"Feature","properties":{"label":"棕地／疑似廢棄工業地","group":"重大環境設施","radius":1000,"name":"林口交流道改善工程"},"geometry":{"type":"Point","coordinates":[121.3680407,25.0639021]}},{"type":"Feature","properties":{"label":"工業區／工廠","group":"重大環境設施","radius":1000,"name":"OSM 未命名設施"},"geometry":{"type":"Point","coordinates":[121.3572782,25.0691864]}},{"type":"Feature","properties":{"label":"棕地／疑似廢棄工業地","group":"重大環境設施","radius":1000,"name":"OSM 未命名設施"},"geometry":{"type":"Point","coordinates":[121.5427615,25.0246796]}},{"type":"Feature","properties":{"label":"棕地／疑似廢棄工業地","group":"重大環境設施","radius":1000,"name":"信維郵局自辦都更案基地"},"geometry":{"type":"Point","coordinates":[121.5465449,25.032959]}},{"type":"Feature","properties":{"label":"工業區／工廠","group":"重大環境設施","radius":1000,"name":"盛記食品廠有限公司"},"geometry":{"type":"Point","coordinates":[121.5523287,24.9911635]}},{"type":"Feature","properties":{"label":"工業區／工廠","group":"重大環境設施","radius":1000,"name":"故宮行政園區"},"geometry":{"type":"Point","coordinates":[121.5491842,25.0968935]}},{"type":"Feature","properties":{"label":"工業區／工廠","group":"重大環境設施","radius":1000,"name":"OSM 未命名設施"},"geometry":{"type":"Point","coordinates":[121.4113281,24.9732859]}},{"type":"Feature","properties":{"label":"工業區／工廠","group":"重大環境設施","radius":1000,"name":"OSM 未命名設施"},"geometry":{"type":"Point","coordinates":[121.4119127,24.973486]}},{"type":"Feature","properties":{"label":"工業區／工廠","group":"重大環境設施","radius":1000,"name":"OSM 未命名設施"},"geometry":{"type":"Point","coordinates":[121.4109751,24.973125]}},{"type":"Feature","properties":{"label":"工業區／工廠","group":"重大環境設施","radius":1000,"name":"樟樹灣"},"geometry":{"type":"Point","coordinates":[121.6436668,25.0625876]}},{"type":"Feature","properties":{"label":"工業區／工廠","group":"重大環境設施","radius":1000,"name":"樟樹灣"},"geometry":{"type":"Point","coordinates":[121.6429641,25.0626848]}},{"type":"Feature","properties":{"label":"工業區／工廠","group":"重大環境設施","radius":1000,"name":"安華加壓站"},"geometry":{"type":"Point","coordinates":[121.5186899,24.9590259]}},{"type":"Feature","properties":{"label":"工業區／工廠","group":"重大環境設施","radius":1000,"name":"新店清潔隊"},"geometry":{"type":"Point","coordinates":[121.5194194,24.9607097]}},{"type":"Feature","properties":{"label":"工業區／工廠","group":"重大環境設施","radius":1000,"name":"慶康預拌廠"},"geometry":{"type":"Point","coordinates":[121.5189728,24.961994]}},{"type":"Feature","properties":{"label":"棕地／疑似廢棄工業地","group":"重大環境設施","radius":1000,"name":"NVIDIA Constellation"},"geometry":{"type":"Point","coordinates":[121.5161124,25.1007617]}},{"type":"Feature","properties":{"label":"工業區／工廠","group":"重大環境設施","radius":1000,"name":"臺灣菸酒臺北菸廠"},"geometry":{"type":"Point","coordinates":[121.5084751,24.9568263]}},{"type":"Feature","properties":{"label":"棕地／疑似廢棄工業地","group":"重大環境設施","radius":1000,"name":"台貿八村遺址"},"geometry":{"type":"Point","coordinates":[121.5111835,24.9578647]}},{"type":"Feature","properties":{"label":"工業區／工廠","group":"重大環境設施","radius":1000,"name":"臺灣菸酒大茅埔倉庫"},"geometry":{"type":"Point","coordinates":[121.4980885,24.9550216]}},{"type":"Feature","properties":{"label":"棕地／疑似廢棄工業地","group":"重大環境設施","radius":1000,"name":"OSM 未命名設施"},"geometry":{"type":"Point","coordinates":[121.5532701,25.0085977]}},{"type":"Feature","properties":{"label":"棕地／疑似廢棄工業地","group":"重大環境設施","radius":1000,"name":"OSM 未命名設施"},"geometry":{"type":"Point","coordinates":[121.5526999,25.0074186]}},{"type":"Feature","properties":{"label":"工業區／工廠","group":"重大環境設施","radius":1000,"name":"中華電信臺北東四局"},"geometry":{"type":"Point","coordinates":[121.5677811,25.0336558]}},{"type":"Feature","properties":{"label":"工業區／工廠","group":"重大環境設施","radius":1000,"name":"信義苗圃資源回收轉運站"},"geometry":{"type":"Point","coordinates":[121.5738779,25.0327662]}},{"type":"Feature","properties":{"label":"工業區／工廠","group":"重大環境設施","radius":1000,"name":"長安抽水站"},"geometry":{"type":"Point","coordinates":[121.5271699,25.0526036]}},{"type":"Feature","properties":{"label":"棕地／疑似廢棄工業地","group":"重大環境設施","radius":1000,"name":"東環段Y39站預定地"},"geometry":{"type":"Point","coordinates":[121.5699752,25.0237594]}},{"type":"Feature","properties":{"label":"棕地／疑似廢棄工業地","group":"重大環境設施","radius":1000,"name":"東環段Y38站預定地"},"geometry":{"type":"Point","coordinates":[121.568301,25.0324823]}},{"type":"Feature","properties":{"label":"棕地／疑似廢棄工業地","group":"重大環境設施","radius":1000,"name":"東環段Y37站預定地"},"geometry":{"type":"Point","coordinates":[121.5778117,25.0411449]}},{"type":"Feature","properties":{"label":"棕地／疑似廢棄工業地","group":"重大環境設施","radius":1000,"name":"東環段Y36站預定地"},"geometry":{"type":"Point","coordinates":[121.5777825,25.0485074]}},{"type":"Feature","properties":{"label":"棕地／疑似廢棄工業地","group":"重大環境設施","radius":1000,"name":"東環段Y35站預定地"},"geometry":{"type":"Point","coordinates":[121.5796794,25.0596157]}},{"type":"Feature","properties":{"label":"棕地／疑似廢棄工業地","group":"重大環境設施","radius":1000,"name":"台北捷運東機廠預定地"},"geometry":{"type":"Point","coordinates":[121.5807017,25.0608005]}},{"type":"Feature","properties":{"label":"棕地／疑似廢棄工業地","group":"重大環境設施","radius":1000,"name":"東環段Y33站預定地"},"geometry":{"type":"Point","coordinates":[121.5792176,25.0726951]}},{"type":"Feature","properties":{"label":"棕地／疑似廢棄工業地","group":"重大環境設施","radius":1000,"name":"東環段Y32站預定地"},"geometry":{"type":"Point","coordinates":[121.5733929,25.077138]}},{"type":"Feature","properties":{"label":"棕地／疑似廢棄工業地","group":"重大環境設施","radius":1000,"name":"東環段Y31站預定地"},"geometry":{"type":"Point","coordinates":[121.5684595,25.079343]}},{"type":"Feature","properties":{"label":"棕地／疑似廢棄工業地","group":"重大環境設施","radius":1000,"name":"東環段Y30站預定地"},"geometry":{"type":"Point","coordinates":[121.5593221,25.079924]}},{"type":"Feature","properties":{"label":"棕地／疑似廢棄工業地","group":"重大環境設施","radius":1000,"name":"OSM 未命名設施"},"geometry":{"type":"Point","coordinates":[121.5403821,24.9928484]}},{"type":"Feature","properties":{"label":"工業區／工廠","group":"重大環境設施","radius":1000,"name":"重拓工業"},"geometry":{"type":"Point","coordinates":[121.4213462,25.0327117]}},{"type":"Feature","properties":{"label":"工業區／工廠","group":"重大環境設施","radius":1000,"name":"光昇實業"},"geometry":{"type":"Point","coordinates":[121.3410558,24.9729344]}},{"type":"Feature","properties":{"label":"棕地／疑似廢棄工業地","group":"重大環境設施","radius":1000,"name":"臺灣金融都更危老基地"},"geometry":{"type":"Point","coordinates":[121.4998905,25.0240834]}},{"type":"Feature","properties":{"label":"工業區／工廠","group":"重大環境設施","radius":1000,"name":"中正工業大樓"},"geometry":{"type":"Point","coordinates":[121.4855155,24.9994394]}},{"type":"Feature","properties":{"label":"棕地／疑似廢棄工業地","group":"重大環境設施","radius":1000,"name":"古亭開發龍泉段商住大樓新建工程"},"geometry":{"type":"Point","coordinates":[121.523758,25.0266456]}},{"type":"Feature","properties":{"label":"工業區／工廠","group":"重大環境設施","radius":1000,"name":"OSM 未命名設施"},"geometry":{"type":"Point","coordinates":[121.553826,24.98037]}},{"type":"Feature","properties":{"label":"棕地／疑似廢棄工業地","group":"重大環境設施","radius":1000,"name":"OSM 未命名設施"},"geometry":{"type":"Point","coordinates":[121.5385501,25.0480265]}},{"type":"Feature","properties":{"label":"棕地／疑似廢棄工業地","group":"重大環境設施","radius":1000,"name":"OSM 未命名設施"},"geometry":{"type":"Point","coordinates":[121.537802,25.0481289]}},{"type":"Feature","properties":{"label":"工業區／工廠","group":"重大環境設施","radius":1000,"name":"將捷 Ai Park"},"geometry":{"type":"Point","coordinates":[121.4779769,25.0108878]}},{"type":"Feature","properties":{"label":"工業區／工廠","group":"重大環境設施","radius":1000,"name":"是方電訊聯雲智能資料中心"},"geometry":{"type":"Point","coordinates":[121.5779834,25.0627493]}},{"type":"Feature","properties":{"label":"工業區／工廠","group":"重大環境設施","radius":1000,"name":"中華電信北區供應處材料庫"},"geometry":{"type":"Point","coordinates":[121.5892879,25.0704047]}},{"type":"Feature","properties":{"label":"工業區／工廠","group":"重大環境設施","radius":1000,"name":"臺灣菸酒中和所"},"geometry":{"type":"Point","coordinates":[121.4980752,25.0030036]}},{"type":"Feature","properties":{"label":"工業區／工廠","group":"重大環境設施","radius":1000,"name":"中華電信福和機房"},"geometry":{"type":"Point","coordinates":[121.5254628,25.0026394]}},{"type":"Feature","properties":{"label":"工業區／工廠","group":"重大環境設施","radius":1000,"name":"中華電信永和機房"},"geometry":{"type":"Point","coordinates":[121.5124306,25.0064301]}},{"type":"Feature","properties":{"label":"工業區／工廠","group":"重大環境設施","radius":1000,"name":"中華電信機務維運大樓"},"geometry":{"type":"Point","coordinates":[121.5164516,25.0235993]}},{"type":"Feature","properties":{"label":"工業區／工廠","group":"重大環境設施","radius":1000,"name":"中華電信愛國園區"},"geometry":{"type":"Point","coordinates":[121.5255164,25.0325356]}},{"type":"Feature","properties":{"label":"工業區／工廠","group":"重大環境設施","radius":1000,"name":"中華電信大安園區"},"geometry":{"type":"Point","coordinates":[121.5471343,25.0323834]}},{"type":"Feature","properties":{"label":"工業區／工廠","group":"重大環境設施","radius":1000,"name":"中華電信台北東三局區"},"geometry":{"type":"Point","coordinates":[121.5466178,25.0338818]}},{"type":"Feature","properties":{"label":"工業區／工廠","group":"重大環境設施","radius":1000,"name":"中華電信台北東一局"},"geometry":{"type":"Point","coordinates":[121.5483416,25.0438821]}},{"type":"Feature","properties":{"label":"工業區／工廠","group":"重大環境設施","radius":1000,"name":"中華電信臺北東七機房"},"geometry":{"type":"Point","coordinates":[121.5731511,25.0368061]}},{"type":"Feature","properties":{"label":"工業區／工廠","group":"重大環境設施","radius":1000,"name":"中華電信臺北南港機房"},"geometry":{"type":"Point","coordinates":[121.5987766,25.0533647]}},{"type":"Feature","properties":{"label":"工業區／工廠","group":"重大環境設施","radius":1000,"name":"中華電信臺北東二局"},"geometry":{"type":"Point","coordinates":[121.5679492,25.0575596]}},{"type":"Feature","properties":{"label":"工業區／工廠","group":"重大環境設施","radius":1000,"name":"中華電信臺北東五局機房"},"geometry":{"type":"Point","coordinates":[121.5506366,25.0597616]}},{"type":"Feature","properties":{"label":"棕地／疑似廢棄工業地","group":"重大環境設施","radius":1000,"name":"鈞美集團建地"},"geometry":{"type":"Point","coordinates":[121.4643164,25.0319001]}},{"type":"Feature","properties":{"label":"棕地／疑似廢棄工業地","group":"重大環境設施","radius":1000,"name":"潤泰創新建案基地"},"geometry":{"type":"Point","coordinates":[121.4711593,25.035522]}},{"type":"Feature","properties":{"label":"棕地／疑似廢棄工業地","group":"重大環境設施","radius":1000,"name":"OSM 未命名設施"},"geometry":{"type":"Point","coordinates":[121.4715801,25.0351312]}},{"type":"Feature","properties":{"label":"棕地／疑似廢棄工業地","group":"重大環境設施","radius":1000,"name":"OSM 未命名設施"},"geometry":{"type":"Point","coordinates":[121.4721711,25.0358143]}},{"type":"Feature","properties":{"label":"棕地／疑似廢棄工業地","group":"重大環境設施","radius":1000,"name":"OSM 未命名設施"},"geometry":{"type":"Point","coordinates":[121.4734887,25.0346803]}},{"type":"Feature","properties":{"label":"棕地／疑似廢棄工業地","group":"重大環境設施","radius":1000,"name":"OSM 未命名設施"},"geometry":{"type":"Point","coordinates":[121.4771128,25.03631]}},{"type":"Feature","properties":{"label":"棕地／疑似廢棄工業地","group":"重大環境設施","radius":1000,"name":"OSM 未命名設施"},"geometry":{"type":"Point","coordinates":[121.4774029,25.0358911]}},{"type":"Feature","properties":{"label":"工業區／工廠","group":"重大環境設施","radius":1000,"name":"丞隆建材行"},"geometry":{"type":"Point","coordinates":[121.4222157,25.1954081]}},{"type":"Feature","properties":{"label":"工業區／工廠","group":"重大環境設施","radius":1000,"name":"OSM 未命名設施"},"geometry":{"type":"Point","coordinates":[121.4247016,25.1953251]}},{"type":"Feature","properties":{"label":"棕地／疑似廢棄工業地","group":"重大環境設施","radius":1000,"name":"OSM 未命名設施"},"geometry":{"type":"Point","coordinates":[121.4247396,25.0262239]}},{"type":"Feature","properties":{"label":"工業區／工廠","group":"重大環境設施","radius":1000,"name":"OSM 未命名設施"},"geometry":{"type":"Point","coordinates":[121.4409222,25.1897325]}},{"type":"Feature","properties":{"label":"工業區／工廠","group":"重大環境設施","radius":1000,"name":"OSM 未命名設施"},"geometry":{"type":"Point","coordinates":[121.4350014,25.1823302]}},{"type":"Feature","properties":{"label":"工業區／工廠","group":"重大環境設施","radius":1000,"name":"OSM 未命名設施"},"geometry":{"type":"Point","coordinates":[121.4454332,25.1919259]}},{"type":"Feature","properties":{"label":"工業區／工廠","group":"重大環境設施","radius":1000,"name":"工務整備區"},"geometry":{"type":"Point","coordinates":[121.526764,25.0085822]}},{"type":"Feature","properties":{"label":"棕地／疑似廢棄工業地","group":"重大環境設施","radius":1000,"name":"秀山消防分隊 (預定地)"},"geometry":{"type":"Point","coordinates":[121.5273252,24.9924184]}},{"type":"Feature","properties":{"label":"棕地／疑似廢棄工業地","group":"重大環境設施","radius":1000,"name":"中和秀山三界大帝廟 (預定地)"},"geometry":{"type":"Point","coordinates":[121.5268067,24.9919576]}},{"type":"Feature","properties":{"label":"工業區／工廠","group":"重大環境設施","radius":1000,"name":"OSM 未命名設施"},"geometry":{"type":"Point","coordinates":[121.5335898,24.9695011]}},{"type":"Feature","properties":{"label":"工業區／工廠","group":"重大環境設施","radius":1000,"name":"OSM 未命名設施"},"geometry":{"type":"Point","coordinates":[121.5319193,24.9704614]}},{"type":"Feature","properties":{"label":"工業區／工廠","group":"重大環境設施","radius":1000,"name":"OSM 未命名設施"},"geometry":{"type":"Point","coordinates":[121.5302317,24.9710199]}},{"type":"Feature","properties":{"label":"工業區／工廠","group":"重大環境設施","radius":1000,"name":"銘乾建材"},"geometry":{"type":"Point","coordinates":[121.5361225,24.9674605]}},{"type":"Feature","properties":{"label":"工業區／工廠","group":"重大環境設施","radius":1000,"name":"OSM 未命名設施"},"geometry":{"type":"Point","coordinates":[121.3676585,24.9213876]}},{"type":"Feature","properties":{"label":"棕地／疑似廢棄工業地","group":"重大環境設施","radius":1000,"name":"OSM 未命名設施"},"geometry":{"type":"Point","coordinates":[121.371911,24.9408248]}},{"type":"Feature","properties":{"label":"工業區／工廠","group":"重大環境設施","radius":1000,"name":"中華電信台北營運處第七客網中心六股"},"geometry":{"type":"Point","coordinates":[121.4204686,25.1872961]}},{"type":"Feature","properties":{"label":"棕地／疑似廢棄工業地","group":"重大環境設施","radius":1000,"name":"OSM 未命名設施"},"geometry":{"type":"Point","coordinates":[121.3566787,25.0680424]}},{"type":"Feature","properties":{"label":"棕地／疑似廢棄工業地","group":"重大環境設施","radius":1000,"name":"OSM 未命名設施"},"geometry":{"type":"Point","coordinates":[121.356598,25.0672266]}},{"type":"Feature","properties":{"label":"工業區／工廠","group":"重大環境設施","radius":1000,"name":"捷運土城樹林線橋樑預鑄基地"},"geometry":{"type":"Point","coordinates":[121.4385287,25.0254885]}},{"type":"Feature","properties":{"label":"棕地／疑似廢棄工業地","group":"重大環境設施","radius":1000,"name":"OSM 未命名設施"},"geometry":{"type":"Point","coordinates":[121.5186564,25.0568595]}},{"type":"Feature","properties":{"label":"棕地／疑似廢棄工業地","group":"重大環境設施","radius":1000,"name":"潤泰創新都更基地"},"geometry":{"type":"Point","coordinates":[121.5143217,25.0563948]}},{"type":"Feature","properties":{"label":"棕地／疑似廢棄工業地","group":"重大環境設施","radius":1000,"name":"OSM 未命名設施"},"geometry":{"type":"Point","coordinates":[121.5260531,25.057723]}},{"type":"Feature","properties":{"label":"工業區／工廠","group":"重大環境設施","radius":1000,"name":"OSM 未命名設施"},"geometry":{"type":"Point","coordinates":[121.5342907,25.069217]}},{"type":"Feature","properties":{"label":"工業區／工廠","group":"重大環境設施","radius":1000,"name":"OSM 未命名設施"},"geometry":{"type":"Point","coordinates":[121.5350512,25.0713588]}},{"type":"Feature","properties":{"label":"棕地／疑似廢棄工業地","group":"重大環境設施","radius":1000,"name":"宏盛建設建案基地"},"geometry":{"type":"Point","coordinates":[121.4599514,25.148424]}},{"type":"Feature","properties":{"label":"棕地／疑似廢棄工業地","group":"重大環境設施","radius":1000,"name":"OSM 未命名設施"},"geometry":{"type":"Point","coordinates":[121.5256254,25.115169]}},{"type":"Feature","properties":{"label":"棕地／疑似廢棄工業地","group":"重大環境設施","radius":1000,"name":"經濟部華光特三基地新建辦公廳舍統包工程"},"geometry":{"type":"Point","coordinates":[121.5232112,25.0314272]}},{"type":"Feature","properties":{"label":"棕地／疑似廢棄工業地","group":"重大環境設施","radius":1000,"name":"都更基地"},"geometry":{"type":"Point","coordinates":[121.577456,25.0503657]}},{"type":"Feature","properties":{"label":"工業區／工廠","group":"重大環境設施","radius":1000,"name":"OSM 未命名設施"},"geometry":{"type":"Point","coordinates":[121.5452165,25.0279713]}},{"type":"Feature","properties":{"label":"棕地／疑似廢棄工業地","group":"重大環境設施","radius":1000,"name":"OSM 未命名設施"},"geometry":{"type":"Point","coordinates":[121.5040345,25.0433993]}},{"type":"Feature","properties":{"label":"棕地／疑似廢棄工業地","group":"重大環境設施","radius":1000,"name":"OSM 未命名設施"},"geometry":{"type":"Point","coordinates":[121.5038847,24.9940287]}},{"type":"Feature","properties":{"label":"工業區／工廠","group":"重大環境設施","radius":1000,"name":"OSM 未命名設施"},"geometry":{"type":"Point","coordinates":[121.4179654,25.1597867]}},{"type":"Feature","properties":{"label":"工業區／工廠","group":"重大環境設施","radius":1000,"name":"OSM 未命名設施"},"geometry":{"type":"Point","coordinates":[121.4113257,25.1600083]}},{"type":"Feature","properties":{"label":"工業區／工廠","group":"重大環境設施","radius":1000,"name":"OSM 未命名設施"},"geometry":{"type":"Point","coordinates":[121.4110844,25.1584666]}},{"type":"Feature","properties":{"label":"工業區／工廠","group":"重大環境設施","radius":1000,"name":"OSM 未命名設施"},"geometry":{"type":"Point","coordinates":[121.4105916,25.1579366]}},{"type":"Feature","properties":{"label":"工業區／工廠","group":"重大環境設施","radius":1000,"name":"OSM 未命名設施"},"geometry":{"type":"Point","coordinates":[121.3753871,25.0972194]}},{"type":"Feature","properties":{"label":"工業區／工廠","group":"重大環境設施","radius":1000,"name":"OSM 未命名設施"},"geometry":{"type":"Point","coordinates":[121.4066746,25.1548463]}},{"type":"Feature","properties":{"label":"工業區／工廠","group":"重大環境設施","radius":1000,"name":"OSM 未命名設施"},"geometry":{"type":"Point","coordinates":[121.4074896,25.1557988]}},{"type":"Feature","properties":{"label":"工業區／工廠","group":"重大環境設施","radius":1000,"name":"OSM 未命名設施"},"geometry":{"type":"Point","coordinates":[121.4064215,25.1566266]}},{"type":"Feature","properties":{"label":"工業區／工廠","group":"重大環境設施","radius":1000,"name":"OSM 未命名設施"},"geometry":{"type":"Point","coordinates":[121.4085752,25.1575273]}},{"type":"Feature","properties":{"label":"工業區／工廠","group":"重大環境設施","radius":1000,"name":"OSM 未命名設施"},"geometry":{"type":"Point","coordinates":[121.3948223,25.1479067]}},{"type":"Feature","properties":{"label":"工業區／工廠","group":"重大環境設施","radius":1000,"name":"OSM 未命名設施"},"geometry":{"type":"Point","coordinates":[121.3985402,25.1429558]}},{"type":"Feature","properties":{"label":"工業區／工廠","group":"重大環境設施","radius":1000,"name":"OSM 未命名設施"},"geometry":{"type":"Point","coordinates":[121.4001346,25.1445052]}},{"type":"Feature","properties":{"label":"工業區／工廠","group":"重大環境設施","radius":1000,"name":"OSM 未命名設施"},"geometry":{"type":"Point","coordinates":[121.395268,25.140896]}},{"type":"Feature","properties":{"label":"工業區／工廠","group":"重大環境設施","radius":1000,"name":"OSM 未命名設施"},"geometry":{"type":"Point","coordinates":[121.3970612,25.1406416]}},{"type":"Feature","properties":{"label":"工業區／工廠","group":"重大環境設施","radius":1000,"name":"OSM 未命名設施"},"geometry":{"type":"Point","coordinates":[121.3976861,25.1411481]}},{"type":"Feature","properties":{"label":"工業區／工廠","group":"重大環境設施","radius":1000,"name":"OSM 未命名設施"},"geometry":{"type":"Point","coordinates":[121.4170657,25.1619693]}},{"type":"Feature","properties":{"label":"工業區／工廠","group":"重大環境設施","radius":1000,"name":"OSM 未命名設施"},"geometry":{"type":"Point","coordinates":[121.4047131,25.1486728]}},{"type":"Feature","properties":{"label":"工業區／工廠","group":"重大環境設施","radius":1000,"name":"OSM 未命名設施"},"geometry":{"type":"Point","coordinates":[121.4177495,25.1565506]}},{"type":"Feature","properties":{"label":"工業區／工廠","group":"重大環境設施","radius":1000,"name":"OSM 未命名設施"},"geometry":{"type":"Point","coordinates":[121.4148963,25.1558352]}},{"type":"Feature","properties":{"label":"工業區／工廠","group":"重大環境設施","radius":1000,"name":"OSM 未命名設施"},"geometry":{"type":"Point","coordinates":[121.4152745,25.1553277]}},{"type":"Feature","properties":{"label":"工業區／工廠","group":"重大環境設施","radius":1000,"name":"OSM 未命名設施"},"geometry":{"type":"Point","coordinates":[121.4170426,25.1552109]}},{"type":"Feature","properties":{"label":"棕地／疑似廢棄工業地","group":"重大環境設施","radius":1000,"name":"捷運聯合開發用地"},"geometry":{"type":"Point","coordinates":[121.3306794,24.9664796]}},{"type":"Feature","properties":{"label":"工業區／工廠","group":"重大環境設施","radius":1000,"name":"和成三廠"},"geometry":{"type":"Point","coordinates":[121.3265814,24.9597683]}},{"type":"Feature","properties":{"label":"棕地／疑似廢棄工業地","group":"重大環境設施","radius":1000,"name":"原富園飯店危老基地"},"geometry":{"type":"Point","coordinates":[121.5069516,25.0391697]}},{"type":"Feature","properties":{"label":"棕地／疑似廢棄工業地","group":"重大環境設施","radius":1000,"name":"OSM 未命名設施"},"geometry":{"type":"Point","coordinates":[121.5354256,25.0488735]}},{"type":"Feature","properties":{"label":"棕地／疑似廢棄工業地","group":"重大環境設施","radius":1000,"name":"東環段Y29站預定地"},"geometry":{"type":"Point","coordinates":[121.5555407,25.0846685]}},{"type":"Feature","properties":{"label":"工業區／工廠","group":"重大環境設施","radius":1000,"name":"OSM 未命名設施"},"geometry":{"type":"Point","coordinates":[121.4317989,24.9658188]}},{"type":"Feature","properties":{"label":"工業區／工廠","group":"重大環境設施","radius":1000,"name":"新呈精密機械"},"geometry":{"type":"Point","coordinates":[121.4308616,24.9653698]}},{"type":"Feature","properties":{"label":"工業區／工廠","group":"重大環境設施","radius":1000,"name":"財順機械工業"},"geometry":{"type":"Point","coordinates":[121.4311187,24.9655679]}},{"type":"Feature","properties":{"label":"工業區／工廠","group":"重大環境設施","radius":1000,"name":"OSM 未命名設施"},"geometry":{"type":"Point","coordinates":[121.4475554,25.0618797]}},{"type":"Feature","properties":{"label":"工業區／工廠","group":"重大環境設施","radius":1000,"name":"OSM 未命名設施"},"geometry":{"type":"Point","coordinates":[121.4502054,25.0572323]}},{"type":"Feature","properties":{"label":"工業區／工廠","group":"重大環境設施","radius":1000,"name":"OSM 未命名設施"},"geometry":{"type":"Point","coordinates":[121.4436882,25.0602022]}},{"type":"Feature","properties":{"label":"工業區／工廠","group":"重大環境設施","radius":1000,"name":"OSM 未命名設施"},"geometry":{"type":"Point","coordinates":[121.4406202,25.0587969]}},{"type":"Feature","properties":{"label":"工業區／工廠","group":"重大環境設施","radius":1000,"name":"OSM 未命名設施"},"geometry":{"type":"Point","coordinates":[121.4640023,25.0588714]}},{"type":"Feature","properties":{"label":"工業區／工廠","group":"重大環境設施","radius":1000,"name":"OSM 未命名設施"},"geometry":{"type":"Point","coordinates":[121.4364492,25.067141]}},{"type":"Feature","properties":{"label":"工業區／工廠","group":"重大環境設施","radius":1000,"name":"OSM 未命名設施"},"geometry":{"type":"Point","coordinates":[121.4414274,25.064861]}},{"type":"Feature","properties":{"label":"工業區／工廠","group":"重大環境設施","radius":1000,"name":"OSM 未命名設施"},"geometry":{"type":"Point","coordinates":[121.4377062,25.0601402]}},{"type":"Feature","properties":{"label":"工業區／工廠","group":"重大環境設施","radius":1000,"name":"台和實業"},"geometry":{"type":"Point","coordinates":[121.563441,25.0085901]}},{"type":"Feature","properties":{"label":"棕地／疑似廢棄工業地","group":"重大環境設施","radius":1000,"name":"OSM 未命名設施"},"geometry":{"type":"Point","coordinates":[121.5588827,25.026012]}},{"type":"Feature","properties":{"label":"棕地／疑似廢棄工業地","group":"重大環境設施","radius":1000,"name":"OSM 未命名設施"},"geometry":{"type":"Point","coordinates":[121.5304182,25.0533735]}},{"type":"Feature","properties":{"label":"棕地／疑似廢棄工業地","group":"重大環境設施","radius":1000,"name":"鼎興營區(廢棄)"},"geometry":{"type":"Point","coordinates":[121.5416019,25.0614553]}},{"type":"Feature","properties":{"label":"棕地／疑似廢棄工業地","group":"重大環境設施","radius":1000,"name":"臺大紹興南街公辦都更"},"geometry":{"type":"Point","coordinates":[121.5226494,25.0377485]}},{"type":"Feature","properties":{"label":"工業區／工廠","group":"重大環境設施","radius":1000,"name":"建國啤酒廠"},"geometry":{"type":"Point","coordinates":[121.5349762,25.0468015]}},{"type":"Feature","properties":{"label":"棕地／疑似廢棄工業地","group":"重大環境設施","radius":1000,"name":"江翠北側重劃C區"},"geometry":{"type":"Point","coordinates":[121.4547007,25.0271198]}},{"type":"Feature","properties":{"label":"工業區／工廠","group":"重大環境設施","radius":1000,"name":"OSM 未命名設施"},"geometry":{"type":"Point","coordinates":[121.4515017,25.1824377]}},{"type":"Feature","properties":{"label":"工業區／工廠","group":"重大環境設施","radius":1000,"name":"OSM 未命名設施"},"geometry":{"type":"Point","coordinates":[121.6055457,25.0627092]}},{"type":"Feature","properties":{"label":"棕地／疑似廢棄工業地","group":"重大環境設施","radius":1000,"name":"新店西營區 (廢棄部分)"},"geometry":{"type":"Point","coordinates":[121.5356121,24.986966]}},{"type":"Feature","properties":{"label":"工業區／工廠","group":"重大環境設施","radius":1000,"name":"遠東世紀ABC工業區"},"geometry":{"type":"Point","coordinates":[121.5350139,24.9851823]}},{"type":"Feature","properties":{"label":"工業區／工廠","group":"重大環境設施","radius":1000,"name":"臺灣菸酒公司"},"geometry":{"type":"Point","coordinates":[121.5372302,24.9971877]}},{"type":"Feature","properties":{"label":"工業區／工廠","group":"重大環境設施","radius":1000,"name":"OSM 未命名設施"},"geometry":{"type":"Point","coordinates":[121.5417567,24.9695618]}},{"type":"Feature","properties":{"label":"工業區／工廠","group":"重大環境設施","radius":1000,"name":"OSM 未命名設施"},"geometry":{"type":"Point","coordinates":[121.539219,25.0121154]}},{"type":"Feature","properties":{"label":"工業區／工廠","group":"重大環境設施","radius":1000,"name":"長興淨水場"},"geometry":{"type":"Point","coordinates":[121.5493752,25.0151477]}},{"type":"Feature","properties":{"label":"工業區／工廠","group":"重大環境設施","radius":1000,"name":"景美工務段"},"geometry":{"type":"Point","coordinates":[121.5420094,24.9967834]}},{"type":"Feature","properties":{"label":"工業區／工廠","group":"重大環境設施","radius":1000,"name":"寶橋工業區"},"geometry":{"type":"Point","coordinates":[121.5505844,24.98099]}},{"type":"Feature","properties":{"label":"工業區／工廠","group":"重大環境設施","radius":1000,"name":"OSM 未命名設施"},"geometry":{"type":"Point","coordinates":[121.5715499,24.995236]}},{"type":"Feature","properties":{"label":"棕地／疑似廢棄工業地","group":"重大環境設施","radius":1000,"name":"OSM 未命名設施"},"geometry":{"type":"Point","coordinates":[121.525138,25.030014]}},{"type":"Feature","properties":{"label":"棕地／疑似廢棄工業地","group":"重大環境設施","radius":1000,"name":"OSM 未命名設施"},"geometry":{"type":"Point","coordinates":[121.5245604,25.0301044]}},{"type":"Feature","properties":{"label":"棕地／疑似廢棄工業地","group":"重大環境設施","radius":1000,"name":"OSM 未命名設施"},"geometry":{"type":"Point","coordinates":[121.5249474,25.030046]}},{"type":"Feature","properties":{"label":"工業區／工廠","group":"重大環境設施","radius":1000,"name":"OSM 未命名設施"},"geometry":{"type":"Point","coordinates":[121.6117766,25.0477351]}},{"type":"Feature","properties":{"label":"工業區／工廠","group":"重大環境設施","radius":1000,"name":"木柵區農會老泉里倉庫"},"geometry":{"type":"Point","coordinates":[121.5684448,24.9795319]}},{"type":"Feature","properties":{"label":"工業區／工廠","group":"重大環境設施","radius":1000,"name":"中華電信景美機房"},"geometry":{"type":"Point","coordinates":[121.5419421,24.9944645]}},{"type":"Feature","properties":{"label":"工業區／工廠","group":"重大環境設施","radius":1000,"name":"紙場1918(前士林紙廠)"},"geometry":{"type":"Point","coordinates":[121.5229834,25.0910806]}},{"type":"Feature","properties":{"label":"棕地／疑似廢棄工業地","group":"重大環境設施","radius":1000,"name":"OSM 未命名設施"},"geometry":{"type":"Point","coordinates":[121.5402815,24.9910221]}},{"type":"Feature","properties":{"label":"工業區／工廠","group":"重大環境設施","radius":1000,"name":"中港抽水站"},"geometry":{"type":"Point","coordinates":[121.5534154,24.9865258]}},{"type":"Feature","properties":{"label":"工業區／工廠","group":"重大環境設施","radius":1000,"name":"寶橋抽水站"},"geometry":{"type":"Point","coordinates":[121.5525861,24.9788128]}},{"type":"Feature","properties":{"label":"工業區／工廠","group":"重大環境設施","radius":1000,"name":"寶高抽水站"},"geometry":{"type":"Point","coordinates":[121.5540513,24.9762009]}},{"type":"Feature","properties":{"label":"工業區／工廠","group":"重大環境設施","radius":1000,"name":"高興實業股份有限公司"},"geometry":{"type":"Point","coordinates":[121.5534832,24.9762031]}},{"type":"Feature","properties":{"label":"棕地／疑似廢棄工業地","group":"重大環境設施","radius":1000,"name":"OSM 未命名設施"},"geometry":{"type":"Point","coordinates":[121.5452815,24.9810136]}},{"type":"Feature","properties":{"label":"棕地／疑似廢棄工業地","group":"重大環境設施","radius":1000,"name":"OSM 未命名設施"},"geometry":{"type":"Point","coordinates":[121.5459333,24.980303]}},{"type":"Feature","properties":{"label":"工業區／工廠","group":"重大環境設施","radius":1000,"name":"台灣電力公司輸變電工程處"},"geometry":{"type":"Point","coordinates":[121.5319196,25.0191025]}},{"type":"Feature","properties":{"label":"工業區／工廠","group":"重大環境設施","radius":1000,"name":"喬豊實業有限公司"},"geometry":{"type":"Point","coordinates":[121.3933857,24.9567803]}},{"type":"Feature","properties":{"label":"棕地／疑似廢棄工業地","group":"重大環境設施","radius":1000,"name":"大直營區遺址"},"geometry":{"type":"Point","coordinates":[121.5492699,25.0849085]}},{"type":"Feature","properties":{"label":"工業區／工廠","group":"重大環境設施","radius":1000,"name":"濱江汽修區"},"geometry":{"type":"Point","coordinates":[121.5473885,25.0720874]}},{"type":"Feature","properties":{"label":"工業區／工廠","group":"重大環境設施","radius":1000,"name":"OSM 未命名設施"},"geometry":{"type":"Point","coordinates":[121.5177968,25.0288117]}},{"type":"Feature","properties":{"label":"工業區／工廠","group":"重大環境設施","radius":1000,"name":"寶高智慧產業園區"},"geometry":{"type":"Point","coordinates":[121.5503157,24.9763689]}},{"type":"Feature","properties":{"label":"工業區／工廠","group":"重大環境設施","radius":1000,"name":"中央印製廠"},"geometry":{"type":"Point","coordinates":[121.4868166,24.9492848]}},{"type":"Feature","properties":{"label":"工業區／工廠","group":"重大環境設施","radius":1000,"name":"OSM 未命名設施"},"geometry":{"type":"Point","coordinates":[121.5239804,25.103723]}},{"type":"Feature","properties":{"label":"工業區／工廠","group":"重大環境設施","radius":1000,"name":"中央廣播電台淡水分台"},"geometry":{"type":"Point","coordinates":[121.4128582,25.1858807]}},{"type":"Feature","properties":{"label":"棕地／疑似廢棄工業地","group":"重大環境設施","radius":1000,"name":"OSM 未命名設施"},"geometry":{"type":"Point","coordinates":[121.5589987,25.0251723]}},{"type":"Feature","properties":{"label":"工業區／工廠","group":"重大環境設施","radius":1000,"name":"臺電臺北北區營業處"},"geometry":{"type":"Point","coordinates":[121.5282887,25.0907561]}},{"type":"Feature","properties":{"label":"棕地／疑似廢棄工業地","group":"重大環境設施","radius":1000,"name":"OSM 未命名設施"},"geometry":{"type":"Point","coordinates":[121.5276126,25.0151232]}},{"type":"Feature","properties":{"label":"棕地／疑似廢棄工業地","group":"重大環境設施","radius":1000,"name":"OSM 未命名設施"},"geometry":{"type":"Point","coordinates":[121.5576364,24.9914449]}},{"type":"Feature","properties":{"label":"工業區／工廠","group":"重大環境設施","radius":1000,"name":"榮工實業公司"},"geometry":{"type":"Point","coordinates":[121.5521848,24.9816388]}},{"type":"Feature","properties":{"label":"工業區／工廠","group":"重大環境設施","radius":1000,"name":"龜山產業園區"},"geometry":{"type":"Point","coordinates":[121.3256928,24.98162]}},{"type":"Feature","properties":{"label":"工業區／工廠","group":"重大環境設施","radius":1000,"name":"民航局飛航服務總台"},"geometry":{"type":"Point","coordinates":[121.5513191,25.0714914]}},{"type":"Feature","properties":{"label":"棕地／疑似廢棄工業地","group":"重大環境設施","radius":1000,"name":"OSM 未命名設施"},"geometry":{"type":"Point","coordinates":[121.5040791,25.1288567]}},{"type":"Feature","properties":{"label":"棕地／疑似廢棄工業地","group":"重大環境設施","radius":1000,"name":"OSM 未命名設施"},"geometry":{"type":"Point","coordinates":[121.5045126,25.1294723]}},{"type":"Feature","properties":{"label":"棕地／疑似廢棄工業地","group":"重大環境設施","radius":1000,"name":"OSM 未命名設施"},"geometry":{"type":"Point","coordinates":[121.5046992,25.1291538]}},{"type":"Feature","properties":{"label":"棕地／疑似廢棄工業地","group":"重大環境設施","radius":1000,"name":"OSM 未命名設施"},"geometry":{"type":"Point","coordinates":[121.5052118,25.1288048]}},{"type":"Feature","properties":{"label":"棕地／疑似廢棄工業地","group":"重大環境設施","radius":1000,"name":"OSM 未命名設施"},"geometry":{"type":"Point","coordinates":[121.5043695,25.1284483]}},{"type":"Feature","properties":{"label":"棕地／疑似廢棄工業地","group":"重大環境設施","radius":1000,"name":"OSM 未命名設施"},"geometry":{"type":"Point","coordinates":[121.5052282,25.1278102]}},{"type":"Feature","properties":{"label":"棕地／疑似廢棄工業地","group":"重大環境設施","radius":1000,"name":"OSM 未命名設施"},"geometry":{"type":"Point","coordinates":[121.5046799,25.1272783]}},{"type":"Feature","properties":{"label":"棕地／疑似廢棄工業地","group":"重大環境設施","radius":1000,"name":"OSM 未命名設施"},"geometry":{"type":"Point","coordinates":[121.5046841,25.1263643]}},{"type":"Feature","properties":{"label":"棕地／疑似廢棄工業地","group":"重大環境設施","radius":1000,"name":"OSM 未命名設施"},"geometry":{"type":"Point","coordinates":[121.5053584,25.1272706]}},{"type":"Feature","properties":{"label":"棕地／疑似廢棄工業地","group":"重大環境設施","radius":1000,"name":"OSM 未命名設施"},"geometry":{"type":"Point","coordinates":[121.5040661,25.1244104]}},{"type":"Feature","properties":{"label":"棕地／疑似廢棄工業地","group":"重大環境設施","radius":1000,"name":"OSM 未命名設施"},"geometry":{"type":"Point","coordinates":[121.5050279,25.1250443]}},{"type":"Feature","properties":{"label":"棕地／疑似廢棄工業地","group":"重大環境設施","radius":1000,"name":"OSM 未命名設施"},"geometry":{"type":"Point","coordinates":[121.5039376,25.1257993]}},{"type":"Feature","properties":{"label":"工業區／工廠","group":"重大環境設施","radius":1000,"name":"OSM 未命名設施"},"geometry":{"type":"Point","coordinates":[121.5033099,25.0277391]}},{"type":"Feature","properties":{"label":"工業區／工廠","group":"重大環境設施","radius":1000,"name":"中央印製廠青潭廠區"},"geometry":{"type":"Point","coordinates":[121.5592747,24.9529117]}},{"type":"Feature","properties":{"label":"棕地／疑似廢棄工業地","group":"重大環境設施","radius":1000,"name":"華光特二基地 (工程會、NCC聯合辦公大樓預定地)"},"geometry":{"type":"Point","coordinates":[121.5235384,25.0326387]}},{"type":"Feature","properties":{"label":"工業區／工廠","group":"重大環境設施","radius":1000,"name":"同達興實業"},"geometry":{"type":"Point","coordinates":[121.5197947,24.9842369]}},{"type":"Feature","properties":{"label":"工業區／工廠","group":"重大環境設施","radius":1000,"name":"水利署新店辦公室"},"geometry":{"type":"Point","coordinates":[121.5186282,24.9841175]}},{"type":"Feature","properties":{"label":"棕地／疑似廢棄工業地","group":"重大環境設施","radius":1000,"name":"OSM 未命名設施"},"geometry":{"type":"Point","coordinates":[121.534372,24.9891833]}},{"type":"Feature","properties":{"label":"工業區／工廠","group":"重大環境設施","radius":1000,"name":"OSM 未命名設施"},"geometry":{"type":"Point","coordinates":[121.5645965,25.0078677]}},{"type":"Feature","properties":{"label":"工業區／工廠","group":"重大環境設施","radius":1000,"name":"新北氣象站"},"geometry":{"type":"Point","coordinates":[121.524883,24.9591428]}},{"type":"Feature","properties":{"label":"棕地／疑似廢棄工業地","group":"重大環境設施","radius":1000,"name":"OSM 未命名設施"},"geometry":{"type":"Point","coordinates":[121.5452336,25.012805]}},{"type":"Feature","properties":{"label":"工業區／工廠","group":"重大環境設施","radius":1000,"name":"OSM 未命名設施"},"geometry":{"type":"Point","coordinates":[121.5572154,24.9865214]}},{"type":"Feature","properties":{"label":"棕地／疑似廢棄工業地","group":"重大環境設施","radius":1000,"name":"央北鳳翔"},"geometry":{"type":"Point","coordinates":[121.5319053,24.9788661]}},{"type":"Feature","properties":{"label":"工業區／工廠","group":"重大環境設施","radius":1000,"name":"長春化工"},"geometry":{"type":"Point","coordinates":[121.5152521,25.1082377]}},{"type":"Feature","properties":{"label":"工業區／工廠","group":"重大環境設施","radius":1000,"name":"北投士林科技園區"},"geometry":{"type":"Point","coordinates":[121.5151924,25.1032952]}},{"type":"Feature","properties":{"label":"工業區／工廠","group":"重大環境設施","radius":1000,"name":"北投士林科技園區"},"geometry":{"type":"Point","coordinates":[121.5153494,25.1066163]}},{"type":"Feature","properties":{"label":"棕地／疑似廢棄工業地","group":"重大環境設施","radius":1000,"name":"保儀營區 （廢圖庫舊址）"},"geometry":{"type":"Point","coordinates":[121.5681117,24.9859729]}},{"type":"Feature","properties":{"label":"工業區／工廠","group":"重大環境設施","radius":1000,"name":"大湖科學園區"},"geometry":{"type":"Point","coordinates":[121.6224988,25.0687495]}},{"type":"Feature","properties":{"label":"棕地／疑似廢棄工業地","group":"重大環境設施","radius":1000,"name":"金華社會住宅預定地"},"geometry":{"type":"Point","coordinates":[121.5257029,25.0307878]}},{"type":"Feature","properties":{"label":"工業區／工廠","group":"重大環境設施","radius":1000,"name":"OSM 未命名設施"},"geometry":{"type":"Point","coordinates":[121.566154,25.0103287]}},{"type":"Feature","properties":{"label":"棕地／疑似廢棄工業地","group":"重大環境設施","radius":1000,"name":"臺北港特定區"},"geometry":{"type":"Point","coordinates":[121.4028574,25.149164]}},{"type":"Feature","properties":{"label":"棕地／疑似廢棄工業地","group":"重大環境設施","radius":1000,"name":"中泰花園廣場"},"geometry":{"type":"Point","coordinates":[121.5471898,25.0548004]}},{"type":"Feature","properties":{"label":"工業區／工廠","group":"重大環境設施","radius":1000,"name":"臺北機廠鐵道博物館園區"},"geometry":{"type":"Point","coordinates":[121.5628288,25.0461813]}},{"type":"Feature","properties":{"label":"工業區／工廠","group":"重大環境設施","radius":1000,"name":"OSM 未命名設施"},"geometry":{"type":"Point","coordinates":[121.4755884,25.053592]}},{"type":"Feature","properties":{"label":"棕地／疑似廢棄工業地","group":"重大環境設施","radius":1000,"name":"和邦羅斯芙"},"geometry":{"type":"Point","coordinates":[121.539486,24.990331]}},{"type":"Feature","properties":{"label":"工業區／工廠","group":"重大環境設施","radius":1000,"name":"台灣電力公司電力修護處"},"geometry":{"type":"Point","coordinates":[121.596659,25.0528567]}},{"type":"Feature","properties":{"label":"棕地／疑似廢棄工業地","group":"重大環境設施","radius":1000,"name":"台電北部儲運中心南港舊址AR-1-2土地都市更新案"},"geometry":{"type":"Point","coordinates":[121.5831254,25.0475552]}},{"type":"Feature","properties":{"label":"工業區／工廠","group":"重大環境設施","radius":1000,"name":"OSM 未命名設施"},"geometry":{"type":"Point","coordinates":[121.4590481,25.0006462]}},{"type":"Feature","properties":{"label":"棕地／疑似廢棄工業地","group":"重大環境設施","radius":1000,"name":"原板橋一次變電所都市更新土地"},"geometry":{"type":"Point","coordinates":[121.4706433,24.9884539]}},{"type":"Feature","properties":{"label":"棕地／疑似廢棄工業地","group":"重大環境設施","radius":1000,"name":"OSM 未命名設施"},"geometry":{"type":"Point","coordinates":[121.5475799,24.9977901]}},{"type":"Feature","properties":{"label":"工業區／工廠","group":"重大環境設施","radius":1000,"name":"景美抽水站"},"geometry":{"type":"Point","coordinates":[121.5347153,25.0095906]}},{"type":"Feature","properties":{"label":"工業區／工廠","group":"重大環境設施","radius":1000,"name":"貨櫃堆置場"},"geometry":{"type":"Point","coordinates":[121.542994,25.0169621]}},{"type":"Feature","properties":{"label":"工業區／工廠","group":"重大環境設施","radius":1000,"name":"中華電信學院"},"geometry":{"type":"Point","coordinates":[121.4660015,25.0077218]}},{"type":"Feature","properties":{"label":"棕地／疑似廢棄工業地","group":"重大環境設施","radius":1000,"name":"OSM 未命名設施"},"geometry":{"type":"Point","coordinates":[121.5387006,25.0972984]}},{"type":"Feature","properties":{"label":"工業區／工廠","group":"重大環境設施","radius":1000,"name":"OSM 未命名設施"},"geometry":{"type":"Point","coordinates":[121.5484173,24.9794101]}},{"type":"Feature","properties":{"label":"工業區／工廠","group":"重大環境設施","radius":1000,"name":"中華郵政青潭辦公處"},"geometry":{"type":"Point","coordinates":[121.5571374,24.9527499]}},{"type":"Feature","properties":{"label":"工業區／工廠","group":"重大環境設施","radius":1000,"name":"光復加壓站"},"geometry":{"type":"Point","coordinates":[121.4860339,25.0176715]}},{"type":"Feature","properties":{"label":"工業區／工廠","group":"重大環境設施","radius":1000,"name":"光復抽水站"},"geometry":{"type":"Point","coordinates":[121.4860045,25.0181485]}},{"type":"Feature","properties":{"label":"工業區／工廠","group":"重大環境設施","radius":1000,"name":"台灣自來水公司板橋服務所"},"geometry":{"type":"Point","coordinates":[121.4795453,25.0121572]}},{"type":"Feature","properties":{"label":"棕地／疑似廢棄工業地","group":"重大環境設施","radius":1000,"name":"十四張(B單元)區段徵收"},"geometry":{"type":"Point","coordinates":[121.5308815,24.9836664]}},{"type":"Feature","properties":{"label":"棕地／疑似廢棄工業地","group":"重大環境設施","radius":1000,"name":"OSM 未命名設施"},"geometry":{"type":"Point","coordinates":[121.5451727,25.0322539]}},{"type":"Feature","properties":{"label":"工業區／工廠","group":"重大環境設施","radius":1000,"name":"玉成抽水站"},"geometry":{"type":"Point","coordinates":[121.5826658,25.0523577]}},{"type":"Feature","properties":{"label":"工業區／工廠","group":"重大環境設施","radius":1000,"name":"OSM 未命名設施"},"geometry":{"type":"Point","coordinates":[121.4434799,25.1942583]}},{"type":"Feature","properties":{"label":"棕地／疑似廢棄工業地","group":"重大環境設施","radius":1000,"name":"秀北區徵案"},"geometry":{"type":"Point","coordinates":[121.5273077,24.9940512]}},{"type":"Feature","properties":{"label":"棕地／疑似廢棄工業地","group":"重大環境設施","radius":1000,"name":"OSM 未命名設施"},"geometry":{"type":"Point","coordinates":[121.5383138,25.0532436]}},{"type":"Feature","properties":{"label":"棕地／疑似廢棄工業地","group":"重大環境設施","radius":1000,"name":"OSM 未命名設施"},"geometry":{"type":"Point","coordinates":[121.367447,24.9394718]}},{"type":"Feature","properties":{"label":"軌道／公車機廠","group":"生活影響設施","radius":500,"name":"行天宮"},"geometry":{"type":"Point","coordinates":[121.5334732,25.0636295]}},{"type":"Feature","properties":{"label":"軌道／公車機廠","group":"生活影響設施","radius":500,"name":"亞聯客運中央新村站"},"geometry":{"type":"Point","coordinates":[121.5295323,24.9731104]}},{"type":"Feature","properties":{"label":"軌道／公車機廠","group":"生活影響設施","radius":500,"name":"和欣客運三重站"},"geometry":{"type":"Point","coordinates":[121.4923892,25.0706266]}},{"type":"Feature","properties":{"label":"軌道／公車機廠","group":"生活影響設施","radius":500,"name":"國光客運重陽站"},"geometry":{"type":"Point","coordinates":[121.4918803,25.0700191]}},{"type":"Feature","properties":{"label":"軌道／公車機廠","group":"生活影響設施","radius":500,"name":"統聯客運重陽站"},"geometry":{"type":"Point","coordinates":[121.4929038,25.0712948]}},{"type":"Feature","properties":{"label":"軌道／公車機廠","group":"生活影響設施","radius":500,"name":"捷運大坪林站"},"geometry":{"type":"Point","coordinates":[121.5412647,24.9844951]}},{"type":"Feature","properties":{"label":"軌道／公車機廠","group":"生活影響設施","radius":500,"name":"捷運科技大樓站"},"geometry":{"type":"Point","coordinates":[121.5432161,25.0267308]}},{"type":"Feature","properties":{"label":"軌道／公車機廠","group":"生活影響設施","radius":500,"name":"松山轉運站"},"geometry":{"type":"Point","coordinates":[121.5783795,25.0498079]}},{"type":"Feature","properties":{"label":"軌道／公車機廠","group":"生活影響設施","radius":500,"name":"統聯客運景美站"},"geometry":{"type":"Point","coordinates":[121.5405035,24.9926529]}},{"type":"Feature","properties":{"label":"軌道／公車機廠","group":"生活影響設施","radius":500,"name":"南港展覽館"},"geometry":{"type":"Point","coordinates":[121.6174772,25.0557294]}},{"type":"Feature","properties":{"label":"軌道／公車機廠","group":"生活影響設施","radius":500,"name":"統聯客運中央新村站"},"geometry":{"type":"Point","coordinates":[121.5295845,24.973164]}},{"type":"Feature","properties":{"label":"軌道／公車機廠","group":"生活影響設施","radius":500,"name":"日統客運三重站"},"geometry":{"type":"Point","coordinates":[121.4921811,25.0703614]}},{"type":"Feature","properties":{"label":"軌道／公車機廠","group":"生活影響設施","radius":500,"name":"皇家客運金山站"},"geometry":{"type":"Point","coordinates":[121.6399922,25.218835]}},{"type":"Feature","properties":{"label":"軌道／公車機廠","group":"生活影響設施","radius":500,"name":"統聯客運三峽站"},"geometry":{"type":"Point","coordinates":[121.3663932,24.9387971]}},{"type":"Feature","properties":{"label":"軌道／公車機廠","group":"生活影響設施","radius":500,"name":"南港轉運站西站"},"geometry":{"type":"Point","coordinates":[121.6060371,25.0524508]}},{"type":"Feature","properties":{"label":"軌道／公車機廠","group":"生活影響設施","radius":500,"name":"日統客運臺北站"},"geometry":{"type":"Point","coordinates":[121.5083507,25.0481864]}},{"type":"Feature","properties":{"label":"軌道／公車機廠","group":"生活影響設施","radius":500,"name":"國光客運金山站"},"geometry":{"type":"Point","coordinates":[121.6401748,25.2186513]}},{"type":"Feature","properties":{"label":"軌道／公車機廠","group":"生活影響設施","radius":500,"name":"新北板橋轉運站"},"geometry":{"type":"Point","coordinates":[121.4649192,25.0153496]}},{"type":"Feature","properties":{"label":"軌道／公車機廠","group":"生活影響設施","radius":500,"name":"和欣客運三重站"},"geometry":{"type":"Point","coordinates":[121.4921098,25.0707496]}},{"type":"Feature","properties":{"label":"快速道路／高架匝道","group":"生活影響設施","radius":300,"name":"中山高速公路"},"geometry":{"type":"Point","coordinates":[121.6128131,25.0655784]}},{"type":"Feature","properties":{"label":"鐵路／調車設施","group":"生活影響設施","radius":300,"name":"台灣高速鐵路"},"geometry":{"type":"Point","coordinates":[121.5121627,25.0477516]}},{"type":"Feature","properties":{"label":"快速道路／高架匝道","group":"生活影響設施","radius":300,"name":"南港系統交流道"},"geometry":{"type":"Point","coordinates":[121.619661,25.0356861]}},{"type":"Feature","properties":{"label":"快速道路／高架匝道","group":"生活影響設施","radius":300,"name":"南港系統交流道"},"geometry":{"type":"Point","coordinates":[121.6231403,25.0357177]}},{"type":"Feature","properties":{"label":"快速道路／高架匝道","group":"生活影響設施","radius":300,"name":"南港系統交流道"},"geometry":{"type":"Point","coordinates":[121.62042,25.035975]}},{"type":"Feature","properties":{"label":"快速道路／高架匝道","group":"生活影響設施","radius":300,"name":"南港系統交流道"},"geometry":{"type":"Point","coordinates":[121.6219277,25.0355321]}},{"type":"Feature","properties":{"label":"快速道路／高架匝道","group":"生活影響設施","radius":300,"name":"南港系統交流道"},"geometry":{"type":"Point","coordinates":[121.6205402,25.0361221]}},{"type":"Feature","properties":{"label":"鐵路／調車設施","group":"生活影響設施","radius":300,"name":"縱貫線西正線"},"geometry":{"type":"Point","coordinates":[121.6151159,25.0542387]}},{"type":"Feature","properties":{"label":"快速道路／高架匝道","group":"生活影響設施","radius":300,"name":"南港聯絡道"},"geometry":{"type":"Point","coordinates":[121.6215208,25.0518936]}},{"type":"Feature","properties":{"label":"鐵路／調車設施","group":"生活影響設施","radius":300,"name":"縱貫線西正線"},"geometry":{"type":"Point","coordinates":[121.5759326,25.0493874]}},{"type":"Feature","properties":{"label":"快速道路／高架匝道","group":"生活影響設施","radius":300,"name":"環河路"},"geometry":{"type":"Point","coordinates":[121.526868,24.9740003]}},{"type":"Feature","properties":{"label":"快速道路／高架匝道","group":"生活影響設施","radius":300,"name":"師大路出口匝道"},"geometry":{"type":"Point","coordinates":[121.5221005,25.0204027]}},{"type":"Feature","properties":{"label":"快速道路／高架匝道","group":"生活影響設施","radius":300,"name":"思源路入口匝道"},"geometry":{"type":"Point","coordinates":[121.4598673,25.0578569]}},{"type":"Feature","properties":{"label":"快速道路／高架匝道","group":"生活影響設施","radius":300,"name":"環河快速道路"},"geometry":{"type":"Point","coordinates":[121.4970051,25.0412382]}},{"type":"Feature","properties":{"label":"快速道路／高架匝道","group":"生活影響設施","radius":300,"name":"林口交流道"},"geometry":{"type":"Point","coordinates":[121.3583895,25.0651105]}},{"type":"Feature","properties":{"label":"快速道路／高架匝道","group":"生活影響設施","radius":300,"name":"福爾摩沙高速公路"},"geometry":{"type":"Point","coordinates":[121.643383,25.065606]}},{"type":"Feature","properties":{"label":"快速道路／高架匝道","group":"生活影響設施","radius":300,"name":"新北環河快速道路"},"geometry":{"type":"Point","coordinates":[121.4892846,25.0484587]}},{"type":"Feature","properties":{"label":"快速道路／高架匝道","group":"生活影響設施","radius":300,"name":"市民大道入口匝道"},"geometry":{"type":"Point","coordinates":[121.5588581,25.0455651]}},{"type":"Feature","properties":{"label":"快速道路／高架匝道","group":"生活影響設施","radius":300,"name":"中和二交流道"},"geometry":{"type":"Point","coordinates":[121.4908359,24.9939789]}},{"type":"Feature","properties":{"label":"快速道路／高架匝道","group":"生活影響設施","radius":300,"name":"汐止五股高架道路"},"geometry":{"type":"Point","coordinates":[121.5969673,25.0665411]}},{"type":"Feature","properties":{"label":"快速道路／高架匝道","group":"生活影響設施","radius":300,"name":"中山高速公路"},"geometry":{"type":"Point","coordinates":[121.4848173,25.0738824]}},{"type":"Feature","properties":{"label":"快速道路／高架匝道","group":"生活影響設施","radius":300,"name":"光復南路出口匝道"},"geometry":{"type":"Point","coordinates":[121.552349,25.0444536]}},{"type":"Feature","properties":{"label":"快速道路／高架匝道","group":"生活影響設施","radius":300,"name":"光復南路出口匝道"},"geometry":{"type":"Point","coordinates":[121.5561278,25.0448033]}},{"type":"Feature","properties":{"label":"快速道路／高架匝道","group":"生活影響設施","radius":300,"name":"市民大道高架道路"},"geometry":{"type":"Point","coordinates":[121.5572254,25.044746]}},{"type":"Feature","properties":{"label":"快速道路／高架匝道","group":"生活影響設施","radius":300,"name":"市民大道高架道路"},"geometry":{"type":"Point","coordinates":[121.5344993,25.0459881]}},{"type":"Feature","properties":{"label":"快速道路／高架匝道","group":"生活影響設施","radius":300,"name":"環東大道"},"geometry":{"type":"Point","coordinates":[121.5804241,25.0566745]}},{"type":"Feature","properties":{"label":"快速道路／高架匝道","group":"生活影響設施","radius":300,"name":"市民大道高架道路"},"geometry":{"type":"Point","coordinates":[121.5344804,25.0458534]}},{"type":"Feature","properties":{"label":"快速道路／高架匝道","group":"生活影響設施","radius":300,"name":"健康路出口匝道"},"geometry":{"type":"Point","coordinates":[121.5690142,25.0547554]}},{"type":"Feature","properties":{"label":"快速道路／高架匝道","group":"生活影響設施","radius":300,"name":"OSM 未命名設施"},"geometry":{"type":"Point","coordinates":[121.5674853,25.0543791]}},{"type":"Feature","properties":{"label":"快速道路／高架匝道","group":"生活影響設施","radius":300,"name":"麥帥二橋"},"geometry":{"type":"Point","coordinates":[121.57011,25.0510146]}},{"type":"Feature","properties":{"label":"快速道路／高架匝道","group":"生活影響設施","radius":300,"name":"正氣橋"},"geometry":{"type":"Point","coordinates":[121.5704617,25.0508484]}},{"type":"Feature","properties":{"label":"快速道路／高架匝道","group":"生活影響設施","radius":300,"name":"市民大道高架道路"},"geometry":{"type":"Point","coordinates":[121.5668474,25.0455487]}},{"type":"Feature","properties":{"label":"快速道路／高架匝道","group":"生活影響設施","radius":300,"name":"永吉路出口匝道"},"geometry":{"type":"Point","coordinates":[121.5651711,25.0449404]}},{"type":"Feature","properties":{"label":"快速道路／高架匝道","group":"生活影響設施","radius":300,"name":"忠孝東路入口匝道"},"geometry":{"type":"Point","coordinates":[121.5372001,25.04189]}},{"type":"Feature","properties":{"label":"快速道路／高架匝道","group":"生活影響設施","radius":300,"name":"忠孝東路出口匝道"},"geometry":{"type":"Point","coordinates":[121.5366008,25.0432926]}},{"type":"Feature","properties":{"label":"快速道路／高架匝道","group":"生活影響設施","radius":300,"name":"建國快速道路"},"geometry":{"type":"Point","coordinates":[121.5335973,25.0687959]}},{"type":"Feature","properties":{"label":"快速道路／高架匝道","group":"生活影響設施","radius":300,"name":"建國南路入口匝道"},"geometry":{"type":"Point","coordinates":[121.5418743,25.0446182]}},{"type":"Feature","properties":{"label":"快速道路／高架匝道","group":"生活影響設施","radius":300,"name":"OSM 未命名設施"},"geometry":{"type":"Point","coordinates":[121.5373901,25.0447503]}},{"type":"Feature","properties":{"label":"快速道路／高架匝道","group":"生活影響設施","radius":300,"name":"OSM 未命名設施"},"geometry":{"type":"Point","coordinates":[121.540159,25.0446241]}},{"type":"Feature","properties":{"label":"快速道路／高架匝道","group":"生活影響設施","radius":300,"name":"忠孝東路出口匝道"},"geometry":{"type":"Point","coordinates":[121.5368294,25.0419818]}},{"type":"Feature","properties":{"label":"快速道路／高架匝道","group":"生活影響設施","radius":300,"name":"長安東路入口匝道"},"geometry":{"type":"Point","coordinates":[121.5365312,25.0481149]}},{"type":"Feature","properties":{"label":"快速道路／高架匝道","group":"生活影響設施","radius":300,"name":"建國南路出口匝道"},"geometry":{"type":"Point","coordinates":[121.54187,25.0446764]}},{"type":"Feature","properties":{"label":"快速道路／高架匝道","group":"生活影響設施","radius":300,"name":"忠孝東路入口匝道"},"geometry":{"type":"Point","coordinates":[121.5369211,25.0432367]}},{"type":"Feature","properties":{"label":"快速道路／高架匝道","group":"生活影響設施","radius":300,"name":"建國快速道路"},"geometry":{"type":"Point","coordinates":[121.5354719,25.0629511]}},{"type":"Feature","properties":{"label":"快速道路／高架匝道","group":"生活影響設施","radius":300,"name":"中山高速公路"},"geometry":{"type":"Point","coordinates":[121.5189081,25.0772155]}},{"type":"Feature","properties":{"label":"快速道路／高架匝道","group":"生活影響設施","radius":300,"name":"圓山交流道"},"geometry":{"type":"Point","coordinates":[121.5333577,25.0679238]}},{"type":"Feature","properties":{"label":"快速道路／高架匝道","group":"生活影響設施","radius":300,"name":"圓山交流道"},"geometry":{"type":"Point","coordinates":[121.5336329,25.0689628]}},{"type":"Feature","properties":{"label":"快速道路／高架匝道","group":"生活影響設施","radius":300,"name":"汐止五股高架道路"},"geometry":{"type":"Point","coordinates":[121.5184503,25.0759675]}},{"type":"Feature","properties":{"label":"快速道路／高架匝道","group":"生活影響設施","radius":300,"name":"中山高速公路"},"geometry":{"type":"Point","coordinates":[121.5185437,25.0771357]}},{"type":"Feature","properties":{"label":"快速道路／高架匝道","group":"生活影響設施","radius":300,"name":"辛亥路出口匝道"},"geometry":{"type":"Point","coordinates":[121.5342695,25.0220966]}},{"type":"Feature","properties":{"label":"快速道路／高架匝道","group":"生活影響設施","radius":300,"name":"建國快速道路"},"geometry":{"type":"Point","coordinates":[121.5340986,25.0225315]}},{"type":"Feature","properties":{"label":"快速道路／高架匝道","group":"生活影響設施","radius":300,"name":"建國快速道路"},"geometry":{"type":"Point","coordinates":[121.5377388,25.0244406]}},{"type":"Feature","properties":{"label":"快速道路／高架匝道","group":"生活影響設施","radius":300,"name":"建國快速道路"},"geometry":{"type":"Point","coordinates":[121.5375658,25.0244521]}},{"type":"Feature","properties":{"label":"快速道路／高架匝道","group":"生活影響設施","radius":300,"name":"辛亥路出口匝道"},"geometry":{"type":"Point","coordinates":[121.5376059,25.0239518]}},{"type":"Feature","properties":{"label":"快速道路／高架匝道","group":"生活影響設施","radius":300,"name":"南京東路出口匝道"},"geometry":{"type":"Point","coordinates":[121.5369194,25.050029]}},{"type":"Feature","properties":{"label":"快速道路／高架匝道","group":"生活影響設施","radius":300,"name":"長安東路出口匝道"},"geometry":{"type":"Point","coordinates":[121.5368116,25.0466929]}},{"type":"Feature","properties":{"label":"快速道路／高架匝道","group":"生活影響設施","radius":300,"name":"長安東路入口匝道"},"geometry":{"type":"Point","coordinates":[121.5365681,25.0467016]}},{"type":"Feature","properties":{"label":"快速道路／高架匝道","group":"生活影響設施","radius":300,"name":"長安東路出口匝道"},"geometry":{"type":"Point","coordinates":[121.5369172,25.0480373]}},{"type":"Feature","properties":{"label":"快速道路／高架匝道","group":"生活影響設施","radius":300,"name":"信義路入口匝道"},"geometry":{"type":"Point","coordinates":[121.5700816,25.0322751]}},{"type":"Feature","properties":{"label":"快速道路／高架匝道","group":"生活影響設施","radius":300,"name":"信義快速道路"},"geometry":{"type":"Point","coordinates":[121.5718863,25.0316406]}},{"type":"Feature","properties":{"label":"快速道路／高架匝道","group":"生活影響設施","radius":300,"name":"建國快速道路"},"geometry":{"type":"Point","coordinates":[121.5261442,25.0198325]}},{"type":"Feature","properties":{"label":"快速道路／高架匝道","group":"生活影響設施","radius":300,"name":"辛亥路入口匝道"},"geometry":{"type":"Point","coordinates":[121.5342791,25.0223262]}},{"type":"Feature","properties":{"label":"快速道路／高架匝道","group":"生活影響設施","radius":300,"name":"辛亥路出口匝道"},"geometry":{"type":"Point","coordinates":[121.5371339,25.0224794]}},{"type":"Feature","properties":{"label":"快速道路／高架匝道","group":"生活影響設施","radius":300,"name":"羅斯福路出口匝道"},"geometry":{"type":"Point","coordinates":[121.5303771,25.0208551]}},{"type":"Feature","properties":{"label":"快速道路／高架匝道","group":"生活影響設施","radius":300,"name":"羅斯福路入口匝道"},"geometry":{"type":"Point","coordinates":[121.5304357,25.020514]}},{"type":"Feature","properties":{"label":"快速道路／高架匝道","group":"生活影響設施","radius":300,"name":"建國快速道路"},"geometry":{"type":"Point","coordinates":[121.5305951,25.0209527]}},{"type":"Feature","properties":{"label":"快速道路／高架匝道","group":"生活影響設施","radius":300,"name":"台北聯絡線"},"geometry":{"type":"Point","coordinates":[121.5587311,25.013902]}},{"type":"Feature","properties":{"label":"快速道路／高架匝道","group":"生活影響設施","radius":300,"name":"OSM 未命名設施"},"geometry":{"type":"Point","coordinates":[121.5671856,25.0454324]}},{"type":"Feature","properties":{"label":"快速道路／高架匝道","group":"生活影響設施","radius":300,"name":"永吉路入口匝道"},"geometry":{"type":"Point","coordinates":[121.5651511,25.0449808]}},{"type":"Feature","properties":{"label":"快速道路／高架匝道","group":"生活影響設施","radius":300,"name":"三重交流道"},"geometry":{"type":"Point","coordinates":[121.4994672,25.0770735]}},{"type":"Feature","properties":{"label":"快速道路／高架匝道","group":"生活影響設施","radius":300,"name":"三重交流道"},"geometry":{"type":"Point","coordinates":[121.4962889,25.075084]}},{"type":"Feature","properties":{"label":"快速道路／高架匝道","group":"生活影響設施","radius":300,"name":"基隆路高架道路"},"geometry":{"type":"Point","coordinates":[121.5501985,25.0222615]}},{"type":"Feature","properties":{"label":"快速道路／高架匝道","group":"生活影響設施","radius":300,"name":"敦化南路入口匝道"},"geometry":{"type":"Point","coordinates":[121.5463903,25.0189754]}},{"type":"Feature","properties":{"label":"快速道路／高架匝道","group":"生活影響設施","radius":300,"name":"敦化南路出口匝道"},"geometry":{"type":"Point","coordinates":[121.5464432,25.0189438]}},{"type":"Feature","properties":{"label":"快速道路／高架匝道","group":"生活影響設施","radius":300,"name":"OSM 未命名設施"},"geometry":{"type":"Point","coordinates":[121.5475217,25.0198891]}},{"type":"Feature","properties":{"label":"快速道路／高架匝道","group":"生活影響設施","radius":300,"name":"OSM 未命名設施"},"geometry":{"type":"Point","coordinates":[121.5483882,25.0206662]}},{"type":"Feature","properties":{"label":"快速道路／高架匝道","group":"生活影響設施","radius":300,"name":"基隆路高架道路"},"geometry":{"type":"Point","coordinates":[121.5501565,25.0222921]}},{"type":"Feature","properties":{"label":"快速道路／高架匝道","group":"生活影響設施","radius":300,"name":"新生高架道路"},"geometry":{"type":"Point","coordinates":[121.5277653,25.0625113]}},{"type":"Feature","properties":{"label":"快速道路／高架匝道","group":"生活影響設施","radius":300,"name":"新生高架道路"},"geometry":{"type":"Point","coordinates":[121.5286068,25.0595063]}},{"type":"Feature","properties":{"label":"快速道路／高架匝道","group":"生活影響設施","radius":300,"name":"民族東路入口匝道"},"geometry":{"type":"Point","coordinates":[121.5277053,25.067809]}},{"type":"Feature","properties":{"label":"快速道路／高架匝道","group":"生活影響設施","radius":300,"name":"民族東路入口匝道"},"geometry":{"type":"Point","coordinates":[121.5277239,25.0667859]}},{"type":"Feature","properties":{"label":"快速道路／高架匝道","group":"生活影響設施","radius":300,"name":"民權東路入口匝道"},"geometry":{"type":"Point","coordinates":[121.5368667,25.0597703]}},{"type":"Feature","properties":{"label":"快速道路／高架匝道","group":"生活影響設施","radius":300,"name":"民權東路出口匝道"},"geometry":{"type":"Point","coordinates":[121.5371712,25.0615543]}},{"type":"Feature","properties":{"label":"快速道路／高架匝道","group":"生活影響設施","radius":300,"name":"民權東路入口匝道"},"geometry":{"type":"Point","coordinates":[121.5368414,25.0615256]}},{"type":"Feature","properties":{"label":"快速道路／高架匝道","group":"生活影響設施","radius":300,"name":"民權東路出口匝道"},"geometry":{"type":"Point","coordinates":[121.5370362,25.0597653]}},{"type":"Feature","properties":{"label":"快速道路／高架匝道","group":"生活影響設施","radius":300,"name":"中山高速公路"},"geometry":{"type":"Point","coordinates":[121.4908963,25.0748445]}},{"type":"Feature","properties":{"label":"快速道路／高架匝道","group":"生活影響設施","radius":300,"name":"中山高速公路"},"geometry":{"type":"Point","coordinates":[121.4901455,25.0746737]}},{"type":"Feature","properties":{"label":"快速道路／高架匝道","group":"生活影響設施","radius":300,"name":"中山高速公路"},"geometry":{"type":"Point","coordinates":[121.4837432,25.0740395]}},{"type":"Feature","properties":{"label":"快速道路／高架匝道","group":"生活影響設施","radius":300,"name":"中山高速公路"},"geometry":{"type":"Point","coordinates":[121.4899547,25.0747973]}},{"type":"Feature","properties":{"label":"快速道路／高架匝道","group":"生活影響設施","radius":300,"name":"三重交流道"},"geometry":{"type":"Point","coordinates":[121.4940784,25.0726504]}},{"type":"Feature","properties":{"label":"快速道路／高架匝道","group":"生活影響設施","radius":300,"name":"中山高速公路"},"geometry":{"type":"Point","coordinates":[121.4914542,25.0751554]}},{"type":"Feature","properties":{"label":"快速道路／高架匝道","group":"生活影響設施","radius":300,"name":"中山高速公路"},"geometry":{"type":"Point","coordinates":[121.4914945,25.0749773]}},{"type":"Feature","properties":{"label":"快速道路／高架匝道","group":"生活影響設施","radius":300,"name":"中山高速公路"},"geometry":{"type":"Point","coordinates":[121.4969305,25.0762715]}},{"type":"Feature","properties":{"label":"快速道路／高架匝道","group":"生活影響設施","radius":300,"name":"中山高速公路"},"geometry":{"type":"Point","coordinates":[121.49073,25.0749854]}},{"type":"Feature","properties":{"label":"快速道路／高架匝道","group":"生活影響設施","radius":300,"name":"中山高速公路"},"geometry":{"type":"Point","coordinates":[121.5002327,25.0772439]}},{"type":"Feature","properties":{"label":"快速道路／高架匝道","group":"生活影響設施","radius":300,"name":"三重交流道"},"geometry":{"type":"Point","coordinates":[121.4952047,25.0769337]}},{"type":"Feature","properties":{"label":"快速道路／高架匝道","group":"生活影響設施","radius":300,"name":"環北交流道"},"geometry":{"type":"Point","coordinates":[121.5077245,25.081202]}},{"type":"Feature","properties":{"label":"快速道路／高架匝道","group":"生活影響設施","radius":300,"name":"環北交流道"},"geometry":{"type":"Point","coordinates":[121.5070894,25.0821177]}},{"type":"Feature","properties":{"label":"快速道路／高架匝道","group":"生活影響設施","radius":300,"name":"環北交流道"},"geometry":{"type":"Point","coordinates":[121.5066748,25.0833922]}},{"type":"Feature","properties":{"label":"快速道路／高架匝道","group":"生活影響設施","radius":300,"name":"塔悠路入口匝道"},"geometry":{"type":"Point","coordinates":[121.5704169,25.0515558]}},{"type":"Feature","properties":{"label":"快速道路／高架匝道","group":"生活影響設施","radius":300,"name":"塔悠路入口匝道"},"geometry":{"type":"Point","coordinates":[121.5701501,25.0530449]}},{"type":"Feature","properties":{"label":"快速道路／高架匝道","group":"生活影響設施","radius":300,"name":"長春路出口匝道"},"geometry":{"type":"Point","coordinates":[121.527463,25.0560301]}},{"type":"Feature","properties":{"label":"快速道路／高架匝道","group":"生活影響設施","radius":300,"name":"長春路出口匝道"},"geometry":{"type":"Point","coordinates":[121.5274187,25.0551253]}},{"type":"Feature","properties":{"label":"快速道路／高架匝道","group":"生活影響設施","radius":300,"name":"長安東路出口匝道"},"geometry":{"type":"Point","coordinates":[121.5288484,25.0490565]}},{"type":"Feature","properties":{"label":"快速道路／高架匝道","group":"生活影響設施","radius":300,"name":"OSM 未命名設施"},"geometry":{"type":"Point","coordinates":[121.528709,25.049824]}},{"type":"Feature","properties":{"label":"快速道路／高架匝道","group":"生活影響設施","radius":300,"name":"長安東路出口匝道"},"geometry":{"type":"Point","coordinates":[121.5305501,25.0472938]}},{"type":"Feature","properties":{"label":"快速道路／高架匝道","group":"生活影響設施","radius":300,"name":"長安東路出口匝道"},"geometry":{"type":"Point","coordinates":[121.5284511,25.0498355]}},{"type":"Feature","properties":{"label":"快速道路／高架匝道","group":"生活影響設施","radius":300,"name":"新生高架道路"},"geometry":{"type":"Point","coordinates":[121.5301209,25.0438774]}},{"type":"Feature","properties":{"label":"快速道路／高架匝道","group":"生活影響設施","radius":300,"name":"新生高架道路"},"geometry":{"type":"Point","coordinates":[121.5292376,25.041188]}},{"type":"Feature","properties":{"label":"快速道路／高架匝道","group":"生活影響設施","radius":300,"name":"新生南路入口匝道"},"geometry":{"type":"Point","coordinates":[121.5273291,25.0470651]}},{"type":"Feature","properties":{"label":"快速道路／高架匝道","group":"生活影響設施","radius":300,"name":"新生南路出口匝道"},"geometry":{"type":"Point","coordinates":[121.5273083,25.0470146]}},{"type":"Feature","properties":{"label":"快速道路／高架匝道","group":"生活影響設施","radius":300,"name":"OSM 未命名設施"},"geometry":{"type":"Point","coordinates":[121.530246,25.0461837]}},{"type":"Feature","properties":{"label":"快速道路／高架匝道","group":"生活影響設施","radius":300,"name":"市民大道高架道路"},"geometry":{"type":"Point","coordinates":[121.5225554,25.047909]}},{"type":"Feature","properties":{"label":"快速道路／高架匝道","group":"生活影響設施","radius":300,"name":"市民大道出口匝道"},"geometry":{"type":"Point","coordinates":[121.5059245,25.0491875]}},{"type":"Feature","properties":{"label":"快速道路／高架匝道","group":"生活影響設施","radius":300,"name":"八德路出口匝道"},"geometry":{"type":"Point","coordinates":[121.530332,25.0450401]}},{"type":"Feature","properties":{"label":"快速道路／高架匝道","group":"生活影響設施","radius":300,"name":"八德路入口匝道"},"geometry":{"type":"Point","coordinates":[121.5302008,25.0438659]}},{"type":"Feature","properties":{"label":"快速道路／高架匝道","group":"生活影響設施","radius":300,"name":"八德路出口匝道"},"geometry":{"type":"Point","coordinates":[121.5300065,25.043947]}},{"type":"Feature","properties":{"label":"快速道路／高架匝道","group":"生活影響設施","radius":300,"name":"八德路入口匝道"},"geometry":{"type":"Point","coordinates":[121.5304692,25.044826]}},{"type":"Feature","properties":{"label":"快速道路／高架匝道","group":"生活影響設施","radius":300,"name":"OSM 未命名設施"},"geometry":{"type":"Point","coordinates":[121.5287589,25.0466095]}},{"type":"Feature","properties":{"label":"快速道路／高架匝道","group":"生活影響設施","radius":300,"name":"長安東路出口匝道"},"geometry":{"type":"Point","coordinates":[121.5300337,25.047981]}},{"type":"Feature","properties":{"label":"快速道路／高架匝道","group":"生活影響設施","radius":300,"name":"長安東路入口匝道"},"geometry":{"type":"Point","coordinates":[121.5301973,25.0475352]}},{"type":"Feature","properties":{"label":"快速道路／高架匝道","group":"生活影響設施","radius":300,"name":"OSM 未命名設施"},"geometry":{"type":"Point","coordinates":[121.5686929,25.0457053]}},{"type":"Feature","properties":{"label":"快速道路／高架匝道","group":"生活影響設施","radius":300,"name":"環東大道"},"geometry":{"type":"Point","coordinates":[121.5804978,25.0565487]}},{"type":"Feature","properties":{"label":"快速道路／高架匝道","group":"生活影響設施","radius":300,"name":"環河北路入口匝道"},"geometry":{"type":"Point","coordinates":[121.5099613,25.050219]}},{"type":"Feature","properties":{"label":"快速道路／高架匝道","group":"生活影響設施","radius":300,"name":"環河北路出口匝道"},"geometry":{"type":"Point","coordinates":[121.5099406,25.0502824]}},{"type":"Feature","properties":{"label":"快速道路／高架匝道","group":"生活影響設施","radius":300,"name":"環河南路快速道路"},"geometry":{"type":"Point","coordinates":[121.5044032,25.0477027]}},{"type":"Feature","properties":{"label":"快速道路／高架匝道","group":"生活影響設施","radius":300,"name":"OSM 未命名設施"},"geometry":{"type":"Point","coordinates":[121.5083077,25.0504871]}},{"type":"Feature","properties":{"label":"快速道路／高架匝道","group":"生活影響設施","radius":300,"name":"重慶北路出口匝道"},"geometry":{"type":"Point","coordinates":[121.5180673,25.04854]}},{"type":"Feature","properties":{"label":"快速道路／高架匝道","group":"生活影響設施","radius":300,"name":"重慶北路入口匝道"},"geometry":{"type":"Point","coordinates":[121.5180525,25.0484786]}},{"type":"Feature","properties":{"label":"快速道路／高架匝道","group":"生活影響設施","radius":300,"name":"環河快速道路"},"geometry":{"type":"Point","coordinates":[121.5080298,25.0563166]}},{"type":"Feature","properties":{"label":"快速道路／高架匝道","group":"生活影響設施","radius":300,"name":"環河快速道路"},"geometry":{"type":"Point","coordinates":[121.5076003,25.05471]}},{"type":"Feature","properties":{"label":"快速道路／高架匝道","group":"生活影響設施","radius":300,"name":"環河快速道路"},"geometry":{"type":"Point","coordinates":[121.5078255,25.055245]}},{"type":"Feature","properties":{"label":"快速道路／高架匝道","group":"生活影響設施","radius":300,"name":"市民大道高架道路"},"geometry":{"type":"Point","coordinates":[121.5140382,25.0493005]}},{"type":"Feature","properties":{"label":"快速道路／高架匝道","group":"生活影響設施","radius":300,"name":"環河快速道路"},"geometry":{"type":"Point","coordinates":[121.5028471,25.0462196]}},{"type":"Feature","properties":{"label":"快速道路／高架匝道","group":"生活影響設施","radius":300,"name":"OSM 未命名設施"},"geometry":{"type":"Point","coordinates":[121.5069558,25.0506776]}},{"type":"Feature","properties":{"label":"快速道路／高架匝道","group":"生活影響設施","radius":300,"name":"環河南路快速道路"},"geometry":{"type":"Point","coordinates":[121.5065531,25.0501619]}},{"type":"Feature","properties":{"label":"快速道路／高架匝道","group":"生活影響設施","radius":300,"name":"洛陽停車場入口匝道"},"geometry":{"type":"Point","coordinates":[121.5052025,25.0480109]}},{"type":"Feature","properties":{"label":"快速道路／高架匝道","group":"生活影響設施","radius":300,"name":"洛陽停車場出口匝道"},"geometry":{"type":"Point","coordinates":[121.5047369,25.0474406]}},{"type":"Feature","properties":{"label":"快速道路／高架匝道","group":"生活影響設施","radius":300,"name":"市民大道高架道路"},"geometry":{"type":"Point","coordinates":[121.5053985,25.0490211]}},{"type":"Feature","properties":{"label":"快速道路／高架匝道","group":"生活影響設施","radius":300,"name":"洛陽停車場出口匝道"},"geometry":{"type":"Point","coordinates":[121.5047985,25.0479609]}},{"type":"Feature","properties":{"label":"快速道路／高架匝道","group":"生活影響設施","radius":300,"name":"環河快速道路出口匝道"},"geometry":{"type":"Point","coordinates":[121.5043595,25.0483514]}},{"type":"Feature","properties":{"label":"快速道路／高架匝道","group":"生活影響設施","radius":300,"name":"忠孝橋出口匝道"},"geometry":{"type":"Point","coordinates":[121.506572,25.0516649]}},{"type":"Feature","properties":{"label":"快速道路／高架匝道","group":"生活影響設施","radius":300,"name":"忠孝橋出口匝道"},"geometry":{"type":"Point","coordinates":[121.5057621,25.05071]}},{"type":"Feature","properties":{"label":"快速道路／高架匝道","group":"生活影響設施","radius":300,"name":"南京西路出口匝道"},"geometry":{"type":"Point","coordinates":[121.5073923,25.0532727]}},{"type":"Feature","properties":{"label":"快速道路／高架匝道","group":"生活影響設施","radius":300,"name":"環河快速道路"},"geometry":{"type":"Point","coordinates":[121.5074812,25.0540289]}},{"type":"Feature","properties":{"label":"快速道路／高架匝道","group":"生活影響設施","radius":300,"name":"中興橋入口匝道"},"geometry":{"type":"Point","coordinates":[121.4989351,25.04514]}},{"type":"Feature","properties":{"label":"快速道路／高架匝道","group":"生活影響設施","radius":300,"name":"中興橋入口匝道"},"geometry":{"type":"Point","coordinates":[121.500327,25.0438524]}},{"type":"Feature","properties":{"label":"快速道路／高架匝道","group":"生活影響設施","radius":300,"name":"中興橋出口匝道"},"geometry":{"type":"Point","coordinates":[121.499411,25.0457228]}},{"type":"Feature","properties":{"label":"快速道路／高架匝道","group":"生活影響設施","radius":300,"name":"桂林路出口匝道"},"geometry":{"type":"Point","coordinates":[121.4998721,25.0422641]}},{"type":"Feature","properties":{"label":"快速道路／高架匝道","group":"生活影響設施","radius":300,"name":"桂林路出口匝道"},"geometry":{"type":"Point","coordinates":[121.4987704,25.0410691]}},{"type":"Feature","properties":{"label":"快速道路／高架匝道","group":"生活影響設施","radius":300,"name":"中興橋出口匝道"},"geometry":{"type":"Point","coordinates":[121.5013544,25.0452162]}},{"type":"Feature","properties":{"label":"快速道路／高架匝道","group":"生活影響設施","radius":300,"name":"環河南路快速道路"},"geometry":{"type":"Point","coordinates":[121.4992648,25.0417154]}},{"type":"Feature","properties":{"label":"快速道路／高架匝道","group":"生活影響設施","radius":300,"name":"中興橋出口匝道"},"geometry":{"type":"Point","coordinates":[121.5009712,25.0451608]}},{"type":"Feature","properties":{"label":"快速道路／高架匝道","group":"生活影響設施","radius":300,"name":"中興橋入口匝道"},"geometry":{"type":"Point","coordinates":[121.5000854,25.0441069]}},{"type":"Feature","properties":{"label":"快速道路／高架匝道","group":"生活影響設施","radius":300,"name":"環河快速道路"},"geometry":{"type":"Point","coordinates":[121.5028355,25.0461054]}},{"type":"Feature","properties":{"label":"快速道路／高架匝道","group":"生活影響設施","radius":300,"name":"環河南路快速道路"},"geometry":{"type":"Point","coordinates":[121.5010111,25.0443114]}},{"type":"Feature","properties":{"label":"快速道路／高架匝道","group":"生活影響設施","radius":300,"name":"南京西路出口匝道"},"geometry":{"type":"Point","coordinates":[121.5045421,25.0486716]}},{"type":"Feature","properties":{"label":"快速道路／高架匝道","group":"生活影響設施","radius":300,"name":"市民大道出口匝道"},"geometry":{"type":"Point","coordinates":[121.5060658,25.0505193]}},{"type":"Feature","properties":{"label":"快速道路／高架匝道","group":"生活影響設施","radius":300,"name":"泉州街入口匝道"},"geometry":{"type":"Point","coordinates":[121.5126331,25.0240566]}},{"type":"Feature","properties":{"label":"快速道路／高架匝道","group":"生活影響設施","radius":300,"name":"華江橋入口匝道"},"geometry":{"type":"Point","coordinates":[121.4912891,25.0360179]}},{"type":"Feature","properties":{"label":"快速道路／高架匝道","group":"生活影響設施","radius":300,"name":"華江橋入口匝道"},"geometry":{"type":"Point","coordinates":[121.4911914,25.0359472]}},{"type":"Feature","properties":{"label":"快速道路／高架匝道","group":"生活影響設施","radius":300,"name":"環河快速道路"},"geometry":{"type":"Point","coordinates":[121.4972552,25.0411612]}},{"type":"Feature","properties":{"label":"快速道路／高架匝道","group":"生活影響設施","radius":300,"name":"環河快速道路"},"geometry":{"type":"Point","coordinates":[121.491399,25.0358483]}},{"type":"Feature","properties":{"label":"快速道路／高架匝道","group":"生活影響設施","radius":300,"name":"新北環河快速道路"},"geometry":{"type":"Point","coordinates":[121.4970515,25.0557709]}},{"type":"Feature","properties":{"label":"快速道路／高架匝道","group":"生活影響設施","radius":300,"name":"中山高速公路"},"geometry":{"type":"Point","coordinates":[121.4972286,25.0765422]}},{"type":"Feature","properties":{"label":"快速道路／高架匝道","group":"生活影響設施","radius":300,"name":"中山高速公路"},"geometry":{"type":"Point","coordinates":[121.4994696,25.0770658]}},{"type":"Feature","properties":{"label":"快速道路／高架匝道","group":"生活影響設施","radius":300,"name":"中山高速公路"},"geometry":{"type":"Point","coordinates":[121.5003073,25.0770898]}},{"type":"Feature","properties":{"label":"快速道路／高架匝道","group":"生活影響設施","radius":300,"name":"中山高速公路"},"geometry":{"type":"Point","coordinates":[121.4993367,25.0768584]}},{"type":"Feature","properties":{"label":"快速道路／高架匝道","group":"生活影響設施","radius":300,"name":"汐止五股高架道路"},"geometry":{"type":"Point","coordinates":[121.4812817,25.0758632]}},{"type":"Feature","properties":{"label":"快速道路／高架匝道","group":"生活影響設施","radius":300,"name":"汐止五股高架道路"},"geometry":{"type":"Point","coordinates":[121.4825169,25.0752865]}},{"type":"Feature","properties":{"label":"快速道路／高架匝道","group":"生活影響設施","radius":300,"name":"汐止系統交流道"},"geometry":{"type":"Point","coordinates":[121.6437134,25.0696585]}},{"type":"Feature","properties":{"label":"快速道路／高架匝道","group":"生活影響設施","radius":300,"name":"環東大道"},"geometry":{"type":"Point","coordinates":[121.6223921,25.0566072]}},{"type":"Feature","properties":{"label":"快速道路／高架匝道","group":"生活影響設施","radius":300,"name":"OSM 未命名設施"},"geometry":{"type":"Point","coordinates":[121.583285,25.0581273]}},{"type":"Feature","properties":{"label":"快速道路／高架匝道","group":"生活影響設施","radius":300,"name":"舊宗路出口匝道"},"geometry":{"type":"Point","coordinates":[121.5858384,25.0595288]}},{"type":"Feature","properties":{"label":"快速道路／高架匝道","group":"生活影響設施","radius":300,"name":"環東大道"},"geometry":{"type":"Point","coordinates":[121.585154,25.0590509]}},{"type":"Feature","properties":{"label":"快速道路／高架匝道","group":"生活影響設施","radius":300,"name":"福爾摩沙高速公路"},"geometry":{"type":"Point","coordinates":[121.6446244,25.0695377]}},{"type":"Feature","properties":{"label":"快速道路／高架匝道","group":"生活影響設施","radius":300,"name":"林口交流道"},"geometry":{"type":"Point","coordinates":[121.3573086,25.0648304]}},{"type":"Feature","properties":{"label":"快速道路／高架匝道","group":"生活影響設施","radius":300,"name":"經貿一路出口匝道"},"geometry":{"type":"Point","coordinates":[121.6159743,25.062693]}},{"type":"Feature","properties":{"label":"快速道路／高架匝道","group":"生活影響設施","radius":300,"name":"舊宗路出口匝道"},"geometry":{"type":"Point","coordinates":[121.582941,25.0580041]}},{"type":"Feature","properties":{"label":"快速道路／高架匝道","group":"生活影響設施","radius":300,"name":"環東大道"},"geometry":{"type":"Point","coordinates":[121.6123381,25.0623971]}},{"type":"Feature","properties":{"label":"快速道路／高架匝道","group":"生活影響設施","radius":300,"name":"OSM 未命名設施"},"geometry":{"type":"Point","coordinates":[121.5846047,25.0588277]}},{"type":"Feature","properties":{"label":"快速道路／高架匝道","group":"生活影響設施","radius":300,"name":"中山高架道路"},"geometry":{"type":"Point","coordinates":[121.4615717,25.0608074]}},{"type":"Feature","properties":{"label":"快速道路／高架匝道","group":"生活影響設施","radius":300,"name":"土城交流道"},"geometry":{"type":"Point","coordinates":[121.4313005,24.9613826]}},{"type":"Feature","properties":{"label":"快速道路／高架匝道","group":"生活影響設施","radius":300,"name":"汐止系統交流道"},"geometry":{"type":"Point","coordinates":[121.6439103,25.0680087]}},{"type":"Feature","properties":{"label":"快速道路／高架匝道","group":"生活影響設施","radius":300,"name":"福爾摩沙高速公路"},"geometry":{"type":"Point","coordinates":[121.6436069,25.0658528]}},{"type":"Feature","properties":{"label":"快速道路／高架匝道","group":"生活影響設施","radius":300,"name":"新北環河快速道路"},"geometry":{"type":"Point","coordinates":[121.5038115,25.0684213]}},{"type":"Feature","properties":{"label":"快速道路／高架匝道","group":"生活影響設施","radius":300,"name":"新北環河快速道路"},"geometry":{"type":"Point","coordinates":[121.5038946,25.0685742]}},{"type":"Feature","properties":{"label":"快速道路／高架匝道","group":"生活影響設施","radius":300,"name":"新北環河快速道路"},"geometry":{"type":"Point","coordinates":[121.4972649,25.0560556]}},{"type":"Feature","properties":{"label":"快速道路／高架匝道","group":"生活影響設施","radius":300,"name":"土城交流道"},"geometry":{"type":"Point","coordinates":[121.4313144,24.959221]}},{"type":"Feature","properties":{"label":"快速道路／高架匝道","group":"生活影響設施","radius":300,"name":"安坑交流道"},"geometry":{"type":"Point","coordinates":[121.5286241,24.971693]}},{"type":"Feature","properties":{"label":"快速道路／高架匝道","group":"生活影響設施","radius":300,"name":"安坑交流道"},"geometry":{"type":"Point","coordinates":[121.5263692,24.9744133]}},{"type":"Feature","properties":{"label":"快速道路／高架匝道","group":"生活影響設施","radius":300,"name":"安坑交流道"},"geometry":{"type":"Point","coordinates":[121.5297891,24.9714892]}},{"type":"Feature","properties":{"label":"快速道路／高架匝道","group":"生活影響設施","radius":300,"name":"安坑交流道"},"geometry":{"type":"Point","coordinates":[121.5276552,24.9732243]}},{"type":"Feature","properties":{"label":"快速道路／高架匝道","group":"生活影響設施","radius":300,"name":"安坑交流道"},"geometry":{"type":"Point","coordinates":[121.5288087,24.9716702]}},{"type":"Feature","properties":{"label":"快速道路／高架匝道","group":"生活影響設施","radius":300,"name":"東西向快速公路 八里新店線"},"geometry":{"type":"Point","coordinates":[121.5136217,24.9921162]}},{"type":"Feature","properties":{"label":"快速道路／高架匝道","group":"生活影響設施","radius":300,"name":"中和一交流道"},"geometry":{"type":"Point","coordinates":[121.4836177,25.0070211]}},{"type":"Feature","properties":{"label":"快速道路／高架匝道","group":"生活影響設施","radius":300,"name":"板橋二交流道"},"geometry":{"type":"Point","coordinates":[121.4526014,25.0033229]}},{"type":"Feature","properties":{"label":"快速道路／高架匝道","group":"生活影響設施","radius":300,"name":"南港系統交流道"},"geometry":{"type":"Point","coordinates":[121.6224947,25.0366346]}},{"type":"Feature","properties":{"label":"快速道路／高架匝道","group":"生活影響設施","radius":300,"name":"福爾摩沙高速公路"},"geometry":{"type":"Point","coordinates":[121.6233739,25.039822]}},{"type":"Feature","properties":{"label":"快速道路／高架匝道","group":"生活影響設施","radius":300,"name":"南港系統交流道"},"geometry":{"type":"Point","coordinates":[121.6227563,25.0376743]}},{"type":"Feature","properties":{"label":"快速道路／高架匝道","group":"生活影響設施","radius":300,"name":"南港系統交流道"},"geometry":{"type":"Point","coordinates":[121.6219793,25.0358]}},{"type":"Feature","properties":{"label":"快速道路／高架匝道","group":"生活影響設施","radius":300,"name":"福爾摩沙高速公路"},"geometry":{"type":"Point","coordinates":[121.6207392,25.0359404]}},{"type":"Feature","properties":{"label":"快速道路／高架匝道","group":"生活影響設施","radius":300,"name":"福爾摩沙高速公路"},"geometry":{"type":"Point","coordinates":[121.6238776,25.04018]}},{"type":"Feature","properties":{"label":"快速道路／高架匝道","group":"生活影響設施","radius":300,"name":"福爾摩沙高速公路"},"geometry":{"type":"Point","coordinates":[121.6213133,25.0365095]}},{"type":"Feature","properties":{"label":"快速道路／高架匝道","group":"生活影響設施","radius":300,"name":"中山高速公路"},"geometry":{"type":"Point","coordinates":[121.4343794,25.0685858]}},{"type":"Feature","properties":{"label":"快速道路／高架匝道","group":"生活影響設施","radius":300,"name":"五股一交流道"},"geometry":{"type":"Point","coordinates":[121.4512851,25.0985621]}},{"type":"Feature","properties":{"label":"快速道路／高架匝道","group":"生活影響設施","radius":300,"name":"三重交流道"},"geometry":{"type":"Point","coordinates":[121.4759004,25.0579198]}},{"type":"Feature","properties":{"label":"快速道路／高架匝道","group":"生活影響設施","radius":300,"name":"三重交流道"},"geometry":{"type":"Point","coordinates":[121.4754233,25.0581283]}},{"type":"Feature","properties":{"label":"快速道路／高架匝道","group":"生活影響設施","radius":300,"name":"五股一交流道"},"geometry":{"type":"Point","coordinates":[121.4502414,25.0968198]}},{"type":"Feature","properties":{"label":"快速道路／高架匝道","group":"生活影響設施","radius":300,"name":"五股一交流道"},"geometry":{"type":"Point","coordinates":[121.4502658,25.0960394]}},{"type":"Feature","properties":{"label":"快速道路／高架匝道","group":"生活影響設施","radius":300,"name":"江子翠交流道"},"geometry":{"type":"Point","coordinates":[121.4671043,25.0347705]}},{"type":"Feature","properties":{"label":"快速道路／高架匝道","group":"生活影響設施","radius":300,"name":"江子翠交流道"},"geometry":{"type":"Point","coordinates":[121.4752825,25.0373878]}},{"type":"Feature","properties":{"label":"快速道路／高架匝道","group":"生活影響設施","radius":300,"name":"民生路出口匝道"},"geometry":{"type":"Point","coordinates":[121.4796322,25.0389184]}},{"type":"Feature","properties":{"label":"快速道路／高架匝道","group":"生活影響設施","radius":300,"name":"環漢路入口匝道"},"geometry":{"type":"Point","coordinates":[121.4761009,25.0448966]}},{"type":"Feature","properties":{"label":"快速道路／高架匝道","group":"生活影響設施","radius":300,"name":"民生路入口匝道"},"geometry":{"type":"Point","coordinates":[121.4797662,25.0389482]}},{"type":"Feature","properties":{"label":"快速道路／高架匝道","group":"生活影響設施","radius":300,"name":"環漢路入口匝道"},"geometry":{"type":"Point","coordinates":[121.4755919,25.0451344]}},{"type":"Feature","properties":{"label":"快速道路／高架匝道","group":"生活影響設施","radius":300,"name":"江子翠交流道"},"geometry":{"type":"Point","coordinates":[121.4736141,25.037036]}},{"type":"Feature","properties":{"label":"快速道路／高架匝道","group":"生活影響設施","radius":300,"name":"基隆路入口匝道"},"geometry":{"type":"Point","coordinates":[121.5660084,25.0436784]}},{"type":"Feature","properties":{"label":"快速道路／高架匝道","group":"生活影響設施","radius":300,"name":"環漢路出口匝道"},"geometry":{"type":"Point","coordinates":[121.475544,25.0452404]}},{"type":"Feature","properties":{"label":"快速道路／高架匝道","group":"生活影響設施","radius":300,"name":"環漢路出口匝道"},"geometry":{"type":"Point","coordinates":[121.4758511,25.0453313]}},{"type":"Feature","properties":{"label":"快速道路／高架匝道","group":"生活影響設施","radius":300,"name":"福國路出口匝道"},"geometry":{"type":"Point","coordinates":[121.4987572,25.1000071]}},{"type":"Feature","properties":{"label":"快速道路／高架匝道","group":"生活影響設施","radius":300,"name":"福國路入口匝道"},"geometry":{"type":"Point","coordinates":[121.4992339,25.1011174]}},{"type":"Feature","properties":{"label":"快速道路／高架匝道","group":"生活影響設施","radius":300,"name":"仁愛路出口匝道"},"geometry":{"type":"Point","coordinates":[121.5377206,25.0384315]}},{"type":"Feature","properties":{"label":"快速道路／高架匝道","group":"生活影響設施","radius":300,"name":"仁愛路出口匝道"},"geometry":{"type":"Point","coordinates":[121.53753,25.0398675]}},{"type":"Feature","properties":{"label":"快速道路／高架匝道","group":"生活影響設施","radius":300,"name":"仁愛路入口匝道"},"geometry":{"type":"Point","coordinates":[121.5378037,25.0396529]}},{"type":"Feature","properties":{"label":"快速道路／高架匝道","group":"生活影響設施","radius":300,"name":"仁愛路入口匝道"},"geometry":{"type":"Point","coordinates":[121.5380445,25.0383813]}},{"type":"Feature","properties":{"label":"快速道路／高架匝道","group":"生活影響設施","radius":300,"name":"信義快速道路"},"geometry":{"type":"Point","coordinates":[121.571572,25.0312994]}},{"type":"Feature","properties":{"label":"快速道路／高架匝道","group":"生活影響設施","radius":300,"name":"信義路入口匝道"},"geometry":{"type":"Point","coordinates":[121.5719785,25.0324826]}},{"type":"Feature","properties":{"label":"快速道路／高架匝道","group":"生活影響設施","radius":300,"name":"信義路出口匝道"},"geometry":{"type":"Point","coordinates":[121.5731196,25.0326394]}},{"type":"Feature","properties":{"label":"快速道路／高架匝道","group":"生活影響設施","radius":300,"name":"信義路入口匝道"},"geometry":{"type":"Point","coordinates":[121.5715521,25.0315263]}},{"type":"Feature","properties":{"label":"快速道路／高架匝道","group":"生活影響設施","radius":300,"name":"信義路入口匝道"},"geometry":{"type":"Point","coordinates":[121.5738625,25.0332513]}},{"type":"Feature","properties":{"label":"快速道路／高架匝道","group":"生活影響設施","radius":300,"name":"信義路出口匝道"},"geometry":{"type":"Point","coordinates":[121.5711934,25.032376]}},{"type":"Feature","properties":{"label":"快速道路／高架匝道","group":"生活影響設施","radius":300,"name":"板橋二交流道"},"geometry":{"type":"Point","coordinates":[121.4526195,25.0039252]}},{"type":"Feature","properties":{"label":"快速道路／高架匝道","group":"生活影響設施","radius":300,"name":"內湖交流道"},"geometry":{"type":"Point","coordinates":[121.5994058,25.0640013]}},{"type":"Feature","properties":{"label":"快速道路／高架匝道","group":"生活影響設施","radius":300,"name":"舊宗路出口匝道"},"geometry":{"type":"Point","coordinates":[121.5787791,25.0557088]}},{"type":"Feature","properties":{"label":"快速道路／高架匝道","group":"生活影響設施","radius":300,"name":"環東大道入口匝道"},"geometry":{"type":"Point","coordinates":[121.6227084,25.0556955]}},{"type":"Feature","properties":{"label":"快速道路／高架匝道","group":"生活影響設施","radius":300,"name":"環東大道入口匝道"},"geometry":{"type":"Point","coordinates":[121.6224174,25.0570074]}},{"type":"Feature","properties":{"label":"快速道路／高架匝道","group":"生活影響設施","radius":300,"name":"市民大道高架道路"},"geometry":{"type":"Point","coordinates":[121.5544038,25.0448656]}},{"type":"Feature","properties":{"label":"快速道路／高架匝道","group":"生活影響設施","radius":300,"name":"基隆路入口匝道"},"geometry":{"type":"Point","coordinates":[121.5673009,25.0458777]}},{"type":"Feature","properties":{"label":"快速道路／高架匝道","group":"生活影響設施","radius":300,"name":"市民大道高架道路"},"geometry":{"type":"Point","coordinates":[121.5677956,25.0468104]}},{"type":"Feature","properties":{"label":"快速道路／高架匝道","group":"生活影響設施","radius":300,"name":"舊宗路入口匝道"},"geometry":{"type":"Point","coordinates":[121.5858927,25.0594844]}},{"type":"Feature","properties":{"label":"快速道路／高架匝道","group":"生活影響設施","radius":300,"name":"基隆路出口匝道"},"geometry":{"type":"Point","coordinates":[121.5673419,25.0458967]}},{"type":"Feature","properties":{"label":"快速道路／高架匝道","group":"生活影響設施","radius":300,"name":"基隆路出口匝道"},"geometry":{"type":"Point","coordinates":[121.5679374,25.0469362]}},{"type":"Feature","properties":{"label":"快速道路／高架匝道","group":"生活影響設施","radius":300,"name":"環東大道出口匝道"},"geometry":{"type":"Point","coordinates":[121.5799705,25.0563095]}},{"type":"Feature","properties":{"label":"快速道路／高架匝道","group":"生活影響設施","radius":300,"name":"內湖交流道"},"geometry":{"type":"Point","coordinates":[121.5931605,25.0643988]}},{"type":"Feature","properties":{"label":"快速道路／高架匝道","group":"生活影響設施","radius":300,"name":"內湖交流道"},"geometry":{"type":"Point","coordinates":[121.5927588,25.0640345]}},{"type":"Feature","properties":{"label":"快速道路／高架匝道","group":"生活影響設施","radius":300,"name":"OSM 未命名設施"},"geometry":{"type":"Point","coordinates":[121.5905578,25.0652511]}},{"type":"Feature","properties":{"label":"快速道路／高架匝道","group":"生活影響設施","radius":300,"name":"中安大橋出口匝道"},"geometry":{"type":"Point","coordinates":[121.52333,24.9787324]}},{"type":"Feature","properties":{"label":"快速道路／高架匝道","group":"生活影響設施","radius":300,"name":"中山高速公路"},"geometry":{"type":"Point","coordinates":[121.636403,25.0697148]}},{"type":"Feature","properties":{"label":"快速道路／高架匝道","group":"生活影響設施","radius":300,"name":"中山高速公路"},"geometry":{"type":"Point","coordinates":[121.6376755,25.0702639]}},{"type":"Feature","properties":{"label":"軌道／公車機廠","group":"生活影響設施","radius":500,"name":"台北捷運南港機廠"},"geometry":{"type":"Point","coordinates":[121.599773,25.0502534]}},{"type":"Feature","properties":{"label":"快速道路／高架匝道","group":"生活影響設施","radius":300,"name":"基隆路入口匝道"},"geometry":{"type":"Point","coordinates":[121.53785,25.0117709]}},{"type":"Feature","properties":{"label":"鐵路／調車設施","group":"生活影響設施","radius":300,"name":"縱貫線西正線"},"geometry":{"type":"Point","coordinates":[121.6573036,25.0666955]}},{"type":"Feature","properties":{"label":"鐵路／調車設施","group":"生活影響設施","radius":300,"name":"縱貫線東正線"},"geometry":{"type":"Point","coordinates":[121.5409571,25.0453938]}},{"type":"Feature","properties":{"label":"鐵路／調車設施","group":"生活影響設施","radius":300,"name":"縱貫線東正線"},"geometry":{"type":"Point","coordinates":[121.5646,25.047295]}},{"type":"Feature","properties":{"label":"鐵路／調車設施","group":"生活影響設施","radius":300,"name":"縱貫線"},"geometry":{"type":"Point","coordinates":[121.4740677,25.0204551]}},{"type":"Feature","properties":{"label":"鐵路／調車設施","group":"生活影響設施","radius":300,"name":"縱貫線西正線"},"geometry":{"type":"Point","coordinates":[121.5077778,25.0410785]}},{"type":"Feature","properties":{"label":"鐵路／調車設施","group":"生活影響設施","radius":300,"name":"縱貫線東正線"},"geometry":{"type":"Point","coordinates":[121.5010844,25.0333859]}},{"type":"Feature","properties":{"label":"鐵路／調車設施","group":"生活影響設施","radius":300,"name":"縱貫線西正線"},"geometry":{"type":"Point","coordinates":[121.5130434,25.0484488]}},{"type":"Feature","properties":{"label":"鐵路／調車設施","group":"生活影響設施","radius":300,"name":"縱貫線東正線"},"geometry":{"type":"Point","coordinates":[121.6137675,25.0540094]}},{"type":"Feature","properties":{"label":"鐵路／調車設施","group":"生活影響設施","radius":300,"name":"縱貫線西正線"},"geometry":{"type":"Point","coordinates":[121.5417298,25.0453643]}},{"type":"Feature","properties":{"label":"鐵路／調車設施","group":"生活影響設施","radius":300,"name":"縱貫線西正線"},"geometry":{"type":"Point","coordinates":[121.5650539,25.0475003]}},{"type":"Feature","properties":{"label":"鐵路／調車設施","group":"生活影響設施","radius":300,"name":"縱貫線西正線"},"geometry":{"type":"Point","coordinates":[121.5222762,25.0467782]}},{"type":"Feature","properties":{"label":"鐵路／調車設施","group":"生活影響設施","radius":300,"name":"縱貫線西正線"},"geometry":{"type":"Point","coordinates":[121.5010451,25.0334372]}},{"type":"Feature","properties":{"label":"鐵路／調車設施","group":"生活影響設施","radius":300,"name":"OSM 未命名設施"},"geometry":{"type":"Point","coordinates":[121.4525082,25.0037829]}},{"type":"Feature","properties":{"label":"鐵路／調車設施","group":"生活影響設施","radius":300,"name":"縱貫線"},"geometry":{"type":"Point","coordinates":[121.4744968,25.020841]}},{"type":"Feature","properties":{"label":"鐵路／調車設施","group":"生活影響設施","radius":300,"name":"縱貫線西正線"},"geometry":{"type":"Point","coordinates":[121.6102698,25.0537267]}},{"type":"Feature","properties":{"label":"鐵路／調車設施","group":"生活影響設施","radius":300,"name":"縱貫線東正線"},"geometry":{"type":"Point","coordinates":[121.5759587,25.0493476]}},{"type":"Feature","properties":{"label":"鐵路／調車設施","group":"生活影響設施","radius":300,"name":"縱貫線"},"geometry":{"type":"Point","coordinates":[121.4585817,25.0090005]}},{"type":"Feature","properties":{"label":"鐵路／調車設施","group":"生活影響設施","radius":300,"name":"縱貫線東正線"},"geometry":{"type":"Point","coordinates":[121.4945928,25.030574]}},{"type":"Feature","properties":{"label":"鐵路／調車設施","group":"生活影響設施","radius":300,"name":"縱貫線西正線"},"geometry":{"type":"Point","coordinates":[121.494544,25.0306201]}},{"type":"Feature","properties":{"label":"鐵路／調車設施","group":"生活影響設施","radius":300,"name":"縱貫線東正線"},"geometry":{"type":"Point","coordinates":[121.5077816,25.0410339]}},{"type":"Feature","properties":{"label":"快速道路／高架匝道","group":"生活影響設施","radius":300,"name":"新北大橋"},"geometry":{"type":"Point","coordinates":[121.4864826,25.0471554]}},{"type":"Feature","properties":{"label":"快速道路／高架匝道","group":"生活影響設施","radius":300,"name":"新北環河快速道路"},"geometry":{"type":"Point","coordinates":[121.4890748,25.048095]}},{"type":"Feature","properties":{"label":"快速道路／高架匝道","group":"生活影響設施","radius":300,"name":"東西向快速公路 八里新店線"},"geometry":{"type":"Point","coordinates":[121.4794352,25.0493042]}},{"type":"Feature","properties":{"label":"鐵路／調車設施","group":"生活影響設施","radius":300,"name":"縱貫線東正線"},"geometry":{"type":"Point","coordinates":[121.6627644,25.0727072]}},{"type":"Feature","properties":{"label":"快速道路／高架匝道","group":"生活影響設施","radius":300,"name":"中山高速公路"},"geometry":{"type":"Point","coordinates":[121.5947541,25.0638437]}},{"type":"Feature","properties":{"label":"快速道路／高架匝道","group":"生活影響設施","radius":300,"name":"中山高速公路"},"geometry":{"type":"Point","coordinates":[121.5906796,25.0648495]}},{"type":"Feature","properties":{"label":"快速道路／高架匝道","group":"生活影響設施","radius":300,"name":"環東大道入口匝道"},"geometry":{"type":"Point","coordinates":[121.6199831,25.0525191]}},{"type":"Feature","properties":{"label":"鐵路／調車設施","group":"生活影響設施","radius":300,"name":"台灣高速鐵路"},"geometry":{"type":"Point","coordinates":[121.4983344,25.0323766]}},{"type":"Feature","properties":{"label":"鐵路／調車設施","group":"生活影響設施","radius":300,"name":"台灣高速鐵路"},"geometry":{"type":"Point","coordinates":[121.4983678,25.0323546]}},{"type":"Feature","properties":{"label":"鐵路／調車設施","group":"生活影響設施","radius":300,"name":"台灣高速鐵路"},"geometry":{"type":"Point","coordinates":[121.5080714,25.0420255]}},{"type":"Feature","properties":{"label":"鐵路／調車設施","group":"生活影響設施","radius":300,"name":"台灣高速鐵路"},"geometry":{"type":"Point","coordinates":[121.508464,25.0432155]}},{"type":"Feature","properties":{"label":"鐵路／調車設施","group":"生活影響設施","radius":300,"name":"台灣高速鐵路"},"geometry":{"type":"Point","coordinates":[121.4525054,25.0036619]}},{"type":"Feature","properties":{"label":"鐵路／調車設施","group":"生活影響設施","radius":300,"name":"台灣高速鐵路"},"geometry":{"type":"Point","coordinates":[121.4568853,25.0070402]}},{"type":"Feature","properties":{"label":"鐵路／調車設施","group":"生活影響設施","radius":300,"name":"台灣高速鐵路"},"geometry":{"type":"Point","coordinates":[121.4568609,25.0069498]}},{"type":"Feature","properties":{"label":"鐵路／調車設施","group":"生活影響設施","radius":300,"name":"台灣高速鐵路"},"geometry":{"type":"Point","coordinates":[121.4644725,25.0135997]}},{"type":"Feature","properties":{"label":"快速道路／高架匝道","group":"生活影響設施","radius":300,"name":"市民大道高架道路"},"geometry":{"type":"Point","coordinates":[121.5133713,25.0495429]}},{"type":"Feature","properties":{"label":"快速道路／高架匝道","group":"生活影響設施","radius":300,"name":"市民大道高架道路"},"geometry":{"type":"Point","coordinates":[121.5225175,25.047796]}},{"type":"Feature","properties":{"label":"快速道路／高架匝道","group":"生活影響設施","radius":300,"name":"五股土城線"},"geometry":{"type":"Point","coordinates":[121.4520336,25.002326]}},{"type":"Feature","properties":{"label":"快速道路／高架匝道","group":"生活影響設施","radius":300,"name":"板橋二交流道"},"geometry":{"type":"Point","coordinates":[121.4521982,25.0018302]}},{"type":"Feature","properties":{"label":"快速道路／高架匝道","group":"生活影響設施","radius":300,"name":"新莊二交流道"},"geometry":{"type":"Point","coordinates":[121.4421388,25.0362911]}},{"type":"Feature","properties":{"label":"快速道路／高架匝道","group":"生活影響設施","radius":300,"name":"基隆路高架道路"},"geometry":{"type":"Point","coordinates":[121.5366931,25.0113179]}},{"type":"Feature","properties":{"label":"快速道路／高架匝道","group":"生活影響設施","radius":300,"name":"水源快速道路"},"geometry":{"type":"Point","coordinates":[121.5197121,25.021019]}},{"type":"Feature","properties":{"label":"快速道路／高架匝道","group":"生活影響設施","radius":300,"name":"泉州街入口匝道"},"geometry":{"type":"Point","coordinates":[121.5132646,25.0240061]}},{"type":"Feature","properties":{"label":"快速道路／高架匝道","group":"生活影響設施","radius":300,"name":"環河快速道路"},"geometry":{"type":"Point","coordinates":[121.4908645,25.0237095]}},{"type":"Feature","properties":{"label":"快速道路／高架匝道","group":"生活影響設施","radius":300,"name":"福和橋出口匝道"},"geometry":{"type":"Point","coordinates":[121.5376132,25.0116232]}},{"type":"Feature","properties":{"label":"快速道路／高架匝道","group":"生活影響設施","radius":300,"name":"環河南路快速道路"},"geometry":{"type":"Point","coordinates":[121.4973008,25.0387735]}},{"type":"Feature","properties":{"label":"軌道／公車機廠","group":"生活影響設施","radius":500,"name":"板橋公車站"},"geometry":{"type":"Point","coordinates":[121.4626262,25.0131057]}},{"type":"Feature","properties":{"label":"鐵路／調車設施","group":"生活影響設施","radius":300,"name":"OSM 未命名設施"},"geometry":{"type":"Point","coordinates":[121.4245863,24.9915151]}},{"type":"Feature","properties":{"label":"鐵路／調車設施","group":"生活影響設施","radius":300,"name":"OSM 未命名設施"},"geometry":{"type":"Point","coordinates":[121.4261707,24.9947888]}},{"type":"Feature","properties":{"label":"鐵路／調車設施","group":"生活影響設施","radius":300,"name":"OSM 未命名設施"},"geometry":{"type":"Point","coordinates":[121.4244507,24.9915326]}},{"type":"Feature","properties":{"label":"鐵路／調車設施","group":"生活影響設施","radius":300,"name":"OSM 未命名設施"},"geometry":{"type":"Point","coordinates":[121.4240532,24.9907686]}},{"type":"Feature","properties":{"label":"快速道路／高架匝道","group":"生活影響設施","radius":300,"name":"中華路入口匝道"},"geometry":{"type":"Point","coordinates":[121.4841296,25.0613783]}},{"type":"Feature","properties":{"label":"快速道路／高架匝道","group":"生活影響設施","radius":300,"name":"中華路出口匝道"},"geometry":{"type":"Point","coordinates":[121.4839842,25.0615575]}},{"type":"Feature","properties":{"label":"快速道路／高架匝道","group":"生活影響設施","radius":300,"name":"中華路入口匝道"},"geometry":{"type":"Point","coordinates":[121.4850828,25.0613681]}},{"type":"Feature","properties":{"label":"快速道路／高架匝道","group":"生活影響設施","radius":300,"name":"中華路出口匝道"},"geometry":{"type":"Point","coordinates":[121.4850098,25.0615443]}},{"type":"Feature","properties":{"label":"快速道路／高架匝道","group":"生活影響設施","radius":300,"name":"基隆路高架道路"},"geometry":{"type":"Point","coordinates":[121.5359143,25.0105393]}},{"type":"Feature","properties":{"label":"鐵路／調車設施","group":"生活影響設施","radius":300,"name":"台灣高速鐵路"},"geometry":{"type":"Point","coordinates":[121.6126134,25.0538563]}},{"type":"Feature","properties":{"label":"快速道路／高架匝道","group":"生活影響設施","radius":300,"name":"中華路入口匝道"},"geometry":{"type":"Point","coordinates":[121.48069,25.0616087]}},{"type":"Feature","properties":{"label":"快速道路／高架匝道","group":"生活影響設施","radius":300,"name":"中華路出口匝道"},"geometry":{"type":"Point","coordinates":[121.4806906,25.0614441]}},{"type":"Feature","properties":{"label":"快速道路／高架匝道","group":"生活影響設施","radius":300,"name":"思源路出口匝道"},"geometry":{"type":"Point","coordinates":[121.4627799,25.0608669]}},{"type":"Feature","properties":{"label":"快速道路／高架匝道","group":"生活影響設施","radius":300,"name":"東西向快速公路 八里新店線"},"geometry":{"type":"Point","coordinates":[121.4695732,25.0209317]}},{"type":"Feature","properties":{"label":"快速道路／高架匝道","group":"生活影響設施","radius":300,"name":"長安東路入口匝道"},"geometry":{"type":"Point","coordinates":[121.5296733,25.047994]}},{"type":"Feature","properties":{"label":"快速道路／高架匝道","group":"生活影響設施","radius":300,"name":"中正橋出口匝道"},"geometry":{"type":"Point","coordinates":[121.5157021,25.0234847]}},{"type":"Feature","properties":{"label":"快速道路／高架匝道","group":"生活影響設施","radius":300,"name":"中正橋入口匝道"},"geometry":{"type":"Point","coordinates":[121.5175802,25.0213609]}},{"type":"Feature","properties":{"label":"快速道路／高架匝道","group":"生活影響設施","radius":300,"name":"新生高架道路"},"geometry":{"type":"Point","coordinates":[121.5300712,25.0440044]}},{"type":"Feature","properties":{"label":"軌道／公車機廠","group":"生活影響設施","radius":500,"name":"OSM 未命名設施"},"geometry":{"type":"Point","coordinates":[121.4967594,25.0705991]}},{"type":"Feature","properties":{"label":"快速道路／高架匝道","group":"生活影響設施","radius":300,"name":"中山高架道路"},"geometry":{"type":"Point","coordinates":[121.482809,25.0615319]}},{"type":"Feature","properties":{"label":"快速道路／高架匝道","group":"生活影響設施","radius":300,"name":"中山橋"},"geometry":{"type":"Point","coordinates":[121.4759168,25.0615555]}},{"type":"Feature","properties":{"label":"快速道路／高架匝道","group":"生活影響設施","radius":300,"name":"中山橋"},"geometry":{"type":"Point","coordinates":[121.47595,25.0614752]}},{"type":"Feature","properties":{"label":"快速道路／高架匝道","group":"生活影響設施","radius":300,"name":"中山高架道路"},"geometry":{"type":"Point","coordinates":[121.4827682,25.0614626]}},{"type":"Feature","properties":{"label":"快速道路／高架匝道","group":"生活影響設施","radius":300,"name":"民生路入口匝道"},"geometry":{"type":"Point","coordinates":[121.4777657,25.0376365]}},{"type":"Feature","properties":{"label":"快速道路／高架匝道","group":"生活影響設施","radius":300,"name":"民生路出口匝道"},"geometry":{"type":"Point","coordinates":[121.4780491,25.037739]}},{"type":"Feature","properties":{"label":"快速道路／高架匝道","group":"生活影響設施","radius":300,"name":"縣民大道入口匝道"},"geometry":{"type":"Point","coordinates":[121.4826211,25.0304422]}},{"type":"Feature","properties":{"label":"快速道路／高架匝道","group":"生活影響設施","radius":300,"name":"縣民大道入口匝道"},"geometry":{"type":"Point","coordinates":[121.4831931,25.028812]}},{"type":"Feature","properties":{"label":"快速道路／高架匝道","group":"生活影響設施","radius":300,"name":"汐止五股高架道路"},"geometry":{"type":"Point","coordinates":[121.5968361,25.0669092]}},{"type":"Feature","properties":{"label":"快速道路／高架匝道","group":"生活影響設施","radius":300,"name":"正氣橋"},"geometry":{"type":"Point","coordinates":[121.5691463,25.0490075]}},{"type":"Feature","properties":{"label":"快速道路／高架匝道","group":"生活影響設施","radius":300,"name":"麥帥一橋"},"geometry":{"type":"Point","coordinates":[121.5729703,25.0526727]}},{"type":"Feature","properties":{"label":"快速道路／高架匝道","group":"生活影響設施","radius":300,"name":"市民大道高架道路"},"geometry":{"type":"Point","coordinates":[121.5679287,25.0470145]}},{"type":"Feature","properties":{"label":"快速道路／高架匝道","group":"生活影響設施","radius":300,"name":"建國快速道路"},"geometry":{"type":"Point","coordinates":[121.5365879,25.0450592]}},{"type":"Feature","properties":{"label":"快速道路／高架匝道","group":"生活影響設施","radius":300,"name":"建國快速道路"},"geometry":{"type":"Point","coordinates":[121.5369212,25.0427775]}},{"type":"Feature","properties":{"label":"快速道路／高架匝道","group":"生活影響設施","radius":300,"name":"東西向快速公路 八里新店線"},"geometry":{"type":"Point","coordinates":[121.4748264,25.0372208]}},{"type":"Feature","properties":{"label":"快速道路／高架匝道","group":"生活影響設施","radius":300,"name":"師大路出口匝道"},"geometry":{"type":"Point","coordinates":[121.5246635,25.0209081]}},{"type":"Feature","properties":{"label":"快速道路／高架匝道","group":"生活影響設施","radius":300,"name":"長安東路入口匝道"},"geometry":{"type":"Point","coordinates":[121.5291917,25.0489918]}},{"type":"Feature","properties":{"label":"快速道路／高架匝道","group":"生活影響設施","radius":300,"name":"新生高架道路"},"geometry":{"type":"Point","coordinates":[121.5292592,25.0501651]}},{"type":"Feature","properties":{"label":"快速道路／高架匝道","group":"生活影響設施","radius":300,"name":"民權東路出口匝道"},"geometry":{"type":"Point","coordinates":[121.5350854,25.0665253]}},{"type":"Feature","properties":{"label":"快速道路／高架匝道","group":"生活影響設施","radius":300,"name":"環東大道"},"geometry":{"type":"Point","coordinates":[121.6223014,25.0578467]}},{"type":"Feature","properties":{"label":"快速道路／高架匝道","group":"生活影響設施","radius":300,"name":"南港聯絡道"},"geometry":{"type":"Point","coordinates":[121.6214809,25.0518138]}},{"type":"Feature","properties":{"label":"快速道路／高架匝道","group":"生活影響設施","radius":300,"name":"南港交流道"},"geometry":{"type":"Point","coordinates":[121.6212135,25.0495898]}},{"type":"Feature","properties":{"label":"快速道路／高架匝道","group":"生活影響設施","radius":300,"name":"環東大道"},"geometry":{"type":"Point","coordinates":[121.6223876,25.0573646]}},{"type":"Feature","properties":{"label":"快速道路／高架匝道","group":"生活影響設施","radius":300,"name":"貴陽街出口匝道"},"geometry":{"type":"Point","coordinates":[121.4960442,25.0389872]}},{"type":"Feature","properties":{"label":"快速道路／高架匝道","group":"生活影響設施","radius":300,"name":"市民大道高架道路"},"geometry":{"type":"Point","coordinates":[121.5066315,25.0507428]}},{"type":"Feature","properties":{"label":"鐵路／調車設施","group":"生活影響設施","radius":300,"name":"台灣高速鐵路"},"geometry":{"type":"Point","coordinates":[121.5069944,25.0381993]}},{"type":"Feature","properties":{"label":"快速道路／高架匝道","group":"生活影響設施","radius":300,"name":"板橋二交流道"},"geometry":{"type":"Point","coordinates":[121.451885,25.0062589]}},{"type":"Feature","properties":{"label":"快速道路／高架匝道","group":"生活影響設施","radius":300,"name":"新北環河快速道路"},"geometry":{"type":"Point","coordinates":[121.510094,25.0158604]}},{"type":"Feature","properties":{"label":"快速道路／高架匝道","group":"生活影響設施","radius":300,"name":"萬板大橋入口匝道"},"geometry":{"type":"Point","coordinates":[121.4831524,25.0289948]}},{"type":"Feature","properties":{"label":"快速道路／高架匝道","group":"生活影響設施","radius":300,"name":"板橋二交流道"},"geometry":{"type":"Point","coordinates":[121.4522965,25.0034445]}},{"type":"Feature","properties":{"label":"快速道路／高架匝道","group":"生活影響設施","radius":300,"name":"中和二交流道"},"geometry":{"type":"Point","coordinates":[121.5066068,24.9933824]}},{"type":"Feature","properties":{"label":"快速道路／高架匝道","group":"生活影響設施","radius":300,"name":"中和二交流道"},"geometry":{"type":"Point","coordinates":[121.4905312,24.9939696]}},{"type":"Feature","properties":{"label":"快速道路／高架匝道","group":"生活影響設施","radius":300,"name":"東西向快速公路 八里新店線"},"geometry":{"type":"Point","coordinates":[121.5054578,24.9924072]}},{"type":"Feature","properties":{"label":"快速道路／高架匝道","group":"生活影響設施","radius":300,"name":"福爾摩沙高速公路"},"geometry":{"type":"Point","coordinates":[121.4179018,24.954555]}},{"type":"Feature","properties":{"label":"快速道路／高架匝道","group":"生活影響設施","radius":300,"name":"福國路入口匝道"},"geometry":{"type":"Point","coordinates":[121.5001539,25.1016954]}},{"type":"Feature","properties":{"label":"快速道路／高架匝道","group":"生活影響設施","radius":300,"name":"福國路出口匝道"},"geometry":{"type":"Point","coordinates":[121.5000275,25.1008894]}},{"type":"Feature","properties":{"label":"快速道路／高架匝道","group":"生活影響設施","radius":300,"name":"福國路出口匝道"},"geometry":{"type":"Point","coordinates":[121.5003992,25.1012158]}},{"type":"Feature","properties":{"label":"快速道路／高架匝道","group":"生活影響設施","radius":300,"name":"福國路入口匝道"},"geometry":{"type":"Point","coordinates":[121.5004768,25.1013999]}},{"type":"Feature","properties":{"label":"快速道路／高架匝道","group":"生活影響設施","radius":300,"name":"福國路入口匝道"},"geometry":{"type":"Point","coordinates":[121.5026896,25.1012525]}},{"type":"Feature","properties":{"label":"快速道路／高架匝道","group":"生活影響設施","radius":300,"name":"福國路出口匝道"},"geometry":{"type":"Point","coordinates":[121.5026974,25.101171]}},{"type":"Feature","properties":{"label":"快速道路／高架匝道","group":"生活影響設施","radius":300,"name":"水源快速道路"},"geometry":{"type":"Point","coordinates":[121.5198529,25.0208173]}},{"type":"Feature","properties":{"label":"快速道路／高架匝道","group":"生活影響設施","radius":300,"name":"土城交流道"},"geometry":{"type":"Point","coordinates":[121.4321279,24.96024]}},{"type":"Feature","properties":{"label":"快速道路／高架匝道","group":"生活影響設施","radius":300,"name":"土城交流道"},"geometry":{"type":"Point","coordinates":[121.4322273,24.9602025]}},{"type":"Feature","properties":{"label":"快速道路／高架匝道","group":"生活影響設施","radius":300,"name":"土城交流道"},"geometry":{"type":"Point","coordinates":[121.4309662,24.9593262]}},{"type":"Feature","properties":{"label":"快速道路／高架匝道","group":"生活影響設施","radius":300,"name":"土城交流道"},"geometry":{"type":"Point","coordinates":[121.4322253,24.961566]}},{"type":"Feature","properties":{"label":"快速道路／高架匝道","group":"生活影響設施","radius":300,"name":"福爾摩沙高速公路"},"geometry":{"type":"Point","coordinates":[121.4191934,24.9549478]}},{"type":"Feature","properties":{"label":"快速道路／高架匝道","group":"生活影響設施","radius":300,"name":"福爾摩沙高速公路"},"geometry":{"type":"Point","coordinates":[121.4298265,24.9597346]}},{"type":"Feature","properties":{"label":"快速道路／高架匝道","group":"生活影響設施","radius":300,"name":"東西向快速公路 八里新店線"},"geometry":{"type":"Point","coordinates":[121.4849215,25.0011308]}},{"type":"Feature","properties":{"label":"快速道路／高架匝道","group":"生活影響設施","radius":300,"name":"環河路"},"geometry":{"type":"Point","coordinates":[121.5299959,24.9715655]}},{"type":"Feature","properties":{"label":"快速道路／高架匝道","group":"生活影響設施","radius":300,"name":"福爾摩沙高速公路"},"geometry":{"type":"Point","coordinates":[121.4321774,24.9603169]}},{"type":"Feature","properties":{"label":"快速道路／高架匝道","group":"生活影響設施","radius":300,"name":"福爾摩沙高速公路"},"geometry":{"type":"Point","coordinates":[121.4322189,24.9601172]}},{"type":"Feature","properties":{"label":"快速道路／高架匝道","group":"生活影響設施","radius":300,"name":"福爾摩沙高速公路"},"geometry":{"type":"Point","coordinates":[121.4300202,24.9599716]}},{"type":"Feature","properties":{"label":"快速道路／高架匝道","group":"生活影響設施","radius":300,"name":"信義路出口匝道"},"geometry":{"type":"Point","coordinates":[121.5376674,25.0353457]}},{"type":"Feature","properties":{"label":"快速道路／高架匝道","group":"生活影響設施","radius":300,"name":"OSM 未命名設施"},"geometry":{"type":"Point","coordinates":[121.5369655,25.0542006]}},{"type":"Feature","properties":{"label":"快速道路／高架匝道","group":"生活影響設施","radius":300,"name":"長春路入口匝道"},"geometry":{"type":"Point","coordinates":[121.5366899,25.0524006]}},{"type":"Feature","properties":{"label":"快速道路／高架匝道","group":"生活影響設施","radius":300,"name":"永吉路出口匝道"},"geometry":{"type":"Point","coordinates":[121.5687972,25.0456759]}},{"type":"Feature","properties":{"label":"快速道路／高架匝道","group":"生活影響設施","radius":300,"name":"永吉路入口匝道"},"geometry":{"type":"Point","coordinates":[121.5688004,25.0457292]}},{"type":"Feature","properties":{"label":"快速道路／高架匝道","group":"生活影響設施","radius":300,"name":"成功路入口匝道"},"geometry":{"type":"Point","coordinates":[121.4869934,25.0472168]}},{"type":"Feature","properties":{"label":"快速道路／高架匝道","group":"生活影響設施","radius":300,"name":"東西向快速公路 八里新店線"},"geometry":{"type":"Point","coordinates":[121.4681655,25.0352313]}},{"type":"Feature","properties":{"label":"快速道路／高架匝道","group":"生活影響設施","radius":300,"name":"新北大橋"},"geometry":{"type":"Point","coordinates":[121.4864972,25.0469742]}},{"type":"Feature","properties":{"label":"快速道路／高架匝道","group":"生活影響設施","radius":300,"name":"水源快速道路"},"geometry":{"type":"Point","coordinates":[121.5225657,25.0203493]}},{"type":"Feature","properties":{"label":"快速道路／高架匝道","group":"生活影響設施","radius":300,"name":"師大路入口匝道"},"geometry":{"type":"Point","coordinates":[121.523347,25.0192132]}},{"type":"Feature","properties":{"label":"快速道路／高架匝道","group":"生活影響設施","radius":300,"name":"安坑交流道"},"geometry":{"type":"Point","coordinates":[121.5287296,24.9717204]}},{"type":"Feature","properties":{"label":"快速道路／高架匝道","group":"生活影響設施","radius":300,"name":"中安大橋入口匝道"},"geometry":{"type":"Point","coordinates":[121.5232835,24.9785632]}},{"type":"Feature","properties":{"label":"快速道路／高架匝道","group":"生活影響設施","radius":300,"name":"五股楊梅高架道路"},"geometry":{"type":"Point","coordinates":[121.3568831,25.064824]}},{"type":"Feature","properties":{"label":"快速道路／高架匝道","group":"生活影響設施","radius":300,"name":"安坑交流道"},"geometry":{"type":"Point","coordinates":[121.5287617,24.9717209]}},{"type":"Feature","properties":{"label":"快速道路／高架匝道","group":"生活影響設施","radius":300,"name":"土城交流道"},"geometry":{"type":"Point","coordinates":[121.4309246,24.9604791]}},{"type":"Feature","properties":{"label":"快速道路／高架匝道","group":"生活影響設施","radius":300,"name":"福爾摩沙高速公路"},"geometry":{"type":"Point","coordinates":[121.3827175,24.9475003]}},{"type":"Feature","properties":{"label":"快速道路／高架匝道","group":"生活影響設施","radius":300,"name":"正氣橋"},"geometry":{"type":"Point","coordinates":[121.570534,25.0508675]}},{"type":"Feature","properties":{"label":"快速道路／高架匝道","group":"生活影響設施","radius":300,"name":"成功路出口匝道"},"geometry":{"type":"Point","coordinates":[121.4869874,25.0471963]}},{"type":"Feature","properties":{"label":"快速道路／高架匝道","group":"生活影響設施","radius":300,"name":"建國快速道路"},"geometry":{"type":"Point","coordinates":[121.5342948,25.0224635]}},{"type":"Feature","properties":{"label":"快速道路／高架匝道","group":"生活影響設施","radius":300,"name":"經貿二路出口匝道"},"geometry":{"type":"Point","coordinates":[121.6124591,25.0624971]}},{"type":"Feature","properties":{"label":"快速道路／高架匝道","group":"生活影響設施","radius":300,"name":"環河路"},"geometry":{"type":"Point","coordinates":[121.526203,24.9749095]}},{"type":"Feature","properties":{"label":"快速道路／高架匝道","group":"生活影響設施","radius":300,"name":"環河路"},"geometry":{"type":"Point","coordinates":[121.5243736,24.9791818]}},{"type":"Feature","properties":{"label":"快速道路／高架匝道","group":"生活影響設施","radius":300,"name":"環河路"},"geometry":{"type":"Point","coordinates":[121.5285148,24.9725843]}},{"type":"Feature","properties":{"label":"快速道路／高架匝道","group":"生活影響設施","radius":300,"name":"基隆路入口匝道"},"geometry":{"type":"Point","coordinates":[121.5355277,25.0090773]}},{"type":"Feature","properties":{"label":"快速道路／高架匝道","group":"生活影響設施","radius":300,"name":"臺北轉運站出站通道"},"geometry":{"type":"Point","coordinates":[121.5181865,25.0488274]}},{"type":"Feature","properties":{"label":"快速道路／高架匝道","group":"生活影響設施","radius":300,"name":"光復南路出口匝道"},"geometry":{"type":"Point","coordinates":[121.5564853,25.0447898]}},{"type":"Feature","properties":{"label":"快速道路／高架匝道","group":"生活影響設施","radius":300,"name":"新生南路出口匝道"},"geometry":{"type":"Point","coordinates":[121.5306586,25.0208773]}},{"type":"Feature","properties":{"label":"快速道路／高架匝道","group":"生活影響設施","radius":300,"name":"新生南路入口匝道"},"geometry":{"type":"Point","coordinates":[121.5306729,25.0209465]}},{"type":"Feature","properties":{"label":"快速道路／高架匝道","group":"生活影響設施","radius":300,"name":"OSM 未命名設施"},"geometry":{"type":"Point","coordinates":[121.5313576,25.021495]}},{"type":"Feature","properties":{"label":"快速道路／高架匝道","group":"生活影響設施","radius":300,"name":"民生東路出口匝道"},"geometry":{"type":"Point","coordinates":[121.5277057,25.0560108]}},{"type":"Feature","properties":{"label":"快速道路／高架匝道","group":"生活影響設施","radius":300,"name":"新莊二交流道"},"geometry":{"type":"Point","coordinates":[121.4424369,25.0281047]}},{"type":"Feature","properties":{"label":"快速道路／高架匝道","group":"生活影響設施","radius":300,"name":"新莊二交流道"},"geometry":{"type":"Point","coordinates":[121.4422727,25.0280449]}},{"type":"Feature","properties":{"label":"鐵路／調車設施","group":"生活影響設施","radius":300,"name":"台灣高速鐵路"},"geometry":{"type":"Point","coordinates":[121.5121921,25.0477173]}},{"type":"Feature","properties":{"label":"快速道路／高架匝道","group":"生活影響設施","radius":300,"name":"正氣橋"},"geometry":{"type":"Point","coordinates":[121.5691075,25.0489422]}},{"type":"Feature","properties":{"label":"快速道路／高架匝道","group":"生活影響設施","radius":300,"name":"汐止聯絡道"},"geometry":{"type":"Point","coordinates":[121.656273,25.0680653]}},{"type":"Feature","properties":{"label":"快速道路／高架匝道","group":"生活影響設施","radius":300,"name":"三重交流道"},"geometry":{"type":"Point","coordinates":[121.4752548,25.0589036]}},{"type":"Feature","properties":{"label":"快速道路／高架匝道","group":"生活影響設施","radius":300,"name":"五股交流道"},"geometry":{"type":"Point","coordinates":[121.4339011,25.0682013]}},{"type":"Feature","properties":{"label":"快速道路／高架匝道","group":"生活影響設施","radius":300,"name":"建國快速道路"},"geometry":{"type":"Point","coordinates":[121.5262623,25.0199039]}},{"type":"Feature","properties":{"label":"快速道路／高架匝道","group":"生活影響設施","radius":300,"name":"建國快速道路"},"geometry":{"type":"Point","coordinates":[121.5307417,25.0208684]}},{"type":"Feature","properties":{"label":"快速道路／高架匝道","group":"生活影響設施","radius":300,"name":"建國快速道路"},"geometry":{"type":"Point","coordinates":[121.529662,25.0201044]}},{"type":"Feature","properties":{"label":"快速道路／高架匝道","group":"生活影響設施","radius":300,"name":"建國快速道路"},"geometry":{"type":"Point","coordinates":[121.5297232,25.0200641]}},{"type":"Feature","properties":{"label":"快速道路／高架匝道","group":"生活影響設施","radius":300,"name":"建國快速道路"},"geometry":{"type":"Point","coordinates":[121.5302746,25.0205133]}},{"type":"Feature","properties":{"label":"快速道路／高架匝道","group":"生活影響設施","radius":300,"name":"建國快速道路"},"geometry":{"type":"Point","coordinates":[121.5301695,25.02056]}},{"type":"Feature","properties":{"label":"快速道路／高架匝道","group":"生活影響設施","radius":300,"name":"建國快速道路"},"geometry":{"type":"Point","coordinates":[121.5283136,25.0192355]}},{"type":"Feature","properties":{"label":"快速道路／高架匝道","group":"生活影響設施","radius":300,"name":"建國快速道路"},"geometry":{"type":"Point","coordinates":[121.5282964,25.019176]}},{"type":"Feature","properties":{"label":"快速道路／高架匝道","group":"生活影響設施","radius":300,"name":"五股一交流道"},"geometry":{"type":"Point","coordinates":[121.4514593,25.0981805]}},{"type":"Feature","properties":{"label":"快速道路／高架匝道","group":"生活影響設施","radius":300,"name":"五股一交流道"},"geometry":{"type":"Point","coordinates":[121.4497987,25.0957251]}},{"type":"Feature","properties":{"label":"快速道路／高架匝道","group":"生活影響設施","radius":300,"name":"五股一交流道"},"geometry":{"type":"Point","coordinates":[121.4504302,25.0964692]}},{"type":"Feature","properties":{"label":"鐵路／調車設施","group":"生活影響設施","radius":300,"name":"縱貫線中正線"},"geometry":{"type":"Point","coordinates":[121.6202956,25.0544649]}},{"type":"Feature","properties":{"label":"鐵路／調車設施","group":"生活影響設施","radius":300,"name":"縱貫線東正線"},"geometry":{"type":"Point","coordinates":[121.6193683,25.0544277]}},{"type":"Feature","properties":{"label":"快速道路／高架匝道","group":"生活影響設施","radius":300,"name":"東西向快速公路 八里新店線"},"geometry":{"type":"Point","coordinates":[121.4503952,25.0968321]}},{"type":"Feature","properties":{"label":"快速道路／高架匝道","group":"生活影響設施","radius":300,"name":"建國快速道路"},"geometry":{"type":"Point","coordinates":[121.5335509,25.068924]}},{"type":"Feature","properties":{"label":"快速道路／高架匝道","group":"生活影響設施","radius":300,"name":"建國快速道路"},"geometry":{"type":"Point","coordinates":[121.5355167,25.0628184]}},{"type":"Feature","properties":{"label":"快速道路／高架匝道","group":"生活影響設施","radius":300,"name":"中山高速公路"},"geometry":{"type":"Point","coordinates":[121.4344385,25.068419]}},{"type":"Feature","properties":{"label":"快速道路／高架匝道","group":"生活影響設施","radius":300,"name":"五股交流道"},"geometry":{"type":"Point","coordinates":[121.4365113,25.0676818]}},{"type":"Feature","properties":{"label":"快速道路／高架匝道","group":"生活影響設施","radius":300,"name":"五股交流道"},"geometry":{"type":"Point","coordinates":[121.4335062,25.0685964]}},{"type":"Feature","properties":{"label":"鐵路／調車設施","group":"生活影響設施","radius":300,"name":"台灣高速鐵路"},"geometry":{"type":"Point","coordinates":[121.5606269,25.0483084]}},{"type":"Feature","properties":{"label":"快速道路／高架匝道","group":"生活影響設施","radius":300,"name":"民權東路入口匝道"},"geometry":{"type":"Point","coordinates":[121.5278358,25.0637647]}},{"type":"Feature","properties":{"label":"軌道／公車機廠","group":"生活影響設施","radius":500,"name":"圓山轉運站"},"geometry":{"type":"Point","coordinates":[121.5200095,25.0713394]}},{"type":"Feature","properties":{"label":"快速道路／高架匝道","group":"生活影響設施","radius":300,"name":"環河快速道路"},"geometry":{"type":"Point","coordinates":[121.4907329,25.0242568]}},{"type":"Feature","properties":{"label":"快速道路／高架匝道","group":"生活影響設施","radius":300,"name":"江子翠交流道"},"geometry":{"type":"Point","coordinates":[121.4728636,25.0366817]}},{"type":"Feature","properties":{"label":"快速道路／高架匝道","group":"生活影響設施","radius":300,"name":"江子翠交流道"},"geometry":{"type":"Point","coordinates":[121.475078,25.0371839]}},{"type":"Feature","properties":{"label":"鐵路／調車設施","group":"生活影響設施","radius":300,"name":"縱貫線西正線"},"geometry":{"type":"Point","coordinates":[121.6183666,25.0544709]}},{"type":"Feature","properties":{"label":"快速道路／高架匝道","group":"生活影響設施","radius":300,"name":"林口交流道"},"geometry":{"type":"Point","coordinates":[121.3585552,25.0655558]}},{"type":"Feature","properties":{"label":"鐵路／調車設施","group":"生活影響設施","radius":300,"name":"OSM 未命名設施"},"geometry":{"type":"Point","coordinates":[121.6555156,25.0650423]}},{"type":"Feature","properties":{"label":"鐵路／調車設施","group":"生活影響設施","radius":300,"name":"OSM 未命名設施"},"geometry":{"type":"Point","coordinates":[121.6569524,25.0656367]}},{"type":"Feature","properties":{"label":"鐵路／調車設施","group":"生活影響設施","radius":300,"name":"OSM 未命名設施"},"geometry":{"type":"Point","coordinates":[121.6573049,25.065715]}},{"type":"Feature","properties":{"label":"鐵路／調車設施","group":"生活影響設施","radius":300,"name":"OSM 未命名設施"},"geometry":{"type":"Point","coordinates":[121.6628046,25.0693435]}},{"type":"Feature","properties":{"label":"鐵路／調車設施","group":"生活影響設施","radius":300,"name":"OSM 未命名設施"},"geometry":{"type":"Point","coordinates":[121.6635851,25.0700344]}},{"type":"Feature","properties":{"label":"鐵路／調車設施","group":"生活影響設施","radius":300,"name":"OSM 未命名設施"},"geometry":{"type":"Point","coordinates":[121.655279,25.065012]}},{"type":"Feature","properties":{"label":"鐵路／調車設施","group":"生活影響設施","radius":300,"name":"OSM 未命名設施"},"geometry":{"type":"Point","coordinates":[121.6636552,25.0700363]}},{"type":"Feature","properties":{"label":"鐵路／調車設施","group":"生活影響設施","radius":300,"name":"OSM 未命名設施"},"geometry":{"type":"Point","coordinates":[121.6602837,25.0676233]}},{"type":"Feature","properties":{"label":"鐵路／調車設施","group":"生活影響設施","radius":300,"name":"台灣高速鐵路"},"geometry":{"type":"Point","coordinates":[121.6190225,25.0544877]}},{"type":"Feature","properties":{"label":"快速道路／高架匝道","group":"生活影響設施","radius":300,"name":"環東大道"},"geometry":{"type":"Point","coordinates":[121.5850596,25.059156]}},{"type":"Feature","properties":{"label":"快速道路／高架匝道","group":"生活影響設施","radius":300,"name":"環東大道"},"geometry":{"type":"Point","coordinates":[121.5870127,25.0600572]}},{"type":"Feature","properties":{"label":"快速道路／高架匝道","group":"生活影響設施","radius":300,"name":"環東大道"},"geometry":{"type":"Point","coordinates":[121.6148917,25.0634278]}},{"type":"Feature","properties":{"label":"快速道路／高架匝道","group":"生活影響設施","radius":300,"name":"環河路"},"geometry":{"type":"Point","coordinates":[121.5240252,24.98071]}},{"type":"Feature","properties":{"label":"快速道路／高架匝道","group":"生活影響設施","radius":300,"name":"OSM 未命名設施"},"geometry":{"type":"Point","coordinates":[121.5233077,24.9781828]}},{"type":"Feature","properties":{"label":"快速道路／高架匝道","group":"生活影響設施","radius":300,"name":"重安街入口匝道"},"geometry":{"type":"Point","coordinates":[121.4958243,25.0537087]}},{"type":"Feature","properties":{"label":"快速道路／高架匝道","group":"生活影響設施","radius":300,"name":"縣民大道出口匝道"},"geometry":{"type":"Point","coordinates":[121.4817441,25.0327131]}},{"type":"Feature","properties":{"label":"快速道路／高架匝道","group":"生活影響設施","radius":300,"name":"東西向快速公路 八里新店線"},"geometry":{"type":"Point","coordinates":[121.4786584,25.0521036]}},{"type":"Feature","properties":{"label":"軌道／公車機廠","group":"生活影響設施","radius":500,"name":"台北捷運內湖機廠"},"geometry":{"type":"Point","coordinates":[121.6196915,25.0597596]}},{"type":"Feature","properties":{"label":"軌道／公車機廠","group":"生活影響設施","radius":500,"name":"台北捷運中和機廠"},"geometry":{"type":"Point","coordinates":[121.5088135,24.9902495]}},{"type":"Feature","properties":{"label":"快速道路／高架匝道","group":"生活影響設施","radius":300,"name":"OSM 未命名設施"},"geometry":{"type":"Point","coordinates":[121.5144127,25.049183]}},{"type":"Feature","properties":{"label":"快速道路／高架匝道","group":"生活影響設施","radius":300,"name":"重慶北路出口匝道"},"geometry":{"type":"Point","coordinates":[121.513697,25.0493532]}},{"type":"Feature","properties":{"label":"快速道路／高架匝道","group":"生活影響設施","radius":300,"name":"重慶北路出口匝道"},"geometry":{"type":"Point","coordinates":[121.5140296,25.0493287]}},{"type":"Feature","properties":{"label":"快速道路／高架匝道","group":"生活影響設施","radius":300,"name":"重慶北路入口匝道"},"geometry":{"type":"Point","coordinates":[121.5139558,25.0492242]}},{"type":"Feature","properties":{"label":"快速道路／高架匝道","group":"生活影響設施","radius":300,"name":"內湖交流道"},"geometry":{"type":"Point","coordinates":[121.5911878,25.0650536]}},{"type":"Feature","properties":{"label":"鐵路／調車設施","group":"生活影響設施","radius":300,"name":"原臺北車站地下化專案引道"},"geometry":{"type":"Point","coordinates":[121.5259959,25.0463018]}},{"type":"Feature","properties":{"label":"鐵路／調車設施","group":"生活影響設施","radius":300,"name":"原臺北車站地下化專案引道"},"geometry":{"type":"Point","coordinates":[121.5259903,25.0462669]}},{"type":"Feature","properties":{"label":"快速道路／高架匝道","group":"生活影響設施","radius":300,"name":"和平東路出口匝道"},"geometry":{"type":"Point","coordinates":[121.5376389,25.0278723]}},{"type":"Feature","properties":{"label":"快速道路／高架匝道","group":"生活影響設施","radius":300,"name":"OSM 未命名設施"},"geometry":{"type":"Point","coordinates":[121.5375226,25.0259823]}},{"type":"Feature","properties":{"label":"快速道路／高架匝道","group":"生活影響設施","radius":300,"name":"中山高速公路"},"geometry":{"type":"Point","coordinates":[121.5947735,25.0639615]}},{"type":"Feature","properties":{"label":"快速道路／高架匝道","group":"生活影響設施","radius":300,"name":"中山高速公路"},"geometry":{"type":"Point","coordinates":[121.5973856,25.0638978]}},{"type":"Feature","properties":{"label":"快速道路／高架匝道","group":"生活影響設施","radius":300,"name":"內湖交流道"},"geometry":{"type":"Point","coordinates":[121.5969785,25.0638745]}},{"type":"Feature","properties":{"label":"快速道路／高架匝道","group":"生活影響設施","radius":300,"name":"中山高速公路"},"geometry":{"type":"Point","coordinates":[121.6128358,25.0654256]}},{"type":"Feature","properties":{"label":"快速道路／高架匝道","group":"生活影響設施","radius":300,"name":"麥帥一橋"},"geometry":{"type":"Point","coordinates":[121.573503,25.0528053]}},{"type":"Feature","properties":{"label":"快速道路／高架匝道","group":"生活影響設施","radius":300,"name":"中山高速公路"},"geometry":{"type":"Point","coordinates":[121.6286765,25.0677528]}},{"type":"Feature","properties":{"label":"快速道路／高架匝道","group":"生活影響設施","radius":300,"name":"建國南路出口匝道"},"geometry":{"type":"Point","coordinates":[121.5377833,25.0447675]}},{"type":"Feature","properties":{"label":"鐵路／調車設施","group":"生活影響設施","radius":300,"name":"台灣高速鐵路"},"geometry":{"type":"Point","coordinates":[121.6126012,25.0539207]}},{"type":"Feature","properties":{"label":"鐵路／調車設施","group":"生活影響設施","radius":300,"name":"台灣高速鐵路"},"geometry":{"type":"Point","coordinates":[121.5485737,25.046784]}},{"type":"Feature","properties":{"label":"鐵路／調車設施","group":"生活影響設施","radius":300,"name":"台灣高速鐵路"},"geometry":{"type":"Point","coordinates":[121.6058262,25.0526825]}},{"type":"Feature","properties":{"label":"鐵路／調車設施","group":"生活影響設施","radius":300,"name":"台灣高速鐵路"},"geometry":{"type":"Point","coordinates":[121.5132068,25.0483147]}},{"type":"Feature","properties":{"label":"鐵路／調車設施","group":"生活影響設施","radius":300,"name":"台灣高速鐵路"},"geometry":{"type":"Point","coordinates":[121.5142025,25.0481409]}},{"type":"Feature","properties":{"label":"鐵路／調車設施","group":"生活影響設施","radius":300,"name":"台灣高速鐵路"},"geometry":{"type":"Point","coordinates":[121.5205493,25.0470198]}},{"type":"Feature","properties":{"label":"鐵路／調車設施","group":"生活影響設施","radius":300,"name":"台灣高速鐵路"},"geometry":{"type":"Point","coordinates":[121.5219522,25.0467583]}},{"type":"Feature","properties":{"label":"鐵路／調車設施","group":"生活影響設施","radius":300,"name":"台灣高速鐵路"},"geometry":{"type":"Point","coordinates":[121.4644156,25.0136609]}},{"type":"Feature","properties":{"label":"鐵路／調車設施","group":"生活影響設施","radius":300,"name":"台灣高速鐵路"},"geometry":{"type":"Point","coordinates":[121.4644725,25.0135997]}},{"type":"Feature","properties":{"label":"軌道／公車機廠","group":"生活影響設施","radius":500,"name":"臺北轉運站"},"geometry":{"type":"Point","coordinates":[121.5186224,25.04909]}},{"type":"Feature","properties":{"label":"快速道路／高架匝道","group":"生活影響設施","radius":300,"name":"市民大道入口匝道"},"geometry":{"type":"Point","coordinates":[121.5615762,25.0467416]}},{"type":"Feature","properties":{"label":"鐵路／調車設施","group":"生活影響設施","radius":300,"name":"縱貫線東正線"},"geometry":{"type":"Point","coordinates":[121.5220762,25.0467818]}},{"type":"Feature","properties":{"label":"鐵路／調車設施","group":"生活影響設施","radius":300,"name":"縱貫線東正線"},"geometry":{"type":"Point","coordinates":[121.5127748,25.0484505]}},{"type":"Feature","properties":{"label":"快速道路／高架匝道","group":"生活影響設施","radius":300,"name":"市民大道高架道路"},"geometry":{"type":"Point","coordinates":[121.5044068,25.0487791]}},{"type":"Feature","properties":{"label":"鐵路／調車設施","group":"生活影響設施","radius":300,"name":"OSM 未命名設施"},"geometry":{"type":"Point","coordinates":[121.5055086,25.1321847]}},{"type":"Feature","properties":{"label":"鐵路／調車設施","group":"生活影響設施","radius":300,"name":"OSM 未命名設施"},"geometry":{"type":"Point","coordinates":[121.5055524,25.1321758]}},{"type":"Feature","properties":{"label":"鐵路／調車設施","group":"生活影響設施","radius":300,"name":"OSM 未命名設施"},"geometry":{"type":"Point","coordinates":[121.5055586,25.1320854]}},{"type":"Feature","properties":{"label":"鐵路／調車設施","group":"生活影響設施","radius":300,"name":"OSM 未命名設施"},"geometry":{"type":"Point","coordinates":[121.5055105,25.1322239]}},{"type":"Feature","properties":{"label":"鐵路／調車設施","group":"生活影響設施","radius":300,"name":"OSM 未命名設施"},"geometry":{"type":"Point","coordinates":[121.5004992,25.0334126]}},{"type":"Feature","properties":{"label":"鐵路／調車設施","group":"生活影響設施","radius":300,"name":"OSM 未命名設施"},"geometry":{"type":"Point","coordinates":[121.4646499,25.0142501]}},{"type":"Feature","properties":{"label":"鐵路／調車設施","group":"生活影響設施","radius":300,"name":"台灣高鐵南港地上尾軌"},"geometry":{"type":"Point","coordinates":[121.6190174,25.0545311]}},{"type":"Feature","properties":{"label":"快速道路／高架匝道","group":"生活影響設施","radius":300,"name":"市民大道高架道路"},"geometry":{"type":"Point","coordinates":[121.5180358,25.0485855]}},{"type":"Feature","properties":{"label":"快速道路／高架匝道","group":"生活影響設施","radius":300,"name":"市民大道高架道路"},"geometry":{"type":"Point","coordinates":[121.5089964,25.0504574]}},{"type":"Feature","properties":{"label":"快速道路／高架匝道","group":"生活影響設施","radius":300,"name":"市民大道高架道路"},"geometry":{"type":"Point","coordinates":[121.5180653,25.0484361]}},{"type":"Feature","properties":{"label":"快速道路／高架匝道","group":"生活影響設施","radius":300,"name":"思源路出口匝道"},"geometry":{"type":"Point","coordinates":[121.4604795,25.0605678]}},{"type":"Feature","properties":{"label":"鐵路／調車設施","group":"生活影響設施","radius":300,"name":"台灣高速鐵路"},"geometry":{"type":"Point","coordinates":[121.6054154,25.0528679]}},{"type":"Feature","properties":{"label":"鐵路／調車設施","group":"生活影響設施","radius":300,"name":"台灣高速鐵路"},"geometry":{"type":"Point","coordinates":[121.4666875,25.0153734]}},{"type":"Feature","properties":{"label":"鐵路／調車設施","group":"生活影響設施","radius":300,"name":"台灣高速鐵路"},"geometry":{"type":"Point","coordinates":[121.4644156,25.0136609]}},{"type":"Feature","properties":{"label":"鐵路／調車設施","group":"生活影響設施","radius":300,"name":"台灣高速鐵路"},"geometry":{"type":"Point","coordinates":[121.6056854,25.0529697]}},{"type":"Feature","properties":{"label":"鐵路／調車設施","group":"生活影響設施","radius":300,"name":"台灣高速鐵路"},"geometry":{"type":"Point","coordinates":[121.6056727,25.053017]}},{"type":"Feature","properties":{"label":"鐵路／調車設施","group":"生活影響設施","radius":300,"name":"縱貫線東正線"},"geometry":{"type":"Point","coordinates":[121.6058252,25.0529849]}},{"type":"Feature","properties":{"label":"鐵路／調車設施","group":"生活影響設施","radius":300,"name":"縱貫線東正線"},"geometry":{"type":"Point","coordinates":[121.6057421,25.0530694]}},{"type":"Feature","properties":{"label":"快速道路／高架匝道","group":"生活影響設施","radius":300,"name":"五股二交流道"},"geometry":{"type":"Point","coordinates":[121.4418219,25.0818636]}},{"type":"Feature","properties":{"label":"快速道路／高架匝道","group":"生活影響設施","radius":300,"name":"東西向快速公路 八里新店線"},"geometry":{"type":"Point","coordinates":[121.4850055,25.001104]}},{"type":"Feature","properties":{"label":"快速道路／高架匝道","group":"生活影響設施","radius":300,"name":"中和交流道"},"geometry":{"type":"Point","coordinates":[121.4853432,24.995666]}},{"type":"Feature","properties":{"label":"快速道路／高架匝道","group":"生活影響設施","radius":300,"name":"中和交流道"},"geometry":{"type":"Point","coordinates":[121.4854093,24.9956629]}},{"type":"Feature","properties":{"label":"鐵路／調車設施","group":"生活影響設施","radius":300,"name":"台灣高速鐵路"},"geometry":{"type":"Point","coordinates":[121.4525062,25.0037053]}},{"type":"Feature","properties":{"label":"鐵路／調車設施","group":"生活影響設施","radius":300,"name":"縱貫線"},"geometry":{"type":"Point","coordinates":[121.4520569,25.0038077]}},{"type":"Feature","properties":{"label":"鐵路／調車設施","group":"生活影響設施","radius":300,"name":"台灣高速鐵路"},"geometry":{"type":"Point","coordinates":[121.4520459,25.0036874]}},{"type":"Feature","properties":{"label":"鐵路／調車設施","group":"生活影響設施","radius":300,"name":"OSM 未命名設施"},"geometry":{"type":"Point","coordinates":[121.4525091,25.0038275]}},{"type":"Feature","properties":{"label":"快速道路／高架匝道","group":"生活影響設施","radius":300,"name":"板橋二交流道"},"geometry":{"type":"Point","coordinates":[121.452074,25.0018389]}},{"type":"Feature","properties":{"label":"快速道路／高架匝道","group":"生活影響設施","radius":300,"name":"師大路出口匝道"},"geometry":{"type":"Point","coordinates":[121.5234084,25.0206329]}},{"type":"Feature","properties":{"label":"快速道路／高架匝道","group":"生活影響設施","radius":300,"name":"中正橋入口匝道"},"geometry":{"type":"Point","coordinates":[121.518436,25.0211452]}},{"type":"Feature","properties":{"label":"快速道路／高架匝道","group":"生活影響設施","radius":300,"name":"西藏路入口匝道"},"geometry":{"type":"Point","coordinates":[121.4900711,25.0258362]}},{"type":"Feature","properties":{"label":"快速道路／高架匝道","group":"生活影響設施","radius":300,"name":"西藏路入口匝道"},"geometry":{"type":"Point","coordinates":[121.4906199,25.0244135]}},{"type":"Feature","properties":{"label":"快速道路／高架匝道","group":"生活影響設施","radius":300,"name":"貴陽街出口匝道"},"geometry":{"type":"Point","coordinates":[121.4975623,25.0399498]}},{"type":"Feature","properties":{"label":"快速道路／高架匝道","group":"生活影響設施","radius":300,"name":"環河快速道路出口匝道"},"geometry":{"type":"Point","coordinates":[121.5036633,25.0468472]}},{"type":"Feature","properties":{"label":"快速道路／高架匝道","group":"生活影響設施","radius":300,"name":"環河快速道路出口匝道"},"geometry":{"type":"Point","coordinates":[121.5026528,25.0460897]}},{"type":"Feature","properties":{"label":"快速道路／高架匝道","group":"生活影響設施","radius":300,"name":"南京西路出口匝道"},"geometry":{"type":"Point","coordinates":[121.5059938,25.0506365]}},{"type":"Feature","properties":{"label":"快速道路／高架匝道","group":"生活影響設施","radius":300,"name":"環河快速道路出口匝道"},"geometry":{"type":"Point","coordinates":[121.5041393,25.0476069]}},{"type":"Feature","properties":{"label":"快速道路／高架匝道","group":"生活影響設施","radius":300,"name":"市民大道高架道路"},"geometry":{"type":"Point","coordinates":[121.5070424,25.0502767]}},{"type":"Feature","properties":{"label":"快速道路／高架匝道","group":"生活影響設施","radius":300,"name":"敦化南路匝道"},"geometry":{"type":"Point","coordinates":[121.5486889,25.0209585]}},{"type":"Feature","properties":{"label":"快速道路／高架匝道","group":"生活影響設施","radius":300,"name":"福爾摩沙高速公路"},"geometry":{"type":"Point","coordinates":[121.6226937,25.0377295]}},{"type":"Feature","properties":{"label":"快速道路／高架匝道","group":"生活影響設施","radius":300,"name":"福爾摩沙高速公路"},"geometry":{"type":"Point","coordinates":[121.5296153,24.9634423]}},{"type":"Feature","properties":{"label":"快速道路／高架匝道","group":"生活影響設施","radius":300,"name":"光復南路入口匝道"},"geometry":{"type":"Point","coordinates":[121.5568476,25.0450101]}},{"type":"Feature","properties":{"label":"快速道路／高架匝道","group":"生活影響設施","radius":300,"name":"新北環河快速道路"},"geometry":{"type":"Point","coordinates":[121.5030666,25.0739759]}},{"type":"Feature","properties":{"label":"軌道／公車機廠","group":"生活影響設施","radius":500,"name":"OSM 未命名設施"},"geometry":{"type":"Point","coordinates":[121.6190405,25.0545113]}},{"type":"Feature","properties":{"label":"快速道路／高架匝道","group":"生活影響設施","radius":300,"name":"板橋二交流道"},"geometry":{"type":"Point","coordinates":[121.4521852,25.0048686]}},{"type":"Feature","properties":{"label":"軌道／公車機廠","group":"生活影響設施","radius":500,"name":"台北捷運北投機廠"},"geometry":{"type":"Point","coordinates":[121.4842131,25.1349778]}},{"type":"Feature","properties":{"label":"快速道路／高架匝道","group":"生活影響設施","radius":300,"name":"信義路入口匝道"},"geometry":{"type":"Point","coordinates":[121.5715273,25.0319347]}},{"type":"Feature","properties":{"label":"快速道路／高架匝道","group":"生活影響設施","radius":300,"name":"信義路入口匝道"},"geometry":{"type":"Point","coordinates":[121.5715901,25.0315593]}},{"type":"Feature","properties":{"label":"快速道路／高架匝道","group":"生活影響設施","radius":300,"name":"OSM 未命名設施"},"geometry":{"type":"Point","coordinates":[121.571742,25.0317907]}},{"type":"Feature","properties":{"label":"快速道路／高架匝道","group":"生活影響設施","radius":300,"name":"土城交流道"},"geometry":{"type":"Point","coordinates":[121.4322742,24.9605233]}},{"type":"Feature","properties":{"label":"快速道路／高架匝道","group":"生活影響設施","radius":300,"name":"中山高架道路"},"geometry":{"type":"Point","coordinates":[121.4365615,25.0493729]}},{"type":"Feature","properties":{"label":"快速道路／高架匝道","group":"生活影響設施","radius":300,"name":"中山高架道路"},"geometry":{"type":"Point","coordinates":[121.4351049,25.0474736]}},{"type":"Feature","properties":{"label":"快速道路／高架匝道","group":"生活影響設施","radius":300,"name":"環東大道入口匝道"},"geometry":{"type":"Point","coordinates":[121.6192611,25.0525459]}},{"type":"Feature","properties":{"label":"快速道路／高架匝道","group":"生活影響設施","radius":300,"name":"環東大道入口匝道"},"geometry":{"type":"Point","coordinates":[121.6193258,25.0524026]}},{"type":"Feature","properties":{"label":"快速道路／高架匝道","group":"生活影響設施","radius":300,"name":"環東大道入口匝道"},"geometry":{"type":"Point","coordinates":[121.6207442,25.0531035]}},{"type":"Feature","properties":{"label":"快速道路／高架匝道","group":"生活影響設施","radius":300,"name":"環東大道入口匝道"},"geometry":{"type":"Point","coordinates":[121.6196111,25.0525297]}},{"type":"Feature","properties":{"label":"快速道路／高架匝道","group":"生活影響設施","radius":300,"name":"環東大道入口匝道"},"geometry":{"type":"Point","coordinates":[121.6217876,25.0549818]}},{"type":"Feature","properties":{"label":"鐵路／調車設施","group":"生活影響設施","radius":300,"name":"OSM 未命名設施"},"geometry":{"type":"Point","coordinates":[121.4243137,24.9912783]}},{"type":"Feature","properties":{"label":"鐵路／調車設施","group":"生活影響設施","radius":300,"name":"OSM 未命名設施"},"geometry":{"type":"Point","coordinates":[121.4260024,24.9943395]}},{"type":"Feature","properties":{"label":"鐵路／調車設施","group":"生活影響設施","radius":300,"name":"OSM 未命名設施"},"geometry":{"type":"Point","coordinates":[121.4260888,24.9945203]}},{"type":"Feature","properties":{"label":"鐵路／調車設施","group":"生活影響設施","radius":300,"name":"OSM 未命名設施"},"geometry":{"type":"Point","coordinates":[121.42449,24.9915076]}},{"type":"Feature","properties":{"label":"鐵路／調車設施","group":"生活影響設施","radius":300,"name":"OSM 未命名設施"},"geometry":{"type":"Point","coordinates":[121.4230164,24.9887255]}},{"type":"Feature","properties":{"label":"鐵路／調車設施","group":"生活影響設施","radius":300,"name":"OSM 未命名設施"},"geometry":{"type":"Point","coordinates":[121.4231609,24.9888138]}},{"type":"Feature","properties":{"label":"鐵路／調車設施","group":"生活影響設施","radius":300,"name":"OSM 未命名設施"},"geometry":{"type":"Point","coordinates":[121.4227044,24.9881198]}},{"type":"Feature","properties":{"label":"快速道路／高架匝道","group":"生活影響設施","radius":300,"name":"中山高速公路"},"geometry":{"type":"Point","coordinates":[121.5197462,25.0768739]}},{"type":"Feature","properties":{"label":"快速道路／高架匝道","group":"生活影響設施","radius":300,"name":"台北交流道"},"geometry":{"type":"Point","coordinates":[121.5184069,25.0771019]}},{"type":"Feature","properties":{"label":"鐵路／調車設施","group":"生活影響設施","radius":300,"name":"OSM 未命名設施"},"geometry":{"type":"Point","coordinates":[121.5205048,25.0471761]}},{"type":"Feature","properties":{"label":"鐵路／調車設施","group":"生活影響設施","radius":300,"name":"台灣高速鐵路"},"geometry":{"type":"Point","coordinates":[121.5214339,25.0468689]}},{"type":"Feature","properties":{"label":"鐵路／調車設施","group":"生活影響設施","radius":300,"name":"OSM 未命名設施"},"geometry":{"type":"Point","coordinates":[121.5213324,25.0469976]}},{"type":"Feature","properties":{"label":"鐵路／調車設施","group":"生活影響設施","radius":300,"name":"OSM 未命名設施"},"geometry":{"type":"Point","coordinates":[121.5028954,25.0335468]}},{"type":"Feature","properties":{"label":"鐵路／調車設施","group":"生活影響設施","radius":300,"name":"OSM 未命名設施"},"geometry":{"type":"Point","coordinates":[121.513439,25.0483703]}},{"type":"Feature","properties":{"label":"鐵路／調車設施","group":"生活影響設施","radius":300,"name":"OSM 未命名設施"},"geometry":{"type":"Point","coordinates":[121.5134403,25.0483725]}},{"type":"Feature","properties":{"label":"鐵路／調車設施","group":"生活影響設施","radius":300,"name":"縱貫線東正線"},"geometry":{"type":"Point","coordinates":[121.514299,25.0482458]}},{"type":"Feature","properties":{"label":"鐵路／調車設施","group":"生活影響設施","radius":300,"name":"OSM 未命名設施"},"geometry":{"type":"Point","coordinates":[121.6057315,25.0528876]}},{"type":"Feature","properties":{"label":"鐵路／調車設施","group":"生活影響設施","radius":300,"name":"OSM 未命名設施"},"geometry":{"type":"Point","coordinates":[121.6053892,25.0528914]}},{"type":"Feature","properties":{"label":"鐵路／調車設施","group":"生活影響設施","radius":300,"name":"OSM 未命名設施"},"geometry":{"type":"Point","coordinates":[121.6055707,25.0529843]}},{"type":"Feature","properties":{"label":"鐵路／調車設施","group":"生活影響設施","radius":300,"name":"OSM 未命名設施"},"geometry":{"type":"Point","coordinates":[121.5846998,25.0498438]}},{"type":"Feature","properties":{"label":"鐵路／調車設施","group":"生活影響設施","radius":300,"name":"OSM 未命名設施"},"geometry":{"type":"Point","coordinates":[121.5837047,25.049691]}},{"type":"Feature","properties":{"label":"鐵路／調車設施","group":"生活影響設施","radius":300,"name":"OSM 未命名設施"},"geometry":{"type":"Point","coordinates":[121.4981772,25.033223]}},{"type":"Feature","properties":{"label":"鐵路／調車設施","group":"生活影響設施","radius":300,"name":"OSM 未命名設施"},"geometry":{"type":"Point","coordinates":[121.5741402,25.0493862]}},{"type":"Feature","properties":{"label":"鐵路／調車設施","group":"生活影響設施","radius":300,"name":"OSM 未命名設施"},"geometry":{"type":"Point","coordinates":[121.5752313,25.049375]}},{"type":"Feature","properties":{"label":"鐵路／調車設施","group":"生活影響設施","radius":300,"name":"OSM 未命名設施"},"geometry":{"type":"Point","coordinates":[121.5643526,25.0449388]}},{"type":"Feature","properties":{"label":"鐵路／調車設施","group":"生活影響設施","radius":300,"name":"OSM 未命名設施"},"geometry":{"type":"Point","coordinates":[121.5644214,25.045004]}},{"type":"Feature","properties":{"label":"鐵路／調車設施","group":"生活影響設施","radius":300,"name":"OSM 未命名設施"},"geometry":{"type":"Point","coordinates":[121.5645034,25.0450724]}},{"type":"Feature","properties":{"label":"鐵路／調車設施","group":"生活影響設施","radius":300,"name":"OSM 未命名設施"},"geometry":{"type":"Point","coordinates":[121.5642347,25.0450799]}},{"type":"Feature","properties":{"label":"鐵路／調車設施","group":"生活影響設施","radius":300,"name":"OSM 未命名設施"},"geometry":{"type":"Point","coordinates":[121.5612886,25.0454277]}},{"type":"Feature","properties":{"label":"鐵路／調車設施","group":"生活影響設施","radius":300,"name":"OSM 未命名設施"},"geometry":{"type":"Point","coordinates":[121.5616757,25.0454965]}},{"type":"Feature","properties":{"label":"鐵路／調車設施","group":"生活影響設施","radius":300,"name":"OSM 未命名設施"},"geometry":{"type":"Point","coordinates":[121.5619095,25.0462492]}},{"type":"Feature","properties":{"label":"鐵路／調車設施","group":"生活影響設施","radius":300,"name":"OSM 未命名設施"},"geometry":{"type":"Point","coordinates":[121.5609767,25.045251]}},{"type":"Feature","properties":{"label":"鐵路／調車設施","group":"生活影響設施","radius":300,"name":"中央運轉線"},"geometry":{"type":"Point","coordinates":[121.5625406,25.0459356]}},{"type":"Feature","properties":{"label":"鐵路／調車設施","group":"生活影響設施","radius":300,"name":"OSM 未命名設施"},"geometry":{"type":"Point","coordinates":[121.5617566,25.0456895]}},{"type":"Feature","properties":{"label":"鐵路／調車設施","group":"生活影響設施","radius":300,"name":"OSM 未命名設施"},"geometry":{"type":"Point","coordinates":[121.5611102,25.0456807]}},{"type":"Feature","properties":{"label":"鐵路／調車設施","group":"生活影響設施","radius":300,"name":"OSM 未命名設施"},"geometry":{"type":"Point","coordinates":[121.5598633,25.045473]}},{"type":"Feature","properties":{"label":"鐵路／調車設施","group":"生活影響設施","radius":300,"name":"OSM 未命名設施"},"geometry":{"type":"Point","coordinates":[121.5618563,25.0460646]}},{"type":"Feature","properties":{"label":"鐵路／調車設施","group":"生活影響設施","radius":300,"name":"OSM 未命名設施"},"geometry":{"type":"Point","coordinates":[121.5619513,25.0461586]}},{"type":"Feature","properties":{"label":"鐵路／調車設施","group":"生活影響設施","radius":300,"name":"OSM 未命名設施"},"geometry":{"type":"Point","coordinates":[121.5609905,25.0457601]}},{"type":"Feature","properties":{"label":"快速道路／高架匝道","group":"生活影響設施","radius":300,"name":"市民大道高架道路"},"geometry":{"type":"Point","coordinates":[121.543847,25.044814]}},{"type":"Feature","properties":{"label":"快速道路／高架匝道","group":"生活影響設施","radius":300,"name":"市民大道高架道路"},"geometry":{"type":"Point","coordinates":[121.5438914,25.0449192]}},{"type":"Feature","properties":{"label":"快速道路／高架匝道","group":"生活影響設施","radius":300,"name":"建國快速道路"},"geometry":{"type":"Point","coordinates":[121.5375662,25.0394593]}},{"type":"Feature","properties":{"label":"快速道路／高架匝道","group":"生活影響設施","radius":300,"name":"成功路匝道"},"geometry":{"type":"Point","coordinates":[121.4891419,25.0481313]}},{"type":"Feature","properties":{"label":"快速道路／高架匝道","group":"生活影響設施","radius":300,"name":"成功路匝道"},"geometry":{"type":"Point","coordinates":[121.4901334,25.0489212]}},{"type":"Feature","properties":{"label":"快速道路／高架匝道","group":"生活影響設施","radius":300,"name":"水源快速道路"},"geometry":{"type":"Point","coordinates":[121.5145574,25.0238457]}},{"type":"Feature","properties":{"label":"快速道路／高架匝道","group":"生活影響設施","radius":300,"name":"水源快速道路"},"geometry":{"type":"Point","coordinates":[121.5158747,25.0231181]}},{"type":"Feature","properties":{"label":"快速道路／高架匝道","group":"生活影響設施","radius":300,"name":"建國快速道路"},"geometry":{"type":"Point","coordinates":[121.5368282,25.0513609]}},{"type":"Feature","properties":{"label":"快速道路／高架匝道","group":"生活影響設施","radius":300,"name":"建國快速道路"},"geometry":{"type":"Point","coordinates":[121.5371234,25.0426071]}},{"type":"Feature","properties":{"label":"快速道路／高架匝道","group":"生活影響設施","radius":300,"name":"建國快速道路"},"geometry":{"type":"Point","coordinates":[121.5367456,25.0519654]}},{"type":"Feature","properties":{"label":"快速道路／高架匝道","group":"生活影響設施","radius":300,"name":"中正橋入口匝道"},"geometry":{"type":"Point","coordinates":[121.5162232,25.021152]}},{"type":"Feature","properties":{"label":"快速道路／高架匝道","group":"生活影響設施","radius":300,"name":"OSM 未命名設施"},"geometry":{"type":"Point","coordinates":[121.516112,25.0229755]}},{"type":"Feature","properties":{"label":"快速道路／高架匝道","group":"生活影響設施","radius":300,"name":"汐止系統交流道"},"geometry":{"type":"Point","coordinates":[121.6446586,25.0688782]}},{"type":"Feature","properties":{"label":"軌道／公車機廠","group":"生活影響設施","radius":500,"name":"林口轉運站"},"geometry":{"type":"Point","coordinates":[121.3617128,25.0670303]}},{"type":"Feature","properties":{"label":"快速道路／高架匝道","group":"生活影響設施","radius":300,"name":"八里二交流道"},"geometry":{"type":"Point","coordinates":[121.3946205,25.1471346]}},{"type":"Feature","properties":{"label":"快速道路／高架匝道","group":"生活影響設施","radius":300,"name":"汐止系統交流道"},"geometry":{"type":"Point","coordinates":[121.6378607,25.0701308]}},{"type":"Feature","properties":{"label":"快速道路／高架匝道","group":"生活影響設施","radius":300,"name":"南港交流道"},"geometry":{"type":"Point","coordinates":[121.6207212,25.049829]}},{"type":"Feature","properties":{"label":"快速道路／高架匝道","group":"生活影響設施","radius":300,"name":"南港交流道"},"geometry":{"type":"Point","coordinates":[121.6210728,25.0496414]}},{"type":"Feature","properties":{"label":"鐵路／調車設施","group":"生活影響設施","radius":300,"name":"台灣高速鐵路"},"geometry":{"type":"Point","coordinates":[121.4520484,25.0037308]}},{"type":"Feature","properties":{"label":"鐵路／調車設施","group":"生活影響設施","radius":300,"name":"縱貫線"},"geometry":{"type":"Point","coordinates":[121.4520595,25.0038516]}},{"type":"Feature","properties":{"label":"快速道路／高架匝道","group":"生活影響設施","radius":300,"name":"中山高速公路"},"geometry":{"type":"Point","coordinates":[121.5906377,25.0647495]}},{"type":"Feature","properties":{"label":"快速道路／高架匝道","group":"生活影響設施","radius":300,"name":"三重交流道"},"geometry":{"type":"Point","coordinates":[121.4975626,25.0770425]}},{"type":"Feature","properties":{"label":"快速道路／高架匝道","group":"生活影響設施","radius":300,"name":"三重交流道"},"geometry":{"type":"Point","coordinates":[121.4955889,25.0767735]}},{"type":"Feature","properties":{"label":"快速道路／高架匝道","group":"生活影響設施","radius":300,"name":"三重交流道"},"geometry":{"type":"Point","coordinates":[121.4957413,25.0762551]}},{"type":"Feature","properties":{"label":"快速道路／高架匝道","group":"生活影響設施","radius":300,"name":"八里二交流道"},"geometry":{"type":"Point","coordinates":[121.3936397,25.1488453]}},{"type":"Feature","properties":{"label":"快速道路／高架匝道","group":"生活影響設施","radius":300,"name":"環河快速道路"},"geometry":{"type":"Point","coordinates":[121.5081581,25.0567741]}},{"type":"Feature","properties":{"label":"快速道路／高架匝道","group":"生活影響設施","radius":300,"name":"環河快速道路"},"geometry":{"type":"Point","coordinates":[121.5076849,25.0548609]}},{"type":"Feature","properties":{"label":"快速道路／高架匝道","group":"生活影響設施","radius":300,"name":"東西向快速公路 八里新店線"},"geometry":{"type":"Point","coordinates":[121.4480451,25.1069617]}},{"type":"Feature","properties":{"label":"快速道路／高架匝道","group":"生活影響設施","radius":300,"name":"五股一交流道"},"geometry":{"type":"Point","coordinates":[121.4526808,25.1001366]}},{"type":"Feature","properties":{"label":"快速道路／高架匝道","group":"生活影響設施","radius":300,"name":"五股一交流道"},"geometry":{"type":"Point","coordinates":[121.4497911,25.0951476]}},{"type":"Feature","properties":{"label":"快速道路／高架匝道","group":"生活影響設施","radius":300,"name":"五股一交流道"},"geometry":{"type":"Point","coordinates":[121.4502973,25.0967944]}},{"type":"Feature","properties":{"label":"快速道路／高架匝道","group":"生活影響設施","radius":300,"name":"五股一交流道"},"geometry":{"type":"Point","coordinates":[121.4507273,25.0976737]}},{"type":"Feature","properties":{"label":"快速道路／高架匝道","group":"生活影響設施","radius":300,"name":"五股一交流道"},"geometry":{"type":"Point","coordinates":[121.450761,25.0971493]}},{"type":"Feature","properties":{"label":"快速道路／高架匝道","group":"生活影響設施","radius":300,"name":"五股一交流道"},"geometry":{"type":"Point","coordinates":[121.4525995,25.1004179]}},{"type":"Feature","properties":{"label":"快速道路／高架匝道","group":"生活影響設施","radius":300,"name":"八里二交流道"},"geometry":{"type":"Point","coordinates":[121.394442,25.1479214]}},{"type":"Feature","properties":{"label":"快速道路／高架匝道","group":"生活影響設施","radius":300,"name":"環河快速道路"},"geometry":{"type":"Point","coordinates":[121.4905938,25.0352046]}},{"type":"Feature","properties":{"label":"快速道路／高架匝道","group":"生活影響設施","radius":300,"name":"民族東路入口匝道"},"geometry":{"type":"Point","coordinates":[121.5280355,25.0688828]}},{"type":"Feature","properties":{"label":"鐵路／調車設施","group":"生活影響設施","radius":300,"name":"OSM 未命名設施"},"geometry":{"type":"Point","coordinates":[121.3569398,24.9555122]}},{"type":"Feature","properties":{"label":"鐵路／調車設施","group":"生活影響設施","radius":300,"name":"OSM 未命名設施"},"geometry":{"type":"Point","coordinates":[121.3575281,24.9559111]}},{"type":"Feature","properties":{"label":"鐵路／調車設施","group":"生活影響設施","radius":300,"name":"OSM 未命名設施"},"geometry":{"type":"Point","coordinates":[121.357237,24.9558342]}},{"type":"Feature","properties":{"label":"鐵路／調車設施","group":"生活影響設施","radius":300,"name":"OSM 未命名設施"},"geometry":{"type":"Point","coordinates":[121.3565881,24.9556262]}},{"type":"Feature","properties":{"label":"鐵路／調車設施","group":"生活影響設施","radius":300,"name":"OSM 未命名設施"},"geometry":{"type":"Point","coordinates":[121.3572616,24.9559589]}},{"type":"Feature","properties":{"label":"軌道／公車機廠","group":"生活影響設施","radius":500,"name":"永寧轉運站"},"geometry":{"type":"Point","coordinates":[121.4350321,24.9655446]}},{"type":"Feature","properties":{"label":"快速道路／高架匝道","group":"生活影響設施","radius":300,"name":"內湖交流道"},"geometry":{"type":"Point","coordinates":[121.5936854,25.0630984]}},{"type":"Feature","properties":{"label":"快速道路／高架匝道","group":"生活影響設施","radius":300,"name":"新生高架道路"},"geometry":{"type":"Point","coordinates":[121.5302947,25.0473755]}},{"type":"Feature","properties":{"label":"快速道路／高架匝道","group":"生活影響設施","radius":300,"name":"中正橋出口匝道"},"geometry":{"type":"Point","coordinates":[121.5158642,25.0217082]}},{"type":"Feature","properties":{"label":"快速道路／高架匝道","group":"生活影響設施","radius":300,"name":"新莊二交流道"},"geometry":{"type":"Point","coordinates":[121.4423652,25.0267774]}},{"type":"Feature","properties":{"label":"快速道路／高架匝道","group":"生活影響設施","radius":300,"name":"新莊二交流道"},"geometry":{"type":"Point","coordinates":[121.4424741,25.0267903]}},{"type":"Feature","properties":{"label":"快速道路／高架匝道","group":"生活影響設施","radius":300,"name":"新莊二交流道"},"geometry":{"type":"Point","coordinates":[121.4420588,25.0349316]}},{"type":"Feature","properties":{"label":"快速道路／高架匝道","group":"生活影響設施","radius":300,"name":"新莊二交流道"},"geometry":{"type":"Point","coordinates":[121.4421952,25.0349512]}},{"type":"Feature","properties":{"label":"快速道路／高架匝道","group":"生活影響設施","radius":300,"name":"福國路出口匝道"},"geometry":{"type":"Point","coordinates":[121.5057765,25.1012819]}},{"type":"Feature","properties":{"label":"快速道路／高架匝道","group":"生活影響設施","radius":300,"name":"福國路入口匝道"},"geometry":{"type":"Point","coordinates":[121.5057675,25.1013738]}},{"type":"Feature","properties":{"label":"快速道路／高架匝道","group":"生活影響設施","radius":300,"name":"環河南路快速道路"},"geometry":{"type":"Point","coordinates":[121.5005564,25.0434128]}},{"type":"Feature","properties":{"label":"快速道路／高架匝道","group":"生活影響設施","radius":300,"name":"環河南路快速道路"},"geometry":{"type":"Point","coordinates":[121.498013,25.0403091]}},{"type":"Feature","properties":{"label":"快速道路／高架匝道","group":"生活影響設施","radius":300,"name":"環河南路快速道路"},"geometry":{"type":"Point","coordinates":[121.5018936,25.0452524]}},{"type":"Feature","properties":{"label":"快速道路／高架匝道","group":"生活影響設施","radius":300,"name":"環河南路快速道路"},"geometry":{"type":"Point","coordinates":[121.4976733,25.0395572]}},{"type":"Feature","properties":{"label":"快速道路／高架匝道","group":"生活影響設施","radius":300,"name":"福國路入口匝道"},"geometry":{"type":"Point","coordinates":[121.5049973,25.1013341]}},{"type":"Feature","properties":{"label":"快速道路／高架匝道","group":"生活影響設施","radius":300,"name":"福國路出口匝道"},"geometry":{"type":"Point","coordinates":[121.5050037,25.1012758]}},{"type":"Feature","properties":{"label":"快速道路／高架匝道","group":"生活影響設施","radius":300,"name":"長安東路入口匝道"},"geometry":{"type":"Point","coordinates":[121.5307421,25.0468958]}},{"type":"Feature","properties":{"label":"快速道路／高架匝道","group":"生活影響設施","radius":300,"name":"長安東路出口匝道"},"geometry":{"type":"Point","coordinates":[121.5279916,25.0508727]}},{"type":"Feature","properties":{"label":"快速道路／高架匝道","group":"生活影響設施","radius":300,"name":"長安東路入口匝道"},"geometry":{"type":"Point","coordinates":[121.5281231,25.0509355]}},{"type":"Feature","properties":{"label":"快速道路／高架匝道","group":"生活影響設施","radius":300,"name":"民生東路出口匝道"},"geometry":{"type":"Point","coordinates":[121.527606,25.0542121]}},{"type":"Feature","properties":{"label":"快速道路／高架匝道","group":"生活影響設施","radius":300,"name":"長春路出口匝道"},"geometry":{"type":"Point","coordinates":[121.5275129,25.0570839]}},{"type":"Feature","properties":{"label":"快速道路／高架匝道","group":"生活影響設施","radius":300,"name":"民權東路入口匝道"},"geometry":{"type":"Point","coordinates":[121.5278407,25.0648669]}},{"type":"Feature","properties":{"label":"快速道路／高架匝道","group":"生活影響設施","radius":300,"name":"民族東路入口匝道"},"geometry":{"type":"Point","coordinates":[121.5277314,25.06584]}},{"type":"Feature","properties":{"label":"快速道路／高架匝道","group":"生活影響設施","radius":300,"name":"民族東路入口匝道"},"geometry":{"type":"Point","coordinates":[121.5280171,25.0693886]}},{"type":"Feature","properties":{"label":"快速道路／高架匝道","group":"生活影響設施","radius":300,"name":"長安東路出口匝道"},"geometry":{"type":"Point","coordinates":[121.530941,25.0465617]}},{"type":"Feature","properties":{"label":"快速道路／高架匝道","group":"生活影響設施","radius":300,"name":"八德路出口匝道"},"geometry":{"type":"Point","coordinates":[121.5306056,25.0459573]}},{"type":"Feature","properties":{"label":"快速道路／高架匝道","group":"生活影響設施","radius":300,"name":"八德路入口匝道"},"geometry":{"type":"Point","coordinates":[121.530757,25.0459162]}},{"type":"Feature","properties":{"label":"快速道路／高架匝道","group":"生活影響設施","radius":300,"name":"洲美快速道路"},"geometry":{"type":"Point","coordinates":[121.498814,25.1012454]}},{"type":"Feature","properties":{"label":"快速道路／高架匝道","group":"生活影響設施","radius":300,"name":"中山高速公路"},"geometry":{"type":"Point","coordinates":[121.3771222,25.0657046]}},{"type":"Feature","properties":{"label":"快速道路／高架匝道","group":"生活影響設施","radius":300,"name":"土城交流道"},"geometry":{"type":"Point","coordinates":[121.4292672,24.9599389]}},{"type":"Feature","properties":{"label":"快速道路／高架匝道","group":"生活影響設施","radius":300,"name":"水源車行地下道"},"geometry":{"type":"Point","coordinates":[121.5164346,25.02227]}},{"type":"Feature","properties":{"label":"快速道路／高架匝道","group":"生活影響設施","radius":300,"name":"水源快速道路"},"geometry":{"type":"Point","coordinates":[121.514458,25.0233294]}},{"type":"Feature","properties":{"label":"快速道路／高架匝道","group":"生活影響設施","radius":300,"name":"水源車行地下道"},"geometry":{"type":"Point","coordinates":[121.5167289,25.0220871]}},{"type":"Feature","properties":{"label":"快速道路／高架匝道","group":"生活影響設施","radius":300,"name":"水源車行地下道"},"geometry":{"type":"Point","coordinates":[121.5167559,25.0218003]}},{"type":"Feature","properties":{"label":"快速道路／高架匝道","group":"生活影響設施","radius":300,"name":"基隆路高架道路"},"geometry":{"type":"Point","coordinates":[121.5346843,25.0102313]}},{"type":"Feature","properties":{"label":"快速道路／高架匝道","group":"生活影響設施","radius":300,"name":"環東大道"},"geometry":{"type":"Point","coordinates":[121.6135042,25.0629863]}},{"type":"Feature","properties":{"label":"快速道路／高架匝道","group":"生活影響設施","radius":300,"name":"OSM 未命名設施"},"geometry":{"type":"Point","coordinates":[121.582258,25.0575789]}},{"type":"Feature","properties":{"label":"快速道路／高架匝道","group":"生活影響設施","radius":300,"name":"中華路入口匝道"},"geometry":{"type":"Point","coordinates":[121.4861754,25.0613898]}},{"type":"Feature","properties":{"label":"快速道路／高架匝道","group":"生活影響設施","radius":300,"name":"OSM 未命名設施"},"geometry":{"type":"Point","coordinates":[121.4862246,25.0615097]}},{"type":"Feature","properties":{"label":"快速道路／高架匝道","group":"生活影響設施","radius":300,"name":"思源路入口匝道"},"geometry":{"type":"Point","coordinates":[121.4592558,25.0600833]}},{"type":"Feature","properties":{"label":"快速道路／高架匝道","group":"生活影響設施","radius":300,"name":"中華路出口匝道"},"geometry":{"type":"Point","coordinates":[121.4817019,25.0614154]}},{"type":"Feature","properties":{"label":"快速道路／高架匝道","group":"生活影響設施","radius":300,"name":"中華路入口匝道"},"geometry":{"type":"Point","coordinates":[121.4817493,25.0615911]}},{"type":"Feature","properties":{"label":"快速道路／高架匝道","group":"生活影響設施","radius":300,"name":"三重交流道"},"geometry":{"type":"Point","coordinates":[121.4760928,25.0614262]}},{"type":"Feature","properties":{"label":"快速道路／高架匝道","group":"生活影響設施","radius":300,"name":"三重交流道"},"geometry":{"type":"Point","coordinates":[121.4754221,25.061638]}},{"type":"Feature","properties":{"label":"快速道路／高架匝道","group":"生活影響設施","radius":300,"name":"中山高架道路"},"geometry":{"type":"Point","coordinates":[121.4724706,25.0614405]}},{"type":"Feature","properties":{"label":"快速道路／高架匝道","group":"生活影響設施","radius":300,"name":"中山高架道路"},"geometry":{"type":"Point","coordinates":[121.4724525,25.061503]}},{"type":"Feature","properties":{"label":"快速道路／高架匝道","group":"生活影響設施","radius":300,"name":"中山高架道路"},"geometry":{"type":"Point","coordinates":[121.4868955,25.0613093]}},{"type":"Feature","properties":{"label":"快速道路／高架匝道","group":"生活影響設施","radius":300,"name":"中山高架道路"},"geometry":{"type":"Point","coordinates":[121.4868076,25.0612564]}},{"type":"Feature","properties":{"label":"快速道路／高架匝道","group":"生活影響設施","radius":300,"name":"江子翠交流道"},"geometry":{"type":"Point","coordinates":[121.4720033,25.0366663]}},{"type":"Feature","properties":{"label":"快速道路／高架匝道","group":"生活影響設施","radius":300,"name":"江子翠交流道"},"geometry":{"type":"Point","coordinates":[121.4653769,25.0340817]}},{"type":"Feature","properties":{"label":"快速道路／高架匝道","group":"生活影響設施","radius":300,"name":"東西向快速公路 八里新店線"},"geometry":{"type":"Point","coordinates":[121.4775662,25.0377269]}},{"type":"Feature","properties":{"label":"快速道路／高架匝道","group":"生活影響設施","radius":300,"name":"三重交流道"},"geometry":{"type":"Point","coordinates":[121.4757963,25.0581721]}},{"type":"Feature","properties":{"label":"快速道路／高架匝道","group":"生活影響設施","radius":300,"name":"三重交流道"},"geometry":{"type":"Point","coordinates":[121.4767532,25.0560311]}},{"type":"Feature","properties":{"label":"快速道路／高架匝道","group":"生活影響設施","radius":300,"name":"三重交流道"},"geometry":{"type":"Point","coordinates":[121.477932,25.0540631]}},{"type":"Feature","properties":{"label":"快速道路／高架匝道","group":"生活影響設施","radius":300,"name":"板橋交流道"},"geometry":{"type":"Point","coordinates":[121.4710979,25.0184919]}},{"type":"Feature","properties":{"label":"快速道路／高架匝道","group":"生活影響設施","radius":300,"name":"板橋交流道"},"geometry":{"type":"Point","coordinates":[121.4712536,25.0185622]}},{"type":"Feature","properties":{"label":"快速道路／高架匝道","group":"生活影響設施","radius":300,"name":"OSM 未命名設施"},"geometry":{"type":"Point","coordinates":[121.5235581,24.97776]}},{"type":"Feature","properties":{"label":"快速道路／高架匝道","group":"生活影響設施","radius":300,"name":"OSM 未命名設施"},"geometry":{"type":"Point","coordinates":[121.5235486,24.9778245]}},{"type":"Feature","properties":{"label":"快速道路／高架匝道","group":"生活影響設施","radius":300,"name":"師大路入口匝道"},"geometry":{"type":"Point","coordinates":[121.5224716,25.0204145]}},{"type":"Feature","properties":{"label":"快速道路／高架匝道","group":"生活影響設施","radius":300,"name":"環東大道"},"geometry":{"type":"Point","coordinates":[121.5931107,25.0596024]}},{"type":"Feature","properties":{"label":"快速道路／高架匝道","group":"生活影響設施","radius":300,"name":"環東大道"},"geometry":{"type":"Point","coordinates":[121.5931073,25.0596002]}},{"type":"Feature","properties":{"label":"快速道路／高架匝道","group":"生活影響設施","radius":300,"name":"中山高架道路"},"geometry":{"type":"Point","coordinates":[121.4356944,25.048244]}},{"type":"Feature","properties":{"label":"快速道路／高架匝道","group":"生活影響設施","radius":300,"name":"市民大道高架道路"},"geometry":{"type":"Point","coordinates":[121.5653657,25.0454794]}},{"type":"Feature","properties":{"label":"快速道路／高架匝道","group":"生活影響設施","radius":300,"name":"麥帥二橋"},"geometry":{"type":"Point","coordinates":[121.5700017,25.0512936]}},{"type":"Feature","properties":{"label":"快速道路／高架匝道","group":"生活影響設施","radius":300,"name":"市民大道高架道路"},"geometry":{"type":"Point","coordinates":[121.5648337,25.045054]}},{"type":"Feature","properties":{"label":"快速道路／高架匝道","group":"生活影響設施","radius":300,"name":"市民大道高架道路"},"geometry":{"type":"Point","coordinates":[121.548355,25.0447859]}},{"type":"Feature","properties":{"label":"快速道路／高架匝道","group":"生活影響設施","radius":300,"name":"麥帥一橋"},"geometry":{"type":"Point","coordinates":[121.5717326,25.0518601]}},{"type":"Feature","properties":{"label":"快速道路／高架匝道","group":"生活影響設施","radius":300,"name":"市民大道高架道路"},"geometry":{"type":"Point","coordinates":[121.5089959,25.0503224]}},{"type":"Feature","properties":{"label":"快速道路／高架匝道","group":"生活影響設施","radius":300,"name":"圓山交流道"},"geometry":{"type":"Point","coordinates":[121.5333452,25.0682503]}},{"type":"Feature","properties":{"label":"快速道路／高架匝道","group":"生活影響設施","radius":300,"name":"OSM 未命名設施"},"geometry":{"type":"Point","coordinates":[121.5369673,25.0529984]}},{"type":"Feature","properties":{"label":"快速道路／高架匝道","group":"生活影響設施","radius":300,"name":"OSM 未命名設施"},"geometry":{"type":"Point","coordinates":[121.536996,25.0524805]}},{"type":"Feature","properties":{"label":"快速道路／高架匝道","group":"生活影響設施","radius":300,"name":"長春路入口匝道"},"geometry":{"type":"Point","coordinates":[121.536704,25.0541882]}},{"type":"Feature","properties":{"label":"快速道路／高架匝道","group":"生活影響設施","radius":300,"name":"長春路入口匝道"},"geometry":{"type":"Point","coordinates":[121.5366691,25.0546836]}},{"type":"Feature","properties":{"label":"快速道路／高架匝道","group":"生活影響設施","radius":300,"name":"OSM 未命名設施"},"geometry":{"type":"Point","coordinates":[121.5601621,25.0460941]}},{"type":"Feature","properties":{"label":"鐵路／調車設施","group":"生活影響設施","radius":300,"name":"OSM 未命名設施"},"geometry":{"type":"Point","coordinates":[121.4255187,24.9935768]}},{"type":"Feature","properties":{"label":"鐵路／調車設施","group":"生活影響設施","radius":300,"name":"OSM 未命名設施"},"geometry":{"type":"Point","coordinates":[121.4253803,24.9933904]}},{"type":"Feature","properties":{"label":"鐵路／調車設施","group":"生活影響設施","radius":300,"name":"OSM 未命名設施"},"geometry":{"type":"Point","coordinates":[121.4257071,24.9938445]}},{"type":"Feature","properties":{"label":"鐵路／調車設施","group":"生活影響設施","radius":300,"name":"OSM 未命名設施"},"geometry":{"type":"Point","coordinates":[121.4254377,24.9933932]}},{"type":"Feature","properties":{"label":"鐵路／調車設施","group":"生活影響設施","radius":300,"name":"縱貫線"},"geometry":{"type":"Point","coordinates":[121.4255031,24.9933963]}},{"type":"Feature","properties":{"label":"鐵路／調車設施","group":"生活影響設施","radius":300,"name":"OSM 未命名設施"},"geometry":{"type":"Point","coordinates":[121.4255292,24.9933976]}},{"type":"Feature","properties":{"label":"鐵路／調車設施","group":"生活影響設施","radius":300,"name":"OSM 未命名設施"},"geometry":{"type":"Point","coordinates":[121.425664,24.9936088]}},{"type":"Feature","properties":{"label":"鐵路／調車設施","group":"生活影響設施","radius":300,"name":"OSM 未命名設施"},"geometry":{"type":"Point","coordinates":[121.4255829,24.9934082]}},{"type":"Feature","properties":{"label":"鐵路／調車設施","group":"生活影響設施","radius":300,"name":"縱貫線"},"geometry":{"type":"Point","coordinates":[121.3373063,24.9579016]}},{"type":"Feature","properties":{"label":"快速道路／高架匝道","group":"生活影響設施","radius":300,"name":"東西向快速公路 八里新店線"},"geometry":{"type":"Point","coordinates":[121.3936275,25.1488941]}},{"type":"Feature","properties":{"label":"快速道路／高架匝道","group":"生活影響設施","radius":300,"name":"東西向快速公路 八里新店線"},"geometry":{"type":"Point","coordinates":[121.3935466,25.1488447]}},{"type":"Feature","properties":{"label":"快速道路／高架匝道","group":"生活影響設施","radius":300,"name":"八里二交流道"},"geometry":{"type":"Point","coordinates":[121.3942835,25.1479734]}},{"type":"Feature","properties":{"label":"快速道路／高架匝道","group":"生活影響設施","radius":300,"name":"八里二交流道"},"geometry":{"type":"Point","coordinates":[121.3946753,25.14736]}},{"type":"Feature","properties":{"label":"快速道路／高架匝道","group":"生活影響設施","radius":300,"name":"東西向快速公路 八里新店線"},"geometry":{"type":"Point","coordinates":[121.3942274,25.1479971]}},{"type":"Feature","properties":{"label":"快速道路／高架匝道","group":"生活影響設施","radius":300,"name":"東西向快速公路 八里新店線"},"geometry":{"type":"Point","coordinates":[121.3941478,25.1479504]}},{"type":"Feature","properties":{"label":"鐵路／調車設施","group":"生活影響設施","radius":300,"name":"OSM 未命名設施"},"geometry":{"type":"Point","coordinates":[121.5618976,25.0460185]}},{"type":"Feature","properties":{"label":"快速道路／高架匝道","group":"生活影響設施","radius":300,"name":"環河路"},"geometry":{"type":"Point","coordinates":[121.530031,24.9715763]}},{"type":"Feature","properties":{"label":"快速道路／高架匝道","group":"生活影響設施","radius":300,"name":"環河路"},"geometry":{"type":"Point","coordinates":[121.5294502,24.9719108]}},{"type":"Feature","properties":{"label":"快速道路／高架匝道","group":"生活影響設施","radius":300,"name":"環河路"},"geometry":{"type":"Point","coordinates":[121.5291066,24.9721557]}},{"type":"Feature","properties":{"label":"快速道路／高架匝道","group":"生活影響設施","radius":300,"name":"環漢路出口匝道"},"geometry":{"type":"Point","coordinates":[121.4758762,25.0451109]}},{"type":"Feature","properties":{"label":"快速道路／高架匝道","group":"生活影響設施","radius":300,"name":"環漢路入口匝道"},"geometry":{"type":"Point","coordinates":[121.4758661,25.0452904]}},{"type":"Feature","properties":{"label":"快速道路／高架匝道","group":"生活影響設施","radius":300,"name":"縣民大道入口匝道"},"geometry":{"type":"Point","coordinates":[121.4829911,25.0293118]}},{"type":"Feature","properties":{"label":"快速道路／高架匝道","group":"生活影響設施","radius":300,"name":"福爾摩沙高速公路"},"geometry":{"type":"Point","coordinates":[121.4573109,24.9752255]}},{"type":"Feature","properties":{"label":"快速道路／高架匝道","group":"生活影響設施","radius":300,"name":"福爾摩沙高速公路"},"geometry":{"type":"Point","coordinates":[121.4418283,24.9673452]}},{"type":"Feature","properties":{"label":"快速道路／高架匝道","group":"生活影響設施","radius":300,"name":"福爾摩沙高速公路"},"geometry":{"type":"Point","coordinates":[121.4420425,24.9672914]}},{"type":"Feature","properties":{"label":"快速道路／高架匝道","group":"生活影響設施","radius":300,"name":"新北環河快速道路"},"geometry":{"type":"Point","coordinates":[121.488994,25.0108851]}},{"type":"Feature","properties":{"label":"快速道路／高架匝道","group":"生活影響設施","radius":300,"name":"土城交流道"},"geometry":{"type":"Point","coordinates":[121.4312581,24.9592613]}},{"type":"Feature","properties":{"label":"快速道路／高架匝道","group":"生活影響設施","radius":300,"name":"土城交流道"},"geometry":{"type":"Point","coordinates":[121.4296737,24.958834]}},{"type":"Feature","properties":{"label":"快速道路／高架匝道","group":"生活影響設施","radius":300,"name":"土城交流道"},"geometry":{"type":"Point","coordinates":[121.4282535,24.9592684]}},{"type":"Feature","properties":{"label":"快速道路／高架匝道","group":"生活影響設施","radius":300,"name":"土城交流道"},"geometry":{"type":"Point","coordinates":[121.4277645,24.9593193]}},{"type":"Feature","properties":{"label":"快速道路／高架匝道","group":"生活影響設施","radius":300,"name":"福爾摩沙高速公路"},"geometry":{"type":"Point","coordinates":[121.4277635,24.9594405]}},{"type":"Feature","properties":{"label":"快速道路／高架匝道","group":"生活影響設施","radius":300,"name":"五股交流道"},"geometry":{"type":"Point","coordinates":[121.4364432,25.0677444]}},{"type":"Feature","properties":{"label":"快速道路／高架匝道","group":"生活影響設施","radius":300,"name":"基隆路高架道路"},"geometry":{"type":"Point","coordinates":[121.5494829,25.0216402]}},{"type":"Feature","properties":{"label":"快速道路／高架匝道","group":"生活影響設施","radius":300,"name":"基隆路高架道路"},"geometry":{"type":"Point","coordinates":[121.5487694,25.0210182]}},{"type":"Feature","properties":{"label":"快速道路／高架匝道","group":"生活影響設施","radius":300,"name":"基隆路高架道路"},"geometry":{"type":"Point","coordinates":[121.5474138,25.0197972]}},{"type":"Feature","properties":{"label":"快速道路／高架匝道","group":"生活影響設施","radius":300,"name":"基隆路高架道路"},"geometry":{"type":"Point","coordinates":[121.5472537,25.0197613]}},{"type":"Feature","properties":{"label":"快速道路／高架匝道","group":"生活影響設施","radius":300,"name":"辛亥路出口匝道"},"geometry":{"type":"Point","coordinates":[121.5376468,25.0231102]}},{"type":"Feature","properties":{"label":"快速道路／高架匝道","group":"生活影響設施","radius":300,"name":"辛亥路入口匝道"},"geometry":{"type":"Point","coordinates":[121.5377387,25.023727]}},{"type":"Feature","properties":{"label":"快速道路／高架匝道","group":"生活影響設施","radius":300,"name":"辛亥路入口匝道"},"geometry":{"type":"Point","coordinates":[121.537074,25.0226986]}},{"type":"Feature","properties":{"label":"快速道路／高架匝道","group":"生活影響設施","radius":300,"name":"東西向快速公路 八里新店線"},"geometry":{"type":"Point","coordinates":[121.451199,25.1064555]}},{"type":"Feature","properties":{"label":"軌道／公車機廠","group":"生活影響設施","radius":500,"name":"淡水轉運站"},"geometry":{"type":"Point","coordinates":[121.4212297,25.1790229]}},{"type":"Feature","properties":{"label":"快速道路／高架匝道","group":"生活影響設施","radius":300,"name":"信義路入口匝道"},"geometry":{"type":"Point","coordinates":[121.5729308,25.032918]}},{"type":"Feature","properties":{"label":"快速道路／高架匝道","group":"生活影響設施","radius":300,"name":"板橋二交流道"},"geometry":{"type":"Point","coordinates":[121.4523509,25.0039394]}},{"type":"Feature","properties":{"label":"快速道路／高架匝道","group":"生活影響設施","radius":300,"name":"光復南路出口匝道"},"geometry":{"type":"Point","coordinates":[121.5539505,25.0444466]}},{"type":"Feature","properties":{"label":"鐵路／調車設施","group":"生活影響設施","radius":300,"name":"OSM 未命名設施"},"geometry":{"type":"Point","coordinates":[121.5634028,25.0464511]}},{"type":"Feature","properties":{"label":"快速道路／高架匝道","group":"生活影響設施","radius":300,"name":"淡江大橋"},"geometry":{"type":"Point","coordinates":[121.4203244,25.1806227]}},{"type":"Feature","properties":{"label":"快速道路／高架匝道","group":"生活影響設施","radius":300,"name":"淡江大橋"},"geometry":{"type":"Point","coordinates":[121.4203548,25.1805741]}},{"type":"Feature","properties":{"label":"快速道路／高架匝道","group":"生活影響設施","radius":300,"name":"中興橋入口匝道"},"geometry":{"type":"Point","coordinates":[121.4933181,25.0514785]}},{"type":"Feature","properties":{"label":"快速道路／高架匝道","group":"生活影響設施","radius":300,"name":"中興橋出口匝道"},"geometry":{"type":"Point","coordinates":[121.4888427,25.0477322]}},{"type":"Feature","properties":{"label":"快速道路／高架匝道","group":"生活影響設施","radius":300,"name":"內湖交流道"},"geometry":{"type":"Point","coordinates":[121.5917338,25.0648666]}},{"type":"Feature","properties":{"label":"快速道路／高架匝道","group":"生活影響設施","radius":300,"name":"三重交流道"},"geometry":{"type":"Point","coordinates":[121.4992268,25.0770805]}},{"type":"Feature","properties":{"label":"快速道路／高架匝道","group":"生活影響設施","radius":300,"name":"中山高速公路"},"geometry":{"type":"Point","coordinates":[121.4992516,25.0770104]}},{"type":"Feature","properties":{"label":"快速道路／高架匝道","group":"生活影響設施","radius":300,"name":"土城交流道"},"geometry":{"type":"Point","coordinates":[121.4288146,24.9591827]}},{"type":"Feature","properties":{"label":"快速道路／高架匝道","group":"生活影響設施","radius":300,"name":"福爾摩沙高速公路"},"geometry":{"type":"Point","coordinates":[121.4573307,24.975044]}},{"type":"Feature","properties":{"label":"鐵路／調車設施","group":"生活影響設施","radius":300,"name":"OSM 未命名設施"},"geometry":{"type":"Point","coordinates":[121.5627951,25.0463174]}},{"type":"Feature","properties":{"label":"快速道路／高架匝道","group":"生活影響設施","radius":300,"name":"安坑交流道"},"geometry":{"type":"Point","coordinates":[121.5282652,24.9723892]}},{"type":"Feature","properties":{"label":"快速道路／高架匝道","group":"生活影響設施","radius":300,"name":"安坑交流道"},"geometry":{"type":"Point","coordinates":[121.5289326,24.971982]}},{"type":"Feature","properties":{"label":"快速道路／高架匝道","group":"生活影響設施","radius":300,"name":"安坑交流道"},"geometry":{"type":"Point","coordinates":[121.5289971,24.9719408]}},{"type":"Feature","properties":{"label":"快速道路／高架匝道","group":"生活影響設施","radius":300,"name":"安坑交流道"},"geometry":{"type":"Point","coordinates":[121.5289836,24.9715677]}},{"type":"Feature","properties":{"label":"快速道路／高架匝道","group":"生活影響設施","radius":300,"name":"中山高速公路"},"geometry":{"type":"Point","coordinates":[121.5945421,25.0639881]}},{"type":"Feature","properties":{"label":"快速道路／高架匝道","group":"生活影響設施","radius":300,"name":"中山高速公路"},"geometry":{"type":"Point","coordinates":[121.5944799,25.0638786]}},{"type":"Feature","properties":{"label":"快速道路／高架匝道","group":"生活影響設施","radius":300,"name":"中山高速公路"},"geometry":{"type":"Point","coordinates":[121.5928292,25.0643312]}},{"type":"Feature","properties":{"label":"快速道路／高架匝道","group":"生活影響設施","radius":300,"name":"中山高速公路"},"geometry":{"type":"Point","coordinates":[121.5927608,25.0642274]}},{"type":"Feature","properties":{"label":"快速道路／高架匝道","group":"生活影響設施","radius":300,"name":"內湖交流道"},"geometry":{"type":"Point","coordinates":[121.591081,25.0642145]}},{"type":"Feature","properties":{"label":"鐵路／調車設施","group":"生活影響設施","radius":300,"name":"OSM 未命名設施"},"geometry":{"type":"Point","coordinates":[121.5632932,25.0463549]}},{"type":"Feature","properties":{"label":"鐵路／調車設施","group":"生活影響設施","radius":300,"name":"OSM 未命名設施"},"geometry":{"type":"Point","coordinates":[121.5642722,25.0467536]}},{"type":"Feature","properties":{"label":"鐵路／調車設施","group":"生活影響設施","radius":300,"name":"OSM 未命名設施"},"geometry":{"type":"Point","coordinates":[121.5610405,25.0454293]}},{"type":"Feature","properties":{"label":"鐵路／調車設施","group":"生活影響設施","radius":300,"name":"OSM 未命名設施"},"geometry":{"type":"Point","coordinates":[121.5608087,25.0454833]}},{"type":"Feature","properties":{"label":"鐵路／調車設施","group":"生活影響設施","radius":300,"name":"OSM 未命名設施"},"geometry":{"type":"Point","coordinates":[121.5613656,25.045677]}},{"type":"Feature","properties":{"label":"鐵路／調車設施","group":"生活影響設施","radius":300,"name":"OSM 未命名設施"},"geometry":{"type":"Point","coordinates":[121.5613191,25.0457181]}},{"type":"Feature","properties":{"label":"鐵路／調車設施","group":"生活影響設施","radius":300,"name":"OSM 未命名設施"},"geometry":{"type":"Point","coordinates":[121.5608917,25.0455748]}},{"type":"Feature","properties":{"label":"鐵路／調車設施","group":"生活影響設施","radius":300,"name":"OSM 未命名設施"},"geometry":{"type":"Point","coordinates":[121.5619301,25.0462041]}},{"type":"Feature","properties":{"label":"鐵路／調車設施","group":"生活影響設施","radius":300,"name":"OSM 未命名設施"},"geometry":{"type":"Point","coordinates":[121.5613288,25.0458752]}},{"type":"Feature","properties":{"label":"鐵路／調車設施","group":"生活影響設施","radius":300,"name":"OSM 未命名設施"},"geometry":{"type":"Point","coordinates":[121.5612979,25.0459561]}},{"type":"Feature","properties":{"label":"鐵路／調車設施","group":"生活影響設施","radius":300,"name":"OSM 未命名設施"},"geometry":{"type":"Point","coordinates":[121.5609922,25.0457019]}},{"type":"Feature","properties":{"label":"快速道路／高架匝道","group":"生活影響設施","radius":300,"name":"辛亥路入口匝道"},"geometry":{"type":"Point","coordinates":[121.5377036,25.0247144]}},{"type":"Feature","properties":{"label":"快速道路／高架匝道","group":"生活影響設施","radius":300,"name":"辛亥路出口匝道"},"geometry":{"type":"Point","coordinates":[121.5376027,25.024715]}},{"type":"Feature","properties":{"label":"快速道路／高架匝道","group":"生活影響設施","radius":300,"name":"三重交流道"},"geometry":{"type":"Point","coordinates":[121.4739454,25.0603193]}},{"type":"Feature","properties":{"label":"快速道路／高架匝道","group":"生活影響設施","radius":300,"name":"三重交流道"},"geometry":{"type":"Point","coordinates":[121.4738466,25.0602927]}},{"type":"Feature","properties":{"label":"鐵路／調車設施","group":"生活影響設施","radius":300,"name":"OSM 未命名設施"},"geometry":{"type":"Point","coordinates":[121.5587475,25.0452661]}},{"type":"Feature","properties":{"label":"快速道路／高架匝道","group":"生活影響設施","radius":300,"name":"林口交流道"},"geometry":{"type":"Point","coordinates":[121.3565918,25.0643523]}},{"type":"Feature","properties":{"label":"快速道路／高架匝道","group":"生活影響設施","radius":300,"name":"林口交流道"},"geometry":{"type":"Point","coordinates":[121.3577647,25.0645368]}},{"type":"Feature","properties":{"label":"鐵路／調車設施","group":"生活影響設施","radius":300,"name":"OSM 未命名設施"},"geometry":{"type":"Point","coordinates":[121.5582004,25.0450915]}},{"type":"Feature","properties":{"label":"鐵路／調車設施","group":"生活影響設施","radius":300,"name":"OSM 未命名設施"},"geometry":{"type":"Point","coordinates":[121.5605547,25.0452956]}},{"type":"Feature","properties":{"label":"鐵路／調車設施","group":"生活影響設施","radius":300,"name":"OSM 未命名設施"},"geometry":{"type":"Point","coordinates":[121.5620226,25.0455248]}},{"type":"Feature","properties":{"label":"鐵路／調車設施","group":"生活影響設施","radius":300,"name":"OSM 未命名設施"},"geometry":{"type":"Point","coordinates":[121.5623526,25.0457218]}},{"type":"Feature","properties":{"label":"鐵路／調車設施","group":"生活影響設施","radius":300,"name":"OSM 未命名設施"},"geometry":{"type":"Point","coordinates":[121.561898,25.0456078]}},{"type":"Feature","properties":{"label":"快速道路／高架匝道","group":"生活影響設施","radius":300,"name":"環東大道"},"geometry":{"type":"Point","coordinates":[121.6223047,25.0569171]}},{"type":"Feature","properties":{"label":"快速道路／高架匝道","group":"生活影響設施","radius":300,"name":"中興北街入口匝道"},"geometry":{"type":"Point","coordinates":[121.4726514,25.0614308]}},{"type":"Feature","properties":{"label":"快速道路／高架匝道","group":"生活影響設施","radius":300,"name":"中興北街出口匝道"},"geometry":{"type":"Point","coordinates":[121.4725751,25.0615178]}},{"type":"Feature","properties":{"label":"快速道路／高架匝道","group":"生活影響設施","radius":300,"name":"新北環河快速道路"},"geometry":{"type":"Point","coordinates":[121.5029512,25.0739387]}},{"type":"Feature","properties":{"label":"快速道路／高架匝道","group":"生活影響設施","radius":300,"name":"經貿二路入口匝道"},"geometry":{"type":"Point","coordinates":[121.6130828,25.0631043]}},{"type":"Feature","properties":{"label":"鐵路／調車設施","group":"生活影響設施","radius":300,"name":"OSM 未命名設施"},"geometry":{"type":"Point","coordinates":[121.5640523,25.0449148]}},{"type":"Feature","properties":{"label":"鐵路／調車設施","group":"生活影響設施","radius":300,"name":"OSM 未命名設施"},"geometry":{"type":"Point","coordinates":[121.5647393,25.045055]}},{"type":"Feature","properties":{"label":"鐵路／調車設施","group":"生活影響設施","radius":300,"name":"縱貫線西正線"},"geometry":{"type":"Point","coordinates":[121.5143112,25.0482692]}},{"type":"Feature","properties":{"label":"鐵路／調車設施","group":"生活影響設施","radius":300,"name":"縱貫線西正線"},"geometry":{"type":"Point","coordinates":[121.5138525,25.0483219]}},{"type":"Feature","properties":{"label":"鐵路／調車設施","group":"生活影響設施","radius":300,"name":"縱貫線東正線"},"geometry":{"type":"Point","coordinates":[121.5134383,25.04835]}},{"type":"Feature","properties":{"label":"鐵路／調車設施","group":"生活影響設施","radius":300,"name":"縱貫線東正線"},"geometry":{"type":"Point","coordinates":[121.5134383,25.04835]}},{"type":"Feature","properties":{"label":"機場影響範圍","group":"生活影響設施","radius":3000,"name":"臺北松山機場"},"geometry":{"type":"Point","coordinates":[121.5533466,25.0668955]}},{"type":"Feature","properties":{"label":"軌道／公車機廠","group":"生活影響設施","radius":500,"name":"台北捷運南機廠"},"geometry":{"type":"Point","coordinates":[121.5296891,24.9845474]}},{"type":"Feature","properties":{"label":"軌道／公車機廠","group":"生活影響設施","radius":500,"name":"臺鐵隧道緊急防災通道"},"geometry":{"type":"Point","coordinates":[121.528993,25.0460841]}},{"type":"Feature","properties":{"label":"宗教活動設施","group":"生活影響設施","radius":300,"name":"台北真理堂"},"geometry":{"type":"Point","coordinates":[121.5331553,25.018549]}},{"type":"Feature","properties":{"label":"夜間娛樂場所","group":"生活影響設施","radius":300,"name":"Roxy"},"geometry":{"type":"Point","coordinates":[121.543311,25.0308022]}},{"type":"Feature","properties":{"label":"夜間娛樂場所","group":"生活影響設施","radius":300,"name":"Dick"},"geometry":{"type":"Point","coordinates":[121.5431846,25.0310374]}},{"type":"Feature","properties":{"label":"夜間娛樂場所","group":"生活影響設施","radius":300,"name":"女巫店"},"geometry":{"type":"Point","coordinates":[121.5336634,25.020462]}},{"type":"Feature","properties":{"label":"市場／夜市","group":"生活影響設施","radius":300,"name":"水源市場"},"geometry":{"type":"Point","coordinates":[121.5350587,25.0135307]}},{"type":"Feature","properties":{"label":"夜間娛樂場所","group":"生活影響設施","radius":300,"name":"錢櫃Partyworld"},"geometry":{"type":"Point","coordinates":[121.5088805,25.0424838]}},{"type":"Feature","properties":{"label":"市場／夜市","group":"生活影響設施","radius":300,"name":"Farmer's Market"},"geometry":{"type":"Point","coordinates":[121.6296872,25.0698412]}},{"type":"Feature","properties":{"label":"宗教活動設施","group":"生活影響設施","radius":300,"name":"土地公廟"},"geometry":{"type":"Point","coordinates":[121.6354246,25.0743871]}},{"type":"Feature","properties":{"label":"學校／幼兒園","group":"生活影響設施","radius":300,"name":"OSM 未命名設施"},"geometry":{"type":"Point","coordinates":[121.6367488,25.0716104]}},{"type":"Feature","properties":{"label":"宗教活動設施","group":"生活影響設施","radius":300,"name":"中研長老教會"},"geometry":{"type":"Point","coordinates":[121.61589,25.0466746]}},{"type":"Feature","properties":{"label":"市場／夜市","group":"生活影響設施","radius":300,"name":"林森市場"},"geometry":{"type":"Point","coordinates":[121.6235562,25.0396449]}},{"type":"Feature","properties":{"label":"宗教活動設施","group":"生活影響設施","radius":300,"name":"富南宮"},"geometry":{"type":"Point","coordinates":[121.615758,25.0516769]}},{"type":"Feature","properties":{"label":"市場／夜市","group":"生活影響設施","radius":300,"name":"橫科市場"},"geometry":{"type":"Point","coordinates":[121.6169826,25.0507636]}},{"type":"Feature","properties":{"label":"宗教活動設施","group":"生活影響設施","radius":300,"name":"慈信宮"},"geometry":{"type":"Point","coordinates":[121.511739,25.080022]}},{"type":"Feature","properties":{"label":"學校／幼兒園","group":"生活影響設施","radius":300,"name":"泰山國小附設幼稚園"},"geometry":{"type":"Point","coordinates":[121.431434,25.060947]}},{"type":"Feature","properties":{"label":"市場／夜市","group":"生活影響設施","radius":300,"name":"泰山區舊市場"},"geometry":{"type":"Point","coordinates":[121.4333295,25.0598341]}},{"type":"Feature","properties":{"label":"學校／幼兒園","group":"生活影響設施","radius":300,"name":"達人托兒所"},"geometry":{"type":"Point","coordinates":[121.5715472,25.0840952]}},{"type":"Feature","properties":{"label":"宗教活動設施","group":"生活影響設施","radius":300,"name":"華安宮"},"geometry":{"type":"Point","coordinates":[121.5477828,25.0861032]}},{"type":"Feature","properties":{"label":"夜間娛樂場所","group":"生活影響設施","radius":300,"name":"ROXY99"},"geometry":{"type":"Point","coordinates":[121.5258528,25.0277437]}},{"type":"Feature","properties":{"label":"宗教活動設施","group":"生活影響設施","radius":300,"name":"中和基督教會"},"geometry":{"type":"Point","coordinates":[121.5029867,24.990482]}},{"type":"Feature","properties":{"label":"宗教活動設施","group":"生活影響設施","radius":300,"name":"古亭基督長老教會"},"geometry":{"type":"Point","coordinates":[121.5272807,25.0217403]}},{"type":"Feature","properties":{"label":"宗教活動設施","group":"生活影響設施","radius":300,"name":"福德爺"},"geometry":{"type":"Point","coordinates":[121.4491046,25.1031997]}},{"type":"Feature","properties":{"label":"學校／幼兒園","group":"生活影響設施","radius":300,"name":"星辰幼稚園"},"geometry":{"type":"Point","coordinates":[121.4502359,25.1032823]}},{"type":"Feature","properties":{"label":"宗教活動設施","group":"生活影響設施","radius":300,"name":"臺灣基督長老教會"},"geometry":{"type":"Point","coordinates":[121.519025,25.0495161]}},{"type":"Feature","properties":{"label":"宗教活動設施","group":"生活影響設施","radius":300,"name":"長春長老教會"},"geometry":{"type":"Point","coordinates":[121.5329559,25.0596263]}},{"type":"Feature","properties":{"label":"學校／幼兒園","group":"生活影響設施","radius":300,"name":"新自立幼稚園"},"geometry":{"type":"Point","coordinates":[121.5312416,25.0664458]}},{"type":"Feature","properties":{"label":"宗教活動設施","group":"生活影響設施","radius":300,"name":"松江教會"},"geometry":{"type":"Point","coordinates":[121.5373176,25.059003]}},{"type":"Feature","properties":{"label":"宗教活動設施","group":"生活影響設施","radius":300,"name":"福田精舍"},"geometry":{"type":"Point","coordinates":[121.5373395,25.0552537]}},{"type":"Feature","properties":{"label":"學校／幼兒園","group":"生活影響設施","radius":300,"name":"大同國小附幼"},"geometry":{"type":"Point","coordinates":[121.4176047,24.981463]}},{"type":"Feature","properties":{"label":"學校／幼兒園","group":"生活影響設施","radius":300,"name":"喬治亞托兒所"},"geometry":{"type":"Point","coordinates":[121.5890207,25.0813599]}},{"type":"Feature","properties":{"label":"學校／幼兒園","group":"生活影響設施","radius":300,"name":"安坑國小附幼"},"geometry":{"type":"Point","coordinates":[121.5131047,24.960376]}},{"type":"Feature","properties":{"label":"學校／幼兒園","group":"生活影響設施","radius":300,"name":"OSM 未命名設施"},"geometry":{"type":"Point","coordinates":[121.5142321,24.9618955]}},{"type":"Feature","properties":{"label":"學校／幼兒園","group":"生活影響設施","radius":300,"name":"何嘉仁幼兒園"},"geometry":{"type":"Point","coordinates":[121.5124036,24.9620337]}},{"type":"Feature","properties":{"label":"學校／幼兒園","group":"生活影響設施","radius":300,"name":"OSM 未命名設施"},"geometry":{"type":"Point","coordinates":[121.511566,24.9626007]}},{"type":"Feature","properties":{"label":"學校／幼兒園","group":"生活影響設施","radius":300,"name":"小綠山幼兒園"},"geometry":{"type":"Point","coordinates":[121.5924733,25.0827973]}},{"type":"Feature","properties":{"label":"市場／夜市","group":"生活影響設施","radius":300,"name":"中山市場"},"geometry":{"type":"Point","coordinates":[121.5210596,25.0500836]}},{"type":"Feature","properties":{"label":"軍事設施","group":"生活影響設施","radius":500,"name":"憲兵二O二指揮部"},"geometry":{"type":"Point","coordinates":[121.5087364,25.0405262]}},{"type":"Feature","properties":{"label":"軍事設施","group":"生活影響設施","radius":500,"name":"臺北憲兵隊"},"geometry":{"type":"Point","coordinates":[121.5085845,25.0405454]}},{"type":"Feature","properties":{"label":"宗教活動設施","group":"生活影響設施","radius":300,"name":"大眾廟"},"geometry":{"type":"Point","coordinates":[121.4543794,25.0090379]}},{"type":"Feature","properties":{"label":"宗教活動設施","group":"生活影響設施","radius":300,"name":"福德宮"},"geometry":{"type":"Point","coordinates":[121.4543945,25.0091325]}},{"type":"Feature","properties":{"label":"宗教活動設施","group":"生活影響設施","radius":300,"name":"文殊院"},"geometry":{"type":"Point","coordinates":[121.5319042,25.0174823]}},{"type":"Feature","properties":{"label":"宗教活動設施","group":"生活影響設施","radius":300,"name":"大湖基督教會"},"geometry":{"type":"Point","coordinates":[121.5958692,25.0835122]}},{"type":"Feature","properties":{"label":"學校／幼兒園","group":"生活影響設施","radius":300,"name":"優幼園幼兒園"},"geometry":{"type":"Point","coordinates":[121.5914777,25.0819866]}},{"type":"Feature","properties":{"label":"宗教活動設施","group":"生活影響設施","radius":300,"name":"福主宮"},"geometry":{"type":"Point","coordinates":[121.5066336,25.1244957]}},{"type":"Feature","properties":{"label":"市場／夜市","group":"生活影響設施","radius":300,"name":"松江市場"},"geometry":{"type":"Point","coordinates":[121.5319804,25.0601729]}},{"type":"Feature","properties":{"label":"夜間娛樂場所","group":"生活影響設施","radius":300,"name":"好樂迪KTV景美店"},"geometry":{"type":"Point","coordinates":[121.5407463,24.9918957]}},{"type":"Feature","properties":{"label":"學校／幼兒園","group":"生活影響設施","radius":300,"name":"何嘉仁"},"geometry":{"type":"Point","coordinates":[121.5358606,24.9756491]}},{"type":"Feature","properties":{"label":"宗教活動設施","group":"生活影響設施","radius":300,"name":"咸亨宮"},"geometry":{"type":"Point","coordinates":[121.5355253,24.9755062]}},{"type":"Feature","properties":{"label":"宗教活動設施","group":"生活影響設施","radius":300,"name":"OSM 未命名設施"},"geometry":{"type":"Point","coordinates":[121.4568149,25.0503019]}},{"type":"Feature","properties":{"label":"宗教活動設施","group":"生活影響設施","radius":300,"name":"OSM 未命名設施"},"geometry":{"type":"Point","coordinates":[121.4575639,25.0526993]}},{"type":"Feature","properties":{"label":"消防隊","group":"生活影響設施","radius":300,"name":"OSM 未命名設施"},"geometry":{"type":"Point","coordinates":[121.5522091,25.0328475]}},{"type":"Feature","properties":{"label":"宗教活動設施","group":"生活影響設施","radius":300,"name":"大埤岸福德宮"},"geometry":{"type":"Point","coordinates":[121.5837068,25.0800408]}},{"type":"Feature","properties":{"label":"夜間娛樂場所","group":"生活影響設施","radius":300,"name":"柏克金啤酒餐廳"},"geometry":{"type":"Point","coordinates":[121.5279234,25.0523276]}},{"type":"Feature","properties":{"label":"宗教活動設施","group":"生活影響設施","radius":300,"name":"二重疏洪道萬善同"},"geometry":{"type":"Point","coordinates":[121.4771839,25.0626403]}},{"type":"Feature","properties":{"label":"宗教活動設施","group":"生活影響設施","radius":300,"name":"OSM 未命名設施"},"geometry":{"type":"Point","coordinates":[121.4578265,25.0510249]}},{"type":"Feature","properties":{"label":"宗教活動設施","group":"生活影響設施","radius":300,"name":"錫安堂"},"geometry":{"type":"Point","coordinates":[121.5515317,24.9886099]}},{"type":"Feature","properties":{"label":"宗教活動設施","group":"生活影響設施","radius":300,"name":"文山內湖水尾福德宮"},"geometry":{"type":"Point","coordinates":[121.5499389,24.9863884]}},{"type":"Feature","properties":{"label":"宗教活動設施","group":"生活影響設施","radius":300,"name":"台北象神金殿"},"geometry":{"type":"Point","coordinates":[121.5406297,25.0468994]}},{"type":"Feature","properties":{"label":"宗教活動設施","group":"生活影響設施","radius":300,"name":"溝子口天主堂"},"geometry":{"type":"Point","coordinates":[121.5475187,24.9863217]}},{"type":"Feature","properties":{"label":"宗教活動設施","group":"生活影響設施","radius":300,"name":"十三公"},"geometry":{"type":"Point","coordinates":[121.4301011,24.9986991]}},{"type":"Feature","properties":{"label":"學校／幼兒園","group":"生活影響設施","radius":300,"name":"OSM 未命名設施"},"geometry":{"type":"Point","coordinates":[121.4568352,25.0507348]}},{"type":"Feature","properties":{"label":"宗教活動設施","group":"生活影響設施","radius":300,"name":"松山聚福廟"},"geometry":{"type":"Point","coordinates":[121.5700853,25.0495094]}},{"type":"Feature","properties":{"label":"宗教活動設施","group":"生活影響設施","radius":300,"name":"OSM 未命名設施"},"geometry":{"type":"Point","coordinates":[121.455792,25.0500119]}},{"type":"Feature","properties":{"label":"宗教活動設施","group":"生活影響設施","radius":300,"name":"OSM 未命名設施"},"geometry":{"type":"Point","coordinates":[121.4588192,25.0525811]}},{"type":"Feature","properties":{"label":"宗教活動設施","group":"生活影響設施","radius":300,"name":"基督教台灣貴格會合一堂"},"geometry":{"type":"Point","coordinates":[121.5435032,24.9925599]}},{"type":"Feature","properties":{"label":"學校／幼兒園","group":"生活影響設施","radius":300,"name":"新生幼兒園"},"geometry":{"type":"Point","coordinates":[121.5281733,25.0597295]}},{"type":"Feature","properties":{"label":"市場／夜市","group":"生活影響設施","radius":300,"name":"立青黃昏市場"},"geometry":{"type":"Point","coordinates":[121.500579,24.9571445]}},{"type":"Feature","properties":{"label":"學校／幼兒園","group":"生活影響設施","radius":300,"name":"道生幼稚園"},"geometry":{"type":"Point","coordinates":[121.4893519,24.9507851]}},{"type":"Feature","properties":{"label":"學校／幼兒園","group":"生活影響設施","radius":300,"name":"安康托兒所"},"geometry":{"type":"Point","coordinates":[121.5115819,24.9604253]}},{"type":"Feature","properties":{"label":"學校／幼兒園","group":"生活影響設施","radius":300,"name":"三之三安親班"},"geometry":{"type":"Point","coordinates":[121.3894913,25.0812165]}},{"type":"Feature","properties":{"label":"學校／幼兒園","group":"生活影響設施","radius":300,"name":"吉的堡小騎士幼兒園"},"geometry":{"type":"Point","coordinates":[121.588555,25.0408722]}},{"type":"Feature","properties":{"label":"宗教活動設施","group":"生活影響設施","radius":300,"name":"真武壇"},"geometry":{"type":"Point","coordinates":[121.388277,24.9610593]}},{"type":"Feature","properties":{"label":"醫院／急診","group":"生活影響設施","radius":500,"name":"板新醫院"},"geometry":{"type":"Point","coordinates":[121.4563572,25.0168281]}},{"type":"Feature","properties":{"label":"宗教活動設施","group":"生活影響設施","radius":300,"name":"頂公館福德宮"},"geometry":{"type":"Point","coordinates":[121.5376874,25.0054533]}},{"type":"Feature","properties":{"label":"宗教活動設施","group":"生活影響設施","radius":300,"name":"慈瑤宮"},"geometry":{"type":"Point","coordinates":[121.5381502,24.9939008]}},{"type":"Feature","properties":{"label":"宗教活動設施","group":"生活影響設施","radius":300,"name":"林口基督教會"},"geometry":{"type":"Point","coordinates":[121.3894234,25.0799643]}},{"type":"Feature","properties":{"label":"宗教活動設施","group":"生活影響設施","radius":300,"name":"三德宮"},"geometry":{"type":"Point","coordinates":[121.3868434,25.0794456]}},{"type":"Feature","properties":{"label":"宗教活動設施","group":"生活影響設施","radius":300,"name":"永樂教會"},"geometry":{"type":"Point","coordinates":[121.387608,25.0789966]}},{"type":"Feature","properties":{"label":"宗教活動設施","group":"生活影響設施","radius":300,"name":"北玄宮"},"geometry":{"type":"Point","coordinates":[121.5200883,25.0562692]}},{"type":"Feature","properties":{"label":"宗教活動設施","group":"生活影響設施","radius":300,"name":"農村福德宮"},"geometry":{"type":"Point","coordinates":[121.4709357,25.0299909]}},{"type":"Feature","properties":{"label":"宗教活動設施","group":"生活影響設施","radius":300,"name":"福德祠"},"geometry":{"type":"Point","coordinates":[121.5333548,25.1017547]}},{"type":"Feature","properties":{"label":"宗教活動設施","group":"生活影響設施","radius":300,"name":"OSM 未命名設施"},"geometry":{"type":"Point","coordinates":[121.5932553,25.0630372]}},{"type":"Feature","properties":{"label":"宗教活動設施","group":"生活影響設施","radius":300,"name":"貴格會大坪林教會"},"geometry":{"type":"Point","coordinates":[121.5389471,24.9797839]}},{"type":"Feature","properties":{"label":"學校／幼兒園","group":"生活影響設施","radius":300,"name":"華康托嬰中心"},"geometry":{"type":"Point","coordinates":[121.5292814,25.0298948]}},{"type":"Feature","properties":{"label":"消防隊","group":"生活影響設施","radius":300,"name":"中崙分隊"},"geometry":{"type":"Point","coordinates":[121.5458041,25.0484022]}},{"type":"Feature","properties":{"label":"學校／幼兒園","group":"生活影響設施","radius":300,"name":"巧可麗幼兒園大安分校"},"geometry":{"type":"Point","coordinates":[121.5313314,25.0225954]}},{"type":"Feature","properties":{"label":"學校／幼兒園","group":"生活影響設施","radius":300,"name":"凱達格蘭幼稚園"},"geometry":{"type":"Point","coordinates":[121.457058,25.0523704]}},{"type":"Feature","properties":{"label":"夜間娛樂場所","group":"生活影響設施","radius":300,"name":"PATINA Lounge"},"geometry":{"type":"Point","coordinates":[121.524566,25.0661283]}},{"type":"Feature","properties":{"label":"夜間娛樂場所","group":"生活影響設施","radius":300,"name":"亞烈航斯pub"},"geometry":{"type":"Point","coordinates":[121.4556518,25.0880538]}},{"type":"Feature","properties":{"label":"消防隊","group":"生活影響設施","radius":300,"name":"頂埔分隊"},"geometry":{"type":"Point","coordinates":[121.4212106,24.9631767]}},{"type":"Feature","properties":{"label":"宗教活動設施","group":"生活影響設施","radius":300,"name":"中正靈糧福音中心"},"geometry":{"type":"Point","coordinates":[121.5148413,25.0445501]}},{"type":"Feature","properties":{"label":"夜間娛樂場所","group":"生活影響設施","radius":300,"name":"好樂迪"},"geometry":{"type":"Point","coordinates":[121.5148962,25.0446786]}},{"type":"Feature","properties":{"label":"宗教活動設施","group":"生活影響設施","radius":300,"name":"義光教會"},"geometry":{"type":"Point","coordinates":[121.5345873,25.0351154]}},{"type":"Feature","properties":{"label":"夜間娛樂場所","group":"生活影響設施","radius":300,"name":"綠洲信義"},"geometry":{"type":"Point","coordinates":[121.5570935,25.0285245]}},{"type":"Feature","properties":{"label":"宗教活動設施","group":"生活影響設施","radius":300,"name":"福德宮"},"geometry":{"type":"Point","coordinates":[121.4543511,25.0089861]}},{"type":"Feature","properties":{"label":"宗教活動設施","group":"生活影響設施","radius":300,"name":"北巡徐府元帥"},"geometry":{"type":"Point","coordinates":[121.452539,25.0094433]}},{"type":"Feature","properties":{"label":"宗教活動設施","group":"生活影響設施","radius":300,"name":"順恩宮"},"geometry":{"type":"Point","coordinates":[121.453203,25.0495482]}},{"type":"Feature","properties":{"label":"學校／幼兒園","group":"生活影響設施","radius":300,"name":"成功托兒所"},"geometry":{"type":"Point","coordinates":[121.5925572,25.0805847]}},{"type":"Feature","properties":{"label":"宗教活動設施","group":"生活影響設施","radius":300,"name":"普觀靜精舍"},"geometry":{"type":"Point","coordinates":[121.5904051,25.081883]}},{"type":"Feature","properties":{"label":"宗教活動設施","group":"生活影響設施","radius":300,"name":"慈雲寺"},"geometry":{"type":"Point","coordinates":[121.5040338,25.0464219]}},{"type":"Feature","properties":{"label":"宗教活動設施","group":"生活影響設施","radius":300,"name":"南聖宮財神廟"},"geometry":{"type":"Point","coordinates":[121.5430982,25.0486551]}},{"type":"Feature","properties":{"label":"宗教活動設施","group":"生活影響設施","radius":300,"name":"基督教淡江教會"},"geometry":{"type":"Point","coordinates":[121.4482794,25.168715]}},{"type":"Feature","properties":{"label":"宗教活動設施","group":"生活影響設施","radius":300,"name":"中和行道會"},"geometry":{"type":"Point","coordinates":[121.5004201,24.9967739]}},{"type":"Feature","properties":{"label":"宗教活動設施","group":"生活影響設施","radius":300,"name":"林口永興宮"},"geometry":{"type":"Point","coordinates":[121.5286876,25.0178707]}},{"type":"Feature","properties":{"label":"夜間娛樂場所","group":"生活影響設施","radius":300,"name":"窖床音樂 Bar"},"geometry":{"type":"Point","coordinates":[121.5076312,25.0452206]}},{"type":"Feature","properties":{"label":"宗教活動設施","group":"生活影響設施","radius":300,"name":"新興長老教會"},"geometry":{"type":"Point","coordinates":[121.5249063,25.0674241]}},{"type":"Feature","properties":{"label":"宗教活動設施","group":"生活影響設施","radius":300,"name":"福德宮"},"geometry":{"type":"Point","coordinates":[121.4437136,25.1804632]}},{"type":"Feature","properties":{"label":"夜間娛樂場所","group":"生活影響設施","radius":300,"name":"好樂迪"},"geometry":{"type":"Point","coordinates":[121.5059799,25.0438282]}},{"type":"Feature","properties":{"label":"消防隊","group":"生活影響設施","radius":300,"name":"消防局竹圍分隊"},"geometry":{"type":"Point","coordinates":[121.4556282,25.1595006]}},{"type":"Feature","properties":{"label":"消防隊","group":"生活影響設施","radius":300,"name":"消防局淡水分隊"},"geometry":{"type":"Point","coordinates":[121.4397057,25.1749317]}},{"type":"Feature","properties":{"label":"醫院／急診","group":"生活影響設施","radius":500,"name":"永和復康醫院"},"geometry":{"type":"Point","coordinates":[121.5119425,25.0038436]}},{"type":"Feature","properties":{"label":"宗教活動設施","group":"生活影響設施","radius":300,"name":"OSM 未命名設施"},"geometry":{"type":"Point","coordinates":[121.3568344,24.9582055]}},{"type":"Feature","properties":{"label":"宗教活動設施","group":"生活影響設施","radius":300,"name":"海光宮"},"geometry":{"type":"Point","coordinates":[121.5083619,25.0813191]}},{"type":"Feature","properties":{"label":"宗教活動設施","group":"生活影響設施","radius":300,"name":"旨元宮"},"geometry":{"type":"Point","coordinates":[121.6153233,25.0537664]}},{"type":"Feature","properties":{"label":"宗教活動設施","group":"生活影響設施","radius":300,"name":"普恩宮"},"geometry":{"type":"Point","coordinates":[121.5611412,25.086427]}},{"type":"Feature","properties":{"label":"宗教活動設施","group":"生活影響設施","radius":300,"name":"樹人書院文昌祠"},"geometry":{"type":"Point","coordinates":[121.5120914,25.0728687]}},{"type":"Feature","properties":{"label":"宗教活動設施","group":"生活影響設施","radius":300,"name":"萬應公祠"},"geometry":{"type":"Point","coordinates":[121.5118695,25.1383469]}},{"type":"Feature","properties":{"label":"宗教活動設施","group":"生活影響設施","radius":300,"name":"理天宮"},"geometry":{"type":"Point","coordinates":[121.5125629,25.1387755]}},{"type":"Feature","properties":{"label":"宗教活動設施","group":"生活影響設施","radius":300,"name":"曼陀寺"},"geometry":{"type":"Point","coordinates":[121.5142885,25.13854]}},{"type":"Feature","properties":{"label":"宗教活動設施","group":"生活影響設施","radius":300,"name":"養聖堂"},"geometry":{"type":"Point","coordinates":[121.5357716,25.044157]}},{"type":"Feature","properties":{"label":"宗教活動設施","group":"生活影響設施","radius":300,"name":"三合祠"},"geometry":{"type":"Point","coordinates":[121.5031414,25.1265808]}},{"type":"Feature","properties":{"label":"宗教活動設施","group":"生活影響設施","radius":300,"name":"明代宮"},"geometry":{"type":"Point","coordinates":[121.5056685,25.1298036]}},{"type":"Feature","properties":{"label":"宗教活動設施","group":"生活影響設施","radius":300,"name":"基督教信義會慈恩堂"},"geometry":{"type":"Point","coordinates":[121.5388347,24.9906796]}},{"type":"Feature","properties":{"label":"宗教活動設施","group":"生活影響設施","radius":300,"name":"東區四面佛"},"geometry":{"type":"Point","coordinates":[121.552917,25.0436771]}},{"type":"Feature","properties":{"label":"宗教活動設施","group":"生活影響設施","radius":300,"name":"廣福宮三山國王爺"},"geometry":{"type":"Point","coordinates":[121.5535795,25.0317414]}},{"type":"Feature","properties":{"label":"宗教活動設施","group":"生活影響設施","radius":300,"name":"八路財神趙元帥"},"geometry":{"type":"Point","coordinates":[121.5540766,25.0317751]}},{"type":"Feature","properties":{"label":"宗教活動設施","group":"生活影響設施","radius":300,"name":"埤仔頭福德宮"},"geometry":{"type":"Point","coordinates":[121.506617,24.9892834]}},{"type":"Feature","properties":{"label":"宗教活動設施","group":"生活影響設施","radius":300,"name":"觀雲寺"},"geometry":{"type":"Point","coordinates":[121.4980973,24.9847433]}},{"type":"Feature","properties":{"label":"學校／幼兒園","group":"生活影響設施","radius":300,"name":"仁和幼兒園"},"geometry":{"type":"Point","coordinates":[121.5421171,25.0432745]}},{"type":"Feature","properties":{"label":"宗教活動設施","group":"生活影響設施","radius":300,"name":"先知靈修山莊"},"geometry":{"type":"Point","coordinates":[121.5341765,25.053296]}},{"type":"Feature","properties":{"label":"宗教活動設施","group":"生活影響設施","radius":300,"name":"新生命小組教會"},"geometry":{"type":"Point","coordinates":[121.5483868,25.0388396]}},{"type":"Feature","properties":{"label":"學校／幼兒園","group":"生活影響設施","radius":300,"name":"天主教育仁幼稚園"},"geometry":{"type":"Point","coordinates":[121.4990366,25.0321391]}},{"type":"Feature","properties":{"label":"宗教活動設施","group":"生活影響設施","radius":300,"name":"林森北路四面佛"},"geometry":{"type":"Point","coordinates":[121.5257048,25.0594437]}},{"type":"Feature","properties":{"label":"市場／夜市","group":"生活影響設施","radius":300,"name":"龍山商場"},"geometry":{"type":"Point","coordinates":[121.4998856,25.0347024]}},{"type":"Feature","properties":{"label":"夜間娛樂場所","group":"生活影響設施","radius":300,"name":"窖父"},"geometry":{"type":"Point","coordinates":[121.5325276,25.0150493]}},{"type":"Feature","properties":{"label":"夜間娛樂場所","group":"生活影響設施","radius":300,"name":"Wicked Wolfpack"},"geometry":{"type":"Point","coordinates":[121.5305062,25.1193447]}},{"type":"Feature","properties":{"label":"宗教活動設施","group":"生活影響設施","radius":300,"name":"長老教會中港禮拜堂"},"geometry":{"type":"Point","coordinates":[121.4521603,25.0454515]}},{"type":"Feature","properties":{"label":"宗教活動設施","group":"生活影響設施","radius":300,"name":"OSM 未命名設施"},"geometry":{"type":"Point","coordinates":[121.5040391,24.9986338]}},{"type":"Feature","properties":{"label":"宗教活動設施","group":"生活影響設施","radius":300,"name":"南京東路禮拜堂"},"geometry":{"type":"Point","coordinates":[121.5321426,25.0517971]}},{"type":"Feature","properties":{"label":"宗教活動設施","group":"生活影響設施","radius":300,"name":"高積善祭祠公業"},"geometry":{"type":"Point","coordinates":[121.5398544,24.9926274]}},{"type":"Feature","properties":{"label":"宗教活動設施","group":"生活影響設施","radius":300,"name":"進寶殿"},"geometry":{"type":"Point","coordinates":[121.5422322,24.9863637]}},{"type":"Feature","properties":{"label":"學校／幼兒園","group":"生活影響設施","radius":300,"name":"OSM 未命名設施"},"geometry":{"type":"Point","coordinates":[121.4973397,25.130905]}},{"type":"Feature","properties":{"label":"市場／夜市","group":"生活影響設施","radius":300,"name":"南門市場"},"geometry":{"type":"Point","coordinates":[121.5182324,25.0323362]}},{"type":"Feature","properties":{"label":"宗教活動設施","group":"生活影響設施","radius":300,"name":"土地公廟"},"geometry":{"type":"Point","coordinates":[121.455599,25.0190568]}},{"type":"Feature","properties":{"label":"宗教活動設施","group":"生活影響設施","radius":300,"name":"OSM 未命名設施"},"geometry":{"type":"Point","coordinates":[121.5053478,24.9926667]}},{"type":"Feature","properties":{"label":"宗教活動設施","group":"生活影響設施","radius":300,"name":"臺灣聖公會友誼之家"},"geometry":{"type":"Point","coordinates":[121.5257996,25.0374114]}},{"type":"Feature","properties":{"label":"宗教活動設施","group":"生活影響設施","radius":300,"name":"大墓公"},"geometry":{"type":"Point","coordinates":[121.4404458,24.9680819]}},{"type":"Feature","properties":{"label":"學校／幼兒園","group":"生活影響設施","radius":300,"name":"陽明交大台北北門校區"},"geometry":{"type":"Point","coordinates":[121.5119822,25.0473061]}},{"type":"Feature","properties":{"label":"夜間娛樂場所","group":"生活影響設施","radius":300,"name":"TABOO"},"geometry":{"type":"Point","coordinates":[121.536526,25.0565684]}},{"type":"Feature","properties":{"label":"夜間娛樂場所","group":"生活影響設施","radius":300,"name":"L-World"},"geometry":{"type":"Point","coordinates":[121.5271519,25.0499337]}},{"type":"Feature","properties":{"label":"宗教活動設施","group":"生活影響設施","radius":300,"name":"奉聖宮"},"geometry":{"type":"Point","coordinates":[121.6171915,25.0704673]}},{"type":"Feature","properties":{"label":"學校／幼兒園","group":"生活影響設施","radius":300,"name":"新東湖幼兒園"},"geometry":{"type":"Point","coordinates":[121.6182316,25.070251]}},{"type":"Feature","properties":{"label":"夜間娛樂場所","group":"生活影響設施","radius":300,"name":"王老先生有塊地單車酒吧"},"geometry":{"type":"Point","coordinates":[121.5039948,25.0458819]}},{"type":"Feature","properties":{"label":"宗教活動設施","group":"生活影響設施","radius":300,"name":"北門口保正殿"},"geometry":{"type":"Point","coordinates":[121.5125964,25.0507702]}},{"type":"Feature","properties":{"label":"宗教活動設施","group":"生活影響設施","radius":300,"name":"基督教末世聖徒教會"},"geometry":{"type":"Point","coordinates":[121.533818,25.0988986]}},{"type":"Feature","properties":{"label":"學校／幼兒園","group":"生活影響設施","radius":300,"name":"光星幼兒園"},"geometry":{"type":"Point","coordinates":[121.4663022,25.0193261]}},{"type":"Feature","properties":{"label":"醫院／急診","group":"生活影響設施","radius":500,"name":"板英醫院"},"geometry":{"type":"Point","coordinates":[121.464544,25.0184062]}},{"type":"Feature","properties":{"label":"夜間娛樂場所","group":"生活影響設施","radius":300,"name":"錢櫃 KTV"},"geometry":{"type":"Point","coordinates":[121.5443337,25.0413767]}},{"type":"Feature","properties":{"label":"夜間娛樂場所","group":"生活影響設施","radius":300,"name":"BOX Taipei"},"geometry":{"type":"Point","coordinates":[121.5511229,25.0443484]}},{"type":"Feature","properties":{"label":"夜間娛樂場所","group":"生活影響設施","radius":300,"name":"ZEAL"},"geometry":{"type":"Point","coordinates":[121.5506905,25.0441686]}},{"type":"Feature","properties":{"label":"夜間娛樂場所","group":"生活影響設施","radius":300,"name":"関白酒場"},"geometry":{"type":"Point","coordinates":[121.5508863,25.0442938]}},{"type":"Feature","properties":{"label":"醫院／急診","group":"生活影響設施","radius":500,"name":"怡和醫院"},"geometry":{"type":"Point","coordinates":[121.4985466,25.0018801]}},{"type":"Feature","properties":{"label":"宗教活動設施","group":"生活影響設施","radius":300,"name":"四面佛"},"geometry":{"type":"Point","coordinates":[121.5004315,25.1303479]}},{"type":"Feature","properties":{"label":"宗教活動設施","group":"生活影響設施","radius":300,"name":"九芎廟"},"geometry":{"type":"Point","coordinates":[121.4663095,25.0793102]}},{"type":"Feature","properties":{"label":"宗教活動設施","group":"生活影響設施","radius":300,"name":"汐止恩德宮"},"geometry":{"type":"Point","coordinates":[121.662093,25.071447]}},{"type":"Feature","properties":{"label":"宗教活動設施","group":"生活影響設施","radius":300,"name":"二十張土地公廟"},"geometry":{"type":"Point","coordinates":[121.5379682,24.9872121]}},{"type":"Feature","properties":{"label":"宗教活動設施","group":"生活影響設施","radius":300,"name":"林續祖祠堂"},"geometry":{"type":"Point","coordinates":[121.4798858,25.0027882]}},{"type":"Feature","properties":{"label":"宗教活動設施","group":"生活影響設施","radius":300,"name":"非比教會"},"geometry":{"type":"Point","coordinates":[121.5435683,25.0629747]}},{"type":"Feature","properties":{"label":"宗教活動設施","group":"生活影響設施","radius":300,"name":"中和慈聖宮"},"geometry":{"type":"Point","coordinates":[121.4974431,24.9961375]}},{"type":"Feature","properties":{"label":"宗教活動設施","group":"生活影響設施","radius":300,"name":"真耶穌教會"},"geometry":{"type":"Point","coordinates":[121.4979597,24.9976335]}},{"type":"Feature","properties":{"label":"夜間娛樂場所","group":"生活影響設施","radius":300,"name":"絕色"},"geometry":{"type":"Point","coordinates":[121.5327262,25.0533688]}},{"type":"Feature","properties":{"label":"夜間娛樂場所","group":"生活影響設施","radius":300,"name":"名亨酒店"},"geometry":{"type":"Point","coordinates":[121.5327344,25.0538504]}},{"type":"Feature","properties":{"label":"宗教活動設施","group":"生活影響設施","radius":300,"name":"力行福德宮"},"geometry":{"type":"Point","coordinates":[121.4974221,24.9955074]}},{"type":"Feature","properties":{"label":"宗教活動設施","group":"生活影響設施","radius":300,"name":"浸信會大村教會"},"geometry":{"type":"Point","coordinates":[121.5434476,24.9746527]}},{"type":"Feature","properties":{"label":"宗教活動設施","group":"生活影響設施","radius":300,"name":"新店七張福德宮"},"geometry":{"type":"Point","coordinates":[121.5435673,24.9731698]}},{"type":"Feature","properties":{"label":"夜間娛樂場所","group":"生活影響設施","radius":300,"name":"唰嘴啤酒海鮮餐廳"},"geometry":{"type":"Point","coordinates":[121.4985092,25.0021178]}},{"type":"Feature","properties":{"label":"宗教活動設施","group":"生活影響設施","radius":300,"name":"中和大眾爺廟"},"geometry":{"type":"Point","coordinates":[121.4979953,25.0060734]}},{"type":"Feature","properties":{"label":"宗教活動設施","group":"生活影響設施","radius":300,"name":"中和和美宮"},"geometry":{"type":"Point","coordinates":[121.4988155,25.0045096]}},{"type":"Feature","properties":{"label":"夜間娛樂場所","group":"生活影響設施","radius":300,"name":"華爾滋"},"geometry":{"type":"Point","coordinates":[121.462106,25.0074192]}},{"type":"Feature","properties":{"label":"夜間娛樂場所","group":"生活影響設施","radius":300,"name":"好樂迪"},"geometry":{"type":"Point","coordinates":[121.46292,25.0075523]}},{"type":"Feature","properties":{"label":"宗教活動設施","group":"生活影響設施","radius":300,"name":"湯泉基督教會"},"geometry":{"type":"Point","coordinates":[121.5235874,24.9793882]}},{"type":"Feature","properties":{"label":"宗教活動設施","group":"生活影響設施","radius":300,"name":"台北韓國教會"},"geometry":{"type":"Point","coordinates":[121.5326549,25.0469341]}},{"type":"Feature","properties":{"label":"夜間娛樂場所","group":"生活影響設施","radius":300,"name":"Digout"},"geometry":{"type":"Point","coordinates":[121.5551,25.0333656]}},{"type":"Feature","properties":{"label":"宗教活動設施","group":"生活影響設施","radius":300,"name":"新民福德宮"},"geometry":{"type":"Point","coordinates":[121.4661868,25.0177601]}},{"type":"Feature","properties":{"label":"宗教活動設施","group":"生活影響設施","radius":300,"name":"中和教會"},"geometry":{"type":"Point","coordinates":[121.4965108,24.9978865]}},{"type":"Feature","properties":{"label":"夜間娛樂場所","group":"生活影響設施","radius":300,"name":"J's Place 輕鬆小酒館"},"geometry":{"type":"Point","coordinates":[121.5559435,25.0363495]}},{"type":"Feature","properties":{"label":"夜間娛樂場所","group":"生活影響設施","radius":300,"name":"Sappho Live"},"geometry":{"type":"Point","coordinates":[121.552148,25.034265]}},{"type":"Feature","properties":{"label":"宗教活動設施","group":"生活影響設施","radius":300,"name":"中和九玄宮"},"geometry":{"type":"Point","coordinates":[121.4989053,24.9973366]}},{"type":"Feature","properties":{"label":"學校／幼兒園","group":"生活影響設施","radius":300,"name":"巧可麗美式幼兒學校"},"geometry":{"type":"Point","coordinates":[121.4994495,24.9985633]}},{"type":"Feature","properties":{"label":"夜間娛樂場所","group":"生活影響設施","radius":300,"name":"錢櫃Partyworld"},"geometry":{"type":"Point","coordinates":[121.458905,25.0071268]}},{"type":"Feature","properties":{"label":"宗教活動設施","group":"生活影響設施","radius":300,"name":"台灣基督長老教會文山教會"},"geometry":{"type":"Point","coordinates":[121.5697528,24.9892522]}},{"type":"Feature","properties":{"label":"夜間娛樂場所","group":"生活影響設施","radius":300,"name":"名城音樂餐坊"},"geometry":{"type":"Point","coordinates":[121.4984195,25.0020788]}},{"type":"Feature","properties":{"label":"宗教活動設施","group":"生活影響設施","radius":300,"name":"改革宗神學院"},"geometry":{"type":"Point","coordinates":[121.5536263,25.0528652]}},{"type":"Feature","properties":{"label":"學校／幼兒園","group":"生活影響設施","radius":300,"name":"日光幼兒園"},"geometry":{"type":"Point","coordinates":[121.5001122,24.9938987]}},{"type":"Feature","properties":{"label":"夜間娛樂場所","group":"生活影響設施","radius":300,"name":"愛爾蘭酒吧"},"geometry":{"type":"Point","coordinates":[121.5336165,25.0471769]}},{"type":"Feature","properties":{"label":"宗教活動設施","group":"生活影響設施","radius":300,"name":"景美長老教會"},"geometry":{"type":"Point","coordinates":[121.5427811,24.9951044]}},{"type":"Feature","properties":{"label":"宗教活動設施","group":"生活影響設施","radius":300,"name":"景美教會"},"geometry":{"type":"Point","coordinates":[121.5399568,24.9914211]}},{"type":"Feature","properties":{"label":"消防隊","group":"生活影響設施","radius":300,"name":"成德分隊"},"geometry":{"type":"Point","coordinates":[121.586825,25.047863]}},{"type":"Feature","properties":{"label":"宗教活動設施","group":"生活影響設施","radius":300,"name":"公館福德宮"},"geometry":{"type":"Point","coordinates":[121.5375928,25.0087752]}},{"type":"Feature","properties":{"label":"夜間娛樂場所","group":"生活影響設施","radius":300,"name":"方馨酒坊"},"geometry":{"type":"Point","coordinates":[121.5316329,25.0535121]}},{"type":"Feature","properties":{"label":"市場／夜市","group":"生活影響設施","radius":300,"name":"幸安市場"},"geometry":{"type":"Point","coordinates":[121.5308502,25.0403072]}},{"type":"Feature","properties":{"label":"學校／幼兒園","group":"生活影響設施","radius":300,"name":"中正幼兒園"},"geometry":{"type":"Point","coordinates":[121.5309367,25.0401843]}},{"type":"Feature","properties":{"label":"宗教活動設施","group":"生活影響設施","radius":300,"name":"神召會"},"geometry":{"type":"Point","coordinates":[121.5205934,25.0631239]}},{"type":"Feature","properties":{"label":"宗教活動設施","group":"生活影響設施","radius":300,"name":"永和長老教會"},"geometry":{"type":"Point","coordinates":[121.5166342,25.012078]}},{"type":"Feature","properties":{"label":"學校／幼兒園","group":"生活影響設施","radius":300,"name":"若石幼兒園"},"geometry":{"type":"Point","coordinates":[121.5391873,25.006926]}},{"type":"Feature","properties":{"label":"通訊塔／基地台","group":"生活影響設施","radius":300,"name":"OSM 未命名設施"},"geometry":{"type":"Point","coordinates":[121.5324477,25.0376067]}},{"type":"Feature","properties":{"label":"宗教活動設施","group":"生活影響設施","radius":300,"name":"長春禮拜堂"},"geometry":{"type":"Point","coordinates":[121.5339608,25.0546082]}},{"type":"Feature","properties":{"label":"夜間娛樂場所","group":"生活影響設施","radius":300,"name":"義大利女巫咖啡酒吧"},"geometry":{"type":"Point","coordinates":[121.532262,25.0412135]}},{"type":"Feature","properties":{"label":"宗教活動設施","group":"生活影響設施","radius":300,"name":"正德宮"},"geometry":{"type":"Point","coordinates":[121.5287731,25.0349972]}},{"type":"Feature","properties":{"label":"宗教活動設施","group":"生活影響設施","radius":300,"name":"基督徒聚會所"},"geometry":{"type":"Point","coordinates":[121.5288921,25.0314628]}},{"type":"Feature","properties":{"label":"宗教活動設施","group":"生活影響設施","radius":300,"name":"浸信會光復堂教會"},"geometry":{"type":"Point","coordinates":[121.5558357,25.0397629]}},{"type":"Feature","properties":{"label":"宗教活動設施","group":"生活影響設施","radius":300,"name":"清寶宮"},"geometry":{"type":"Point","coordinates":[121.5378668,25.0099668]}},{"type":"Feature","properties":{"label":"宗教活動設施","group":"生活影響設施","radius":300,"name":"生命樹教會"},"geometry":{"type":"Point","coordinates":[121.5374959,25.0045794]}},{"type":"Feature","properties":{"label":"夜間娛樂場所","group":"生活影響設施","radius":300,"name":"El Cielo"},"geometry":{"type":"Point","coordinates":[121.5553408,25.0419245]}},{"type":"Feature","properties":{"label":"夜間娛樂場所","group":"生活影響設施","radius":300,"name":"友達居酒屋"},"geometry":{"type":"Point","coordinates":[121.5557212,25.0428874]}},{"type":"Feature","properties":{"label":"夜間娛樂場所","group":"生活影響設施","radius":300,"name":"和居酒屋"},"geometry":{"type":"Point","coordinates":[121.5557725,25.0429066]}},{"type":"Feature","properties":{"label":"夜間娛樂場所","group":"生活影響設施","radius":300,"name":"武藏居食屋"},"geometry":{"type":"Point","coordinates":[121.5547627,25.0427147]}},{"type":"Feature","properties":{"label":"夜間娛樂場所","group":"生活影響設施","radius":300,"name":"菜鳥居酒屋"},"geometry":{"type":"Point","coordinates":[121.5550945,25.0426715]}},{"type":"Feature","properties":{"label":"宗教活動設施","group":"生活影響設施","radius":300,"name":"瑤池聖和院"},"geometry":{"type":"Point","coordinates":[121.5405776,24.9972396]}},{"type":"Feature","properties":{"label":"宗教活動設施","group":"生活影響設施","radius":300,"name":"臺參宮"},"geometry":{"type":"Point","coordinates":[121.3658981,24.9384085]}},{"type":"Feature","properties":{"label":"宗教活動設施","group":"生活影響設施","radius":300,"name":"南港新福宮"},"geometry":{"type":"Point","coordinates":[121.5973491,25.0544303]}},{"type":"Feature","properties":{"label":"宗教活動設施","group":"生活影響設施","radius":300,"name":"配興堂"},"geometry":{"type":"Point","coordinates":[121.5552109,25.0315576]}},{"type":"Feature","properties":{"label":"宗教活動設施","group":"生活影響設施","radius":300,"name":"基督教改革宗長老會新莊教會"},"geometry":{"type":"Point","coordinates":[121.4516279,25.0549804]}},{"type":"Feature","properties":{"label":"宗教活動設施","group":"生活影響設施","radius":300,"name":"真耶穌教會"},"geometry":{"type":"Point","coordinates":[121.3770793,25.0781492]}},{"type":"Feature","properties":{"label":"學校／幼兒園","group":"生活影響設施","radius":300,"name":"勁寶兒幼稚園、托嬰"},"geometry":{"type":"Point","coordinates":[121.3848248,25.0746511]}},{"type":"Feature","properties":{"label":"夜間娛樂場所","group":"生活影響設施","radius":300,"name":"好樂迪"},"geometry":{"type":"Point","coordinates":[121.4971338,25.0642324]}},{"type":"Feature","properties":{"label":"宗教活動設施","group":"生活影響設施","radius":300,"name":"天主教靈醫會聖嘉民之家"},"geometry":{"type":"Point","coordinates":[121.5417559,25.0275977]}},{"type":"Feature","properties":{"label":"宗教活動設施","group":"生活影響設施","radius":300,"name":"天主教靈醫會會院"},"geometry":{"type":"Point","coordinates":[121.5416843,25.0277115]}},{"type":"Feature","properties":{"label":"夜間娛樂場所","group":"生活影響設施","radius":300,"name":"89 Loop"},"geometry":{"type":"Point","coordinates":[121.5357915,25.0129292]}},{"type":"Feature","properties":{"label":"宗教活動設施","group":"生活影響設施","radius":300,"name":"仁義宮"},"geometry":{"type":"Point","coordinates":[121.417578,24.9796645]}},{"type":"Feature","properties":{"label":"宗教活動設施","group":"生活影響設施","radius":300,"name":"觀音宮"},"geometry":{"type":"Point","coordinates":[121.4172917,24.9795284]}},{"type":"Feature","properties":{"label":"宗教活動設施","group":"生活影響設施","radius":300,"name":"鎮瀾宮"},"geometry":{"type":"Point","coordinates":[121.4168748,24.9793188]}},{"type":"Feature","properties":{"label":"宗教活動設施","group":"生活影響設施","radius":300,"name":"明福宮"},"geometry":{"type":"Point","coordinates":[121.4163928,24.9789217]}},{"type":"Feature","properties":{"label":"宗教活動設施","group":"生活影響設施","radius":300,"name":"醒心宮"},"geometry":{"type":"Point","coordinates":[121.5095356,25.0621042]}},{"type":"Feature","properties":{"label":"宗教活動設施","group":"生活影響設施","radius":300,"name":"福德宮"},"geometry":{"type":"Point","coordinates":[121.5096915,25.0622418]}},{"type":"Feature","properties":{"label":"宗教活動設施","group":"生活影響設施","radius":300,"name":"景美天波府"},"geometry":{"type":"Point","coordinates":[121.5402098,24.9920685]}},{"type":"Feature","properties":{"label":"宗教活動設施","group":"生活影響設施","radius":300,"name":"樹林慈孝宮"},"geometry":{"type":"Point","coordinates":[121.4024996,24.9602211]}},{"type":"Feature","properties":{"label":"宗教活動設施","group":"生活影響設施","radius":300,"name":"士林順天堂"},"geometry":{"type":"Point","coordinates":[121.5261472,25.0984263]}},{"type":"Feature","properties":{"label":"宗教活動設施","group":"生活影響設施","radius":300,"name":"北巡宮"},"geometry":{"type":"Point","coordinates":[121.5175275,25.1113159]}},{"type":"Feature","properties":{"label":"宗教活動設施","group":"生活影響設施","radius":300,"name":"保霞宮"},"geometry":{"type":"Point","coordinates":[121.5312853,25.0585281]}},{"type":"Feature","properties":{"label":"宗教活動設施","group":"生活影響設施","radius":300,"name":"慈德講堂"},"geometry":{"type":"Point","coordinates":[121.5320246,25.0593108]}},{"type":"Feature","properties":{"label":"宗教活動設施","group":"生活影響設施","radius":300,"name":"台北福興宮"},"geometry":{"type":"Point","coordinates":[121.5307236,25.0571266]}},{"type":"Feature","properties":{"label":"宗教活動設施","group":"生活影響設施","radius":300,"name":"玄帝宮"},"geometry":{"type":"Point","coordinates":[121.512472,25.1116573]}},{"type":"Feature","properties":{"label":"宗教活動設施","group":"生活影響設施","radius":300,"name":"法藏寺"},"geometry":{"type":"Point","coordinates":[121.5135699,25.1394512]}},{"type":"Feature","properties":{"label":"宗教活動設施","group":"生活影響設施","radius":300,"name":"中華基督教浸信會真理堂"},"geometry":{"type":"Point","coordinates":[121.5006641,25.1424243]}},{"type":"Feature","properties":{"label":"宗教活動設施","group":"生活影響設施","radius":300,"name":"台北市召會第29,54聚會所"},"geometry":{"type":"Point","coordinates":[121.5406733,24.9967781]}},{"type":"Feature","properties":{"label":"學校／幼兒園","group":"生活影響設施","radius":300,"name":"景新幼兒園"},"geometry":{"type":"Point","coordinates":[121.5420023,24.9900408]}},{"type":"Feature","properties":{"label":"宗教活動設施","group":"生活影響設施","radius":300,"name":"浸信會義美堂"},"geometry":{"type":"Point","coordinates":[121.5437719,24.9911907]}},{"type":"Feature","properties":{"label":"宗教活動設施","group":"生活影響設施","radius":300,"name":"臺北市召會十九會所"},"geometry":{"type":"Point","coordinates":[121.5327103,25.017217]}},{"type":"Feature","properties":{"label":"消防隊","group":"生活影響設施","radius":300,"name":"關渡消防分隊"},"geometry":{"type":"Point","coordinates":[121.4667823,25.1232488]}},{"type":"Feature","properties":{"label":"宗教活動設施","group":"生活影響設施","radius":300,"name":"北投長老教會"},"geometry":{"type":"Point","coordinates":[121.5013661,25.1313618]}},{"type":"Feature","properties":{"label":"宗教活動設施","group":"生活影響設施","radius":300,"name":"自立長老會新北投教會（凱達格蘭族北投社教會）"},"geometry":{"type":"Point","coordinates":[121.4985573,25.1422796]}},{"type":"Feature","properties":{"label":"學校／幼兒園","group":"生活影響設施","radius":300,"name":"婦聯會托兒所"},"geometry":{"type":"Point","coordinates":[121.5041415,25.0326211]}},{"type":"Feature","properties":{"label":"市場／夜市","group":"生活影響設施","radius":300,"name":"物豐餐飲專業"},"geometry":{"type":"Point","coordinates":[121.5096435,25.0589298]}},{"type":"Feature","properties":{"label":"宗教活動設施","group":"生活影響設施","radius":300,"name":"聖明堂"},"geometry":{"type":"Point","coordinates":[121.552857,24.987769]}},{"type":"Feature","properties":{"label":"宗教活動設施","group":"生活影響設施","radius":300,"name":"木柵教會"},"geometry":{"type":"Point","coordinates":[121.5586186,24.9825651]}},{"type":"Feature","properties":{"label":"宗教活動設施","group":"生活影響設施","radius":300,"name":"振聖堂"},"geometry":{"type":"Point","coordinates":[121.5598384,24.9853042]}},{"type":"Feature","properties":{"label":"宗教活動設施","group":"生活影響設施","radius":300,"name":"木柵教會"},"geometry":{"type":"Point","coordinates":[121.5595433,24.9857637]}},{"type":"Feature","properties":{"label":"宗教活動設施","group":"生活影響設施","radius":300,"name":"劍潭浸信會"},"geometry":{"type":"Point","coordinates":[121.5191073,25.0812309]}},{"type":"Feature","properties":{"label":"市場／夜市","group":"生活影響設施","radius":300,"name":"劍潭市場"},"geometry":{"type":"Point","coordinates":[121.5216138,25.0813177]}},{"type":"Feature","properties":{"label":"宗教活動設施","group":"生活影響設施","radius":300,"name":"校園團契"},"geometry":{"type":"Point","coordinates":[121.5331021,25.0155802]}},{"type":"Feature","properties":{"label":"學校／幼兒園","group":"生活影響設施","radius":300,"name":"新北市私立成真幼兒園"},"geometry":{"type":"Point","coordinates":[121.4975547,24.9956148]}},{"type":"Feature","properties":{"label":"市場／夜市","group":"生活影響設施","radius":300,"name":"大都會珠寶古董商場"},"geometry":{"type":"Point","coordinates":[121.533491,25.0607264]}},{"type":"Feature","properties":{"label":"宗教活動設施","group":"生活影響設施","radius":300,"name":"景美福音堂"},"geometry":{"type":"Point","coordinates":[121.5528683,25.0016482]}},{"type":"Feature","properties":{"label":"宗教活動設施","group":"生活影響設施","radius":300,"name":"台北市召會第九聚會所"},"geometry":{"type":"Point","coordinates":[121.5364059,25.0531152]}},{"type":"Feature","properties":{"label":"宗教活動設施","group":"生活影響設施","radius":300,"name":"基督信徒聚集會"},"geometry":{"type":"Point","coordinates":[121.5389646,25.007407]}},{"type":"Feature","properties":{"label":"醫院／急診","group":"生活影響設施","radius":500,"name":"慶生醫院"},"geometry":{"type":"Point","coordinates":[121.5258219,25.0644863]}},{"type":"Feature","properties":{"label":"宗教活動設施","group":"生活影響設施","radius":300,"name":"真耶穌教會景美教會"},"geometry":{"type":"Point","coordinates":[121.5422827,24.995584]}},{"type":"Feature","properties":{"label":"消防隊","group":"生活影響設施","radius":300,"name":"OSM 未命名設施"},"geometry":{"type":"Point","coordinates":[121.5163009,25.0687035]}},{"type":"Feature","properties":{"label":"宗教活動設施","group":"生活影響設施","radius":300,"name":"臺北市召會第三十五聚會所"},"geometry":{"type":"Point","coordinates":[121.5471516,25.0830059]}},{"type":"Feature","properties":{"label":"學校／幼兒園","group":"生活影響設施","radius":300,"name":"安東幼兒園"},"geometry":{"type":"Point","coordinates":[121.5412129,25.0282023]}},{"type":"Feature","properties":{"label":"學校／幼兒園","group":"生活影響設施","radius":300,"name":"文大附幼"},"geometry":{"type":"Point","coordinates":[121.5387082,25.027266]}},{"type":"Feature","properties":{"label":"學校／幼兒園","group":"生活影響設施","radius":300,"name":"何嘉仁文山幼兒園"},"geometry":{"type":"Point","coordinates":[121.5404759,24.9971194]}},{"type":"Feature","properties":{"label":"市場／夜市","group":"生活影響設施","radius":300,"name":"太陽百貨廣場"},"geometry":{"type":"Point","coordinates":[121.5407223,24.9918289]}},{"type":"Feature","properties":{"label":"夜間娛樂場所","group":"生活影響設施","radius":300,"name":"Lucky Strike"},"geometry":{"type":"Point","coordinates":[121.5413758,24.995733]}},{"type":"Feature","properties":{"label":"宗教活動設施","group":"生活影響設施","radius":300,"name":"三樹靈糧福音中心"},"geometry":{"type":"Point","coordinates":[121.3811667,24.9471941]}},{"type":"Feature","properties":{"label":"市場／夜市","group":"生活影響設施","radius":300,"name":"保健路菜市場"},"geometry":{"type":"Point","coordinates":[121.5080039,24.998157]}},{"type":"Feature","properties":{"label":"宗教活動設施","group":"生活影響設施","radius":300,"name":"南松山天主堂"},"geometry":{"type":"Point","coordinates":[121.5686562,25.0507859]}},{"type":"Feature","properties":{"label":"宗教活動設施","group":"生活影響設施","radius":300,"name":"台北市召會第七聚會所11區"},"geometry":{"type":"Point","coordinates":[121.5616211,25.05031]}},{"type":"Feature","properties":{"label":"宗教活動設施","group":"生活影響設施","radius":300,"name":"城光教會"},"geometry":{"type":"Point","coordinates":[121.5216568,25.0581408]}},{"type":"Feature","properties":{"label":"學校／幼兒園","group":"生活影響設施","radius":300,"name":"銘傳國小附設幼兒園"},"geometry":{"type":"Point","coordinates":[121.5362444,25.0138255]}},{"type":"Feature","properties":{"label":"學校／幼兒園","group":"生活影響設施","radius":300,"name":"菁英種子幼兒園"},"geometry":{"type":"Point","coordinates":[121.5339835,25.0402703]}},{"type":"Feature","properties":{"label":"宗教活動設施","group":"生活影響設施","radius":300,"name":"華思堂"},"geometry":{"type":"Point","coordinates":[121.533731,25.0403782]}},{"type":"Feature","properties":{"label":"學校／幼兒園","group":"生活影響設施","radius":300,"name":"菁英幼兒園"},"geometry":{"type":"Point","coordinates":[121.5345904,25.0393434]}},{"type":"Feature","properties":{"label":"夜間娛樂場所","group":"生活影響設施","radius":300,"name":"角落酒吧The Corner One"},"geometry":{"type":"Point","coordinates":[121.5619192,25.0542383]}},{"type":"Feature","properties":{"label":"宗教活動設施","group":"生活影響設施","radius":300,"name":"台北佛教蓮社"},"geometry":{"type":"Point","coordinates":[121.5596359,25.0529185]}},{"type":"Feature","properties":{"label":"宗教活動設施","group":"生活影響設施","radius":300,"name":"卓越北大行道會"},"geometry":{"type":"Point","coordinates":[121.3723728,24.9468883]}},{"type":"Feature","properties":{"label":"學校／幼兒園","group":"生活影響設施","radius":300,"name":"新北市私立瑪莉亞蒙特梭利幼兒園"},"geometry":{"type":"Point","coordinates":[121.3737928,24.9484197]}},{"type":"Feature","properties":{"label":"宗教活動設施","group":"生活影響設施","radius":300,"name":"土地公嗣"},"geometry":{"type":"Point","coordinates":[121.4537982,25.0453476]}},{"type":"Feature","properties":{"label":"學校／幼兒園","group":"生活影響設施","radius":300,"name":"華盛頓幼兒園"},"geometry":{"type":"Point","coordinates":[121.577145,25.0753416]}},{"type":"Feature","properties":{"label":"學校／幼兒園","group":"生活影響設施","radius":300,"name":"飛達幼兒園"},"geometry":{"type":"Point","coordinates":[121.5049894,25.0895198]}},{"type":"Feature","properties":{"label":"宗教活動設施","group":"生活影響設施","radius":300,"name":"景美南聖堂"},"geometry":{"type":"Point","coordinates":[121.5431635,24.9903178]}},{"type":"Feature","properties":{"label":"市場／夜市","group":"生活影響設施","radius":300,"name":"景美市場"},"geometry":{"type":"Point","coordinates":[121.5416987,24.9906941]}},{"type":"Feature","properties":{"label":"學校／幼兒園","group":"生活影響設施","radius":300,"name":"立場幼兒園"},"geometry":{"type":"Point","coordinates":[121.5426756,24.990118]}},{"type":"Feature","properties":{"label":"學校／幼兒園","group":"生活影響設施","radius":300,"name":"好來幼兒園"},"geometry":{"type":"Point","coordinates":[121.5332016,25.1276127]}},{"type":"Feature","properties":{"label":"學校／幼兒園","group":"生活影響設施","radius":300,"name":"道爾敦幼兒園"},"geometry":{"type":"Point","coordinates":[121.5332075,25.127063]}},{"type":"Feature","properties":{"label":"消防隊","group":"生活影響設施","radius":300,"name":"天母消防隊"},"geometry":{"type":"Point","coordinates":[121.5329494,25.1254155]}},{"type":"Feature","properties":{"label":"宗教活動設施","group":"生活影響設施","radius":300,"name":"天母禮拜堂"},"geometry":{"type":"Point","coordinates":[121.5329946,25.1258892]}},{"type":"Feature","properties":{"label":"市場／夜市","group":"生活影響設施","radius":300,"name":"光華玉市"},"geometry":{"type":"Point","coordinates":[121.5332075,25.0447721]}},{"type":"Feature","properties":{"label":"宗教活動設施","group":"生活影響設施","radius":300,"name":"中山靈糧福音中心"},"geometry":{"type":"Point","coordinates":[121.5355255,25.0522435]}},{"type":"Feature","properties":{"label":"宗教活動設施","group":"生活影響設施","radius":300,"name":"長老會七張教會"},"geometry":{"type":"Point","coordinates":[121.5367413,24.974051]}},{"type":"Feature","properties":{"label":"宗教活動設施","group":"生活影響設施","radius":300,"name":"永約教會"},"geometry":{"type":"Point","coordinates":[121.5332756,25.0511448]}},{"type":"Feature","properties":{"label":"夜間娛樂場所","group":"生活影響設施","radius":300,"name":"海峽會"},"geometry":{"type":"Point","coordinates":[121.5495245,25.0544997]}},{"type":"Feature","properties":{"label":"宗教活動設施","group":"生活影響設施","radius":300,"name":"承德宮"},"geometry":{"type":"Point","coordinates":[121.518923,25.0650612]}},{"type":"Feature","properties":{"label":"夜間娛樂場所","group":"生活影響設施","radius":300,"name":"La Petite Chambre"},"geometry":{"type":"Point","coordinates":[121.5479257,25.0312739]}},{"type":"Feature","properties":{"label":"宗教活動設施","group":"生活影響設施","radius":300,"name":"保濟宮"},"geometry":{"type":"Point","coordinates":[121.5066661,25.0301547]}},{"type":"Feature","properties":{"label":"宗教活動設施","group":"生活影響設施","radius":300,"name":"優天宮"},"geometry":{"type":"Point","coordinates":[121.5063618,25.0281135]}},{"type":"Feature","properties":{"label":"宗教活動設施","group":"生活影響設施","radius":300,"name":"六聖宮"},"geometry":{"type":"Point","coordinates":[121.5041638,25.0293911]}},{"type":"Feature","properties":{"label":"宗教活動設施","group":"生活影響設施","radius":300,"name":"南天宮"},"geometry":{"type":"Point","coordinates":[121.5039201,25.02921]}},{"type":"Feature","properties":{"label":"市場／夜市","group":"生活影響設施","radius":300,"name":"南機場市場"},"geometry":{"type":"Point","coordinates":[121.5042966,25.0294434]}},{"type":"Feature","properties":{"label":"宗教活動設施","group":"生活影響設施","radius":300,"name":"天恩堂"},"geometry":{"type":"Point","coordinates":[121.5069309,25.0285358]}},{"type":"Feature","properties":{"label":"夜間娛樂場所","group":"生活影響設施","radius":300,"name":"今夜全民歡唱"},"geometry":{"type":"Point","coordinates":[121.3552758,24.9569463]}},{"type":"Feature","properties":{"label":"消防隊","group":"生活影響設施","radius":300,"name":"義消中崙分隊"},"geometry":{"type":"Point","coordinates":[121.5769494,25.0498357]}},{"type":"Feature","properties":{"label":"宗教活動設施","group":"生活影響設施","radius":300,"name":"景美錫安堂"},"geometry":{"type":"Point","coordinates":[121.5406367,24.991626]}},{"type":"Feature","properties":{"label":"宗教活動設施","group":"生活影響設施","radius":300,"name":"基督教信安純福音教會"},"geometry":{"type":"Point","coordinates":[121.5347756,25.0596702]}},{"type":"Feature","properties":{"label":"學校／幼兒園","group":"生活影響設施","radius":300,"name":"佳安幼兒園"},"geometry":{"type":"Point","coordinates":[121.5530759,25.0201685]}},{"type":"Feature","properties":{"label":"宗教活動設施","group":"生活影響設施","radius":300,"name":"聖明宮"},"geometry":{"type":"Point","coordinates":[121.5520327,25.0199969]}},{"type":"Feature","properties":{"label":"學校／幼兒園","group":"生活影響設施","radius":300,"name":"黃鸝鳥非營利幼兒園"},"geometry":{"type":"Point","coordinates":[121.5360178,25.0137916]}},{"type":"Feature","properties":{"label":"宗教活動設施","group":"生活影響設施","radius":300,"name":"普因精舍"},"geometry":{"type":"Point","coordinates":[121.4539559,25.0016206]}},{"type":"Feature","properties":{"label":"宗教活動設施","group":"生活影響設施","radius":300,"name":"聖成宮"},"geometry":{"type":"Point","coordinates":[121.4536956,25.0034827]}},{"type":"Feature","properties":{"label":"宗教活動設施","group":"生活影響設施","radius":300,"name":"貴格會板城教會"},"geometry":{"type":"Point","coordinates":[121.4515071,24.9964457]}},{"type":"Feature","properties":{"label":"夜間娛樂場所","group":"生活影響設施","radius":300,"name":"掌門精釀啤酒"},"geometry":{"type":"Point","coordinates":[121.5295139,25.0328556]}},{"type":"Feature","properties":{"label":"宗教活動設施","group":"生活影響設施","radius":300,"name":"永安宮"},"geometry":{"type":"Point","coordinates":[121.4033238,24.9443849]}},{"type":"Feature","properties":{"label":"宗教活動設施","group":"生活影響設施","radius":300,"name":"金法林利生佛學中心"},"geometry":{"type":"Point","coordinates":[121.5223992,25.0473674]}},{"type":"Feature","properties":{"label":"宗教活動設施","group":"生活影響設施","radius":300,"name":"臺灣噶舉佛學院 民生中心"},"geometry":{"type":"Point","coordinates":[121.525792,25.058192]}},{"type":"Feature","properties":{"label":"夜間娛樂場所","group":"生活影響設施","radius":300,"name":"Taiwan Beer Bar"},"geometry":{"type":"Point","coordinates":[121.5348701,25.0459764]}},{"type":"Feature","properties":{"label":"夜間娛樂場所","group":"生活影響設施","radius":300,"name":"好樂迪"},"geometry":{"type":"Point","coordinates":[121.4413887,24.9741739]}},{"type":"Feature","properties":{"label":"宗教活動設施","group":"生活影響設施","radius":300,"name":"港仔嘴福德宮"},"geometry":{"type":"Point","coordinates":[121.4821728,25.0270928]}},{"type":"Feature","properties":{"label":"夜間娛樂場所","group":"生活影響設施","radius":300,"name":"好樂迪"},"geometry":{"type":"Point","coordinates":[121.4560976,25.0067618]}},{"type":"Feature","properties":{"label":"宗教活動設施","group":"生活影響設施","radius":300,"name":"板橋浸信會"},"geometry":{"type":"Point","coordinates":[121.456206,25.0064724]}},{"type":"Feature","properties":{"label":"夜間娛樂場所","group":"生活影響設施","radius":300,"name":"James Joyce Irish Bar"},"geometry":{"type":"Point","coordinates":[121.532062,25.0165836]}},{"type":"Feature","properties":{"label":"宗教活動設施","group":"生活影響設施","radius":300,"name":"浸信會義美堂"},"geometry":{"type":"Point","coordinates":[121.5250354,25.0243592]}},{"type":"Feature","properties":{"label":"學校／幼兒園","group":"生活影響設施","radius":300,"name":"懷恩堂幼兒園"},"geometry":{"type":"Point","coordinates":[121.5329002,25.0176308]}},{"type":"Feature","properties":{"label":"學校／幼兒園","group":"生活影響設施","radius":300,"name":"衛理幼兒園"},"geometry":{"type":"Point","coordinates":[121.5331535,25.0398582]}},{"type":"Feature","properties":{"label":"宗教活動設施","group":"生活影響設施","radius":300,"name":"霞海城隍廟"},"geometry":{"type":"Point","coordinates":[121.57022,25.0498845]}},{"type":"Feature","properties":{"label":"夜間娛樂場所","group":"生活影響設施","radius":300,"name":"響"},"geometry":{"type":"Point","coordinates":[121.5253622,25.0513488]}},{"type":"Feature","properties":{"label":"夜間娛樂場所","group":"生活影響設施","radius":300,"name":"Circle Bar"},"geometry":{"type":"Point","coordinates":[121.5387257,25.0076773]}},{"type":"Feature","properties":{"label":"夜間娛樂場所","group":"生活影響設施","radius":300,"name":"Starring Night"},"geometry":{"type":"Point","coordinates":[121.5292873,25.0503854]}},{"type":"Feature","properties":{"label":"學校／幼兒園","group":"生活影響設施","radius":300,"name":"文山懷恩幼兒園"},"geometry":{"type":"Point","coordinates":[121.5492705,25.0045308]}},{"type":"Feature","properties":{"label":"學校／幼兒園","group":"生活影響設施","radius":300,"name":"景美非營利幼兒園"},"geometry":{"type":"Point","coordinates":[121.5514093,25.0013558]}},{"type":"Feature","properties":{"label":"宗教活動設施","group":"生活影響設施","radius":300,"name":"興隆循理會"},"geometry":{"type":"Point","coordinates":[121.5499872,25.0016631]}},{"type":"Feature","properties":{"label":"宗教活動設施","group":"生活影響設施","radius":300,"name":"萬壽宮"},"geometry":{"type":"Point","coordinates":[121.5500873,25.0006688]}},{"type":"Feature","properties":{"label":"夜間娛樂場所","group":"生活影響設施","radius":300,"name":"星聚點"},"geometry":{"type":"Point","coordinates":[121.5442685,25.0484468]}},{"type":"Feature","properties":{"label":"宗教活動設施","group":"生活影響設施","radius":300,"name":"忠義堂"},"geometry":{"type":"Point","coordinates":[121.5457918,25.0651133]}},{"type":"Feature","properties":{"label":"夜間娛樂場所","group":"生活影響設施","radius":300,"name":"銅猴子"},"geometry":{"type":"Point","coordinates":[121.5438236,25.0535816]}},{"type":"Feature","properties":{"label":"夜間娛樂場所","group":"生活影響設施","radius":300,"name":"華僑大舞廳"},"geometry":{"type":"Point","coordinates":[121.5276664,25.0413523]}},{"type":"Feature","properties":{"label":"夜間娛樂場所","group":"生活影響設施","radius":300,"name":"Another Brick"},"geometry":{"type":"Point","coordinates":[121.5283361,25.0194143]}},{"type":"Feature","properties":{"label":"夜間娛樂場所","group":"生活影響設施","radius":300,"name":"琴海卡拉OK"},"geometry":{"type":"Point","coordinates":[121.5414081,25.0025941]}},{"type":"Feature","properties":{"label":"宗教活動設施","group":"生活影響設施","radius":300,"name":"興福巖清水祖師廟"},"geometry":{"type":"Point","coordinates":[121.5418079,25.0028899]}},{"type":"Feature","properties":{"label":"宗教活動設施","group":"生活影響設施","radius":300,"name":"台北受旨宮"},"geometry":{"type":"Point","coordinates":[121.5369084,25.0024229]}},{"type":"Feature","properties":{"label":"宗教活動設施","group":"生活影響設施","radius":300,"name":"盼望教會"},"geometry":{"type":"Point","coordinates":[121.4466712,24.9549213]}},{"type":"Feature","properties":{"label":"學校／幼兒園","group":"生活影響設施","radius":300,"name":"聖約翰幼兒園"},"geometry":{"type":"Point","coordinates":[121.5430738,25.0242729]}},{"type":"Feature","properties":{"label":"宗教活動設施","group":"生活影響設施","radius":300,"name":"慈明堂"},"geometry":{"type":"Point","coordinates":[121.4210417,24.9778598]}},{"type":"Feature","properties":{"label":"宗教活動設施","group":"生活影響設施","radius":300,"name":"三清宮"},"geometry":{"type":"Point","coordinates":[121.4213546,24.9782559]}},{"type":"Feature","properties":{"label":"宗教活動設施","group":"生活影響設施","radius":300,"name":"靈源寺"},"geometry":{"type":"Point","coordinates":[121.5754333,25.0489449]}},{"type":"Feature","properties":{"label":"宗教活動設施","group":"生活影響設施","radius":300,"name":"基督教忠孝神召會"},"geometry":{"type":"Point","coordinates":[121.5391631,25.0434154]}},{"type":"Feature","properties":{"label":"學校／幼兒園","group":"生活影響設施","radius":300,"name":"晨星蒙特梭幼兒園"},"geometry":{"type":"Point","coordinates":[121.5401602,25.05308]}},{"type":"Feature","properties":{"label":"宗教活動設施","group":"生活影響設施","radius":300,"name":"臺北靈糧堂"},"geometry":{"type":"Point","coordinates":[121.5364477,25.0255283]}},{"type":"Feature","properties":{"label":"宗教活動設施","group":"生活影響設施","radius":300,"name":"台北市召會第32，57聚會所"},"geometry":{"type":"Point","coordinates":[121.54022,24.9940257]}},{"type":"Feature","properties":{"label":"宗教活動設施","group":"生活影響設施","radius":300,"name":"南港金山寺"},"geometry":{"type":"Point","coordinates":[121.6140896,25.0508976]}},{"type":"Feature","properties":{"label":"宗教活動設施","group":"生活影響設施","radius":300,"name":"東隆宮"},"geometry":{"type":"Point","coordinates":[121.4245534,24.9881062]}},{"type":"Feature","properties":{"label":"夜間娛樂場所","group":"生活影響設施","radius":300,"name":"Cyntonia's Cafe & Bar"},"geometry":{"type":"Point","coordinates":[121.5435231,25.0493916]}},{"type":"Feature","properties":{"label":"宗教活動設施","group":"生活影響設施","radius":300,"name":"榮耀"},"geometry":{"type":"Point","coordinates":[121.5382148,25.0036393]}},{"type":"Feature","properties":{"label":"宗教活動設施","group":"生活影響設施","radius":300,"name":"雅各堂"},"geometry":{"type":"Point","coordinates":[121.5573208,25.036113]}},{"type":"Feature","properties":{"label":"學校／幼兒園","group":"生活影響設施","radius":300,"name":"光復幼兒園"},"geometry":{"type":"Point","coordinates":[121.5557824,25.0399133]}},{"type":"Feature","properties":{"label":"夜間娛樂場所","group":"生活影響設施","radius":300,"name":"鈞太酒藏"},"geometry":{"type":"Point","coordinates":[121.5551457,25.0381121]}},{"type":"Feature","properties":{"label":"宗教活動設施","group":"生活影響設施","radius":300,"name":"大安車層景福宮"},"geometry":{"type":"Point","coordinates":[121.5539519,25.0441188]}},{"type":"Feature","properties":{"label":"宗教活動設施","group":"生活影響設施","radius":300,"name":"台北市召會第51聚會所"},"geometry":{"type":"Point","coordinates":[121.5402475,25.043726]}},{"type":"Feature","properties":{"label":"宗教活動設施","group":"生活影響設施","radius":300,"name":"永福祠"},"geometry":{"type":"Point","coordinates":[121.5162616,25.1175802]}},{"type":"Feature","properties":{"label":"學校／幼兒園","group":"生活影響設施","radius":300,"name":"華民幼兒園"},"geometry":{"type":"Point","coordinates":[121.5254891,25.1233623]}},{"type":"Feature","properties":{"label":"宗教活動設施","group":"生活影響設施","radius":300,"name":"台北市召會第11聚會所"},"geometry":{"type":"Point","coordinates":[121.5250324,25.0955084]}},{"type":"Feature","properties":{"label":"宗教活動設施","group":"生活影響設施","radius":300,"name":"文林基督教會"},"geometry":{"type":"Point","coordinates":[121.5222224,25.1005391]}},{"type":"Feature","properties":{"label":"宗教活動設施","group":"生活影響設施","radius":300,"name":"榮耀城靈糧堂"},"geometry":{"type":"Point","coordinates":[121.5223443,25.1015885]}},{"type":"Feature","properties":{"label":"學校／幼兒園","group":"生活影響設施","radius":300,"name":"三暉幼兒園"},"geometry":{"type":"Point","coordinates":[121.52575,25.0270378]}},{"type":"Feature","properties":{"label":"宗教活動設施","group":"生活影響設施","radius":300,"name":"榮星長老教會"},"geometry":{"type":"Point","coordinates":[121.5296058,25.0478115]}},{"type":"Feature","properties":{"label":"宗教活動設施","group":"生活影響設施","radius":300,"name":"思恩堂"},"geometry":{"type":"Point","coordinates":[121.5932958,25.0791186]}},{"type":"Feature","properties":{"label":"宗教活動設施","group":"生活影響設施","radius":300,"name":"內湖天主堂"},"geometry":{"type":"Point","coordinates":[121.590119,25.0776896]}},{"type":"Feature","properties":{"label":"宗教活動設施","group":"生活影響設施","radius":300,"name":"思恩堂"},"geometry":{"type":"Point","coordinates":[121.5921774,25.080109]}},{"type":"Feature","properties":{"label":"學校／幼兒園","group":"生活影響設施","radius":300,"name":"獅王兒童學苑"},"geometry":{"type":"Point","coordinates":[121.4175056,24.9774325]}},{"type":"Feature","properties":{"label":"宗教活動設施","group":"生活影響設施","radius":300,"name":"內湖長老教會"},"geometry":{"type":"Point","coordinates":[121.5937463,25.079284]}},{"type":"Feature","properties":{"label":"宗教活動設施","group":"生活影響設施","radius":300,"name":"福德祠"},"geometry":{"type":"Point","coordinates":[121.5963352,25.07823]}},{"type":"Feature","properties":{"label":"宗教活動設施","group":"生活影響設施","radius":300,"name":"姜太公石敢當"},"geometry":{"type":"Point","coordinates":[121.4924535,25.0707953]}},{"type":"Feature","properties":{"label":"軍事設施","group":"生活影響設施","radius":500,"name":"後備軍人服務"},"geometry":{"type":"Point","coordinates":[121.5314662,25.0433619]}},{"type":"Feature","properties":{"label":"學校／幼兒園","group":"生活影響設施","radius":300,"name":"金華國中合作社附設幼兒園"},"geometry":{"type":"Point","coordinates":[121.5316483,25.0302781]}},{"type":"Feature","properties":{"label":"學校／幼兒園","group":"生活影響設施","radius":300,"name":"龍安國小附設幼兒園"},"geometry":{"type":"Point","coordinates":[121.5348351,25.0231138]}},{"type":"Feature","properties":{"label":"夜間娛樂場所","group":"生活影響設施","radius":300,"name":"魯哇克"},"geometry":{"type":"Point","coordinates":[121.505674,25.0317514]}},{"type":"Feature","properties":{"label":"宗教活動設施","group":"生活影響設施","radius":300,"name":"北投聖玄宮"},"geometry":{"type":"Point","coordinates":[121.4808717,25.1365482]}},{"type":"Feature","properties":{"label":"宗教活動設施","group":"生活影響設施","radius":300,"name":"石牌教會"},"geometry":{"type":"Point","coordinates":[121.5193068,25.1096926]}},{"type":"Feature","properties":{"label":"軍事設施","group":"生活影響設施","radius":500,"name":"OSM 未命名設施"},"geometry":{"type":"Point","coordinates":[121.53108,25.092564]}},{"type":"Feature","properties":{"label":"軍事設施","group":"生活影響設施","radius":500,"name":"OSM 未命名設施"},"geometry":{"type":"Point","coordinates":[121.5308216,25.0939103]}},{"type":"Feature","properties":{"label":"宗教活動設施","group":"生活影響設施","radius":300,"name":"順聖宮"},"geometry":{"type":"Point","coordinates":[121.4800149,25.1360681]}},{"type":"Feature","properties":{"label":"宗教活動設施","group":"生活影響設施","radius":300,"name":"三世宮"},"geometry":{"type":"Point","coordinates":[121.5336402,25.0136563]}},{"type":"Feature","properties":{"label":"宗教活動設施","group":"生活影響設施","radius":300,"name":"順安宮法主聖君"},"geometry":{"type":"Point","coordinates":[121.4962652,25.0709458]}},{"type":"Feature","properties":{"label":"學校／幼兒園","group":"生活影響設施","radius":300,"name":"聖心幼稚園"},"geometry":{"type":"Point","coordinates":[121.5147144,25.0575013]}},{"type":"Feature","properties":{"label":"夜間娛樂場所","group":"生活影響設施","radius":300,"name":"Ageha Bar"},"geometry":{"type":"Point","coordinates":[121.5271801,25.0506994]}},{"type":"Feature","properties":{"label":"夜間娛樂場所","group":"生活影響設施","radius":300,"name":"蕃居酒屋"},"geometry":{"type":"Point","coordinates":[121.5272381,25.050577]}},{"type":"Feature","properties":{"label":"宗教活動設施","group":"生活影響設施","radius":300,"name":"萬善堂"},"geometry":{"type":"Point","coordinates":[121.3694147,24.9289536]}},{"type":"Feature","properties":{"label":"夜間娛樂場所","group":"生活影響設施","radius":300,"name":"金傳"},"geometry":{"type":"Point","coordinates":[121.5240953,25.0483547]}},{"type":"Feature","properties":{"label":"通訊塔／基地台","group":"生活影響設施","radius":300,"name":"OSM 未命名設施"},"geometry":{"type":"Point","coordinates":[121.5414748,25.0080864]}},{"type":"Feature","properties":{"label":"宗教活動設施","group":"生活影響設施","radius":300,"name":"臺北市教會第三十九聚會所"},"geometry":{"type":"Point","coordinates":[121.5417554,25.0231404]}},{"type":"Feature","properties":{"label":"宗教活動設施","group":"生活影響設施","radius":300,"name":"更生團契"},"geometry":{"type":"Point","coordinates":[121.5323531,25.0529944]}},{"type":"Feature","properties":{"label":"夜間娛樂場所","group":"生活影響設施","radius":300,"name":"麗緻敦南"},"geometry":{"type":"Point","coordinates":[121.549471,25.0478867]}},{"type":"Feature","properties":{"label":"夜間娛樂場所","group":"生活影響設施","radius":300,"name":"Fourplay Cuisine☆"},"geometry":{"type":"Point","coordinates":[121.5478236,25.0361453]}},{"type":"Feature","properties":{"label":"宗教活動設施","group":"生活影響設施","radius":300,"name":"興龍宮"},"geometry":{"type":"Point","coordinates":[121.5491019,25.0044625]}},{"type":"Feature","properties":{"label":"宗教活動設施","group":"生活影響設施","radius":300,"name":"二十張靈糧福音中心"},"geometry":{"type":"Point","coordinates":[121.5385262,24.9795478]}},{"type":"Feature","properties":{"label":"宗教活動設施","group":"生活影響設施","radius":300,"name":"天月宮"},"geometry":{"type":"Point","coordinates":[121.5592998,25.0322359]}},{"type":"Feature","properties":{"label":"市場／夜市","group":"生活影響設施","radius":300,"name":"新光華商場"},"geometry":{"type":"Point","coordinates":[121.5331492,25.0450093]}},{"type":"Feature","properties":{"label":"宗教活動設施","group":"生活影響設施","radius":300,"name":"景美禮拜堂"},"geometry":{"type":"Point","coordinates":[121.5391562,24.9953925]}},{"type":"Feature","properties":{"label":"夜間娛樂場所","group":"生活影響設施","radius":300,"name":"米凱樂啤酒吧"},"geometry":{"type":"Point","coordinates":[121.5101463,25.0536758]}},{"type":"Feature","properties":{"label":"宗教活動設施","group":"生活影響設施","radius":300,"name":"長老教會北投教會"},"geometry":{"type":"Point","coordinates":[121.5020112,25.1386213]}},{"type":"Feature","properties":{"label":"宗教活動設施","group":"生活影響設施","radius":300,"name":"靈雲天母宮"},"geometry":{"type":"Point","coordinates":[121.5365973,24.9737096]}},{"type":"Feature","properties":{"label":"夜間娛樂場所","group":"生活影響設施","radius":300,"name":"二條通．綠島小夜曲"},"geometry":{"type":"Point","coordinates":[121.521559,25.0488428]}},{"type":"Feature","properties":{"label":"學校／幼兒園","group":"生活影響設施","radius":300,"name":"椰林 幼兒園"},"geometry":{"type":"Point","coordinates":[121.5107961,24.9961962]}},{"type":"Feature","properties":{"label":"學校／幼兒園","group":"生活影響設施","radius":300,"name":"丹力幼兒園"},"geometry":{"type":"Point","coordinates":[121.4896776,25.0678337]}},{"type":"Feature","properties":{"label":"學校／幼兒園","group":"生活影響設施","radius":300,"name":"私立惠文幼稚園"},"geometry":{"type":"Point","coordinates":[121.4272374,25.0233935]}},{"type":"Feature","properties":{"label":"宗教活動設施","group":"生活影響設施","radius":300,"name":"真光福音教會"},"geometry":{"type":"Point","coordinates":[121.5471958,25.025608]}},{"type":"Feature","properties":{"label":"宗教活動設施","group":"生活影響設施","radius":300,"name":"保安宮"},"geometry":{"type":"Point","coordinates":[121.4306765,24.9630058]}},{"type":"Feature","properties":{"label":"宗教活動設施","group":"生活影響設施","radius":300,"name":"福德宮"},"geometry":{"type":"Point","coordinates":[121.4305906,24.9627894]}},{"type":"Feature","properties":{"label":"學校／幼兒園","group":"生活影響設施","radius":300,"name":"幼兒園"},"geometry":{"type":"Point","coordinates":[121.429785,24.9630888]}},{"type":"Feature","properties":{"label":"宗教活動設施","group":"生活影響設施","radius":300,"name":"北門教會"},"geometry":{"type":"Point","coordinates":[121.5195379,25.0498076]}},{"type":"Feature","properties":{"label":"學校／幼兒園","group":"生活影響設施","radius":300,"name":"台北市私立德星幼稚園"},"geometry":{"type":"Point","coordinates":[121.5160582,25.0557476]}},{"type":"Feature","properties":{"label":"宗教活動設施","group":"生活影響設施","radius":300,"name":"長春路狐仙廟"},"geometry":{"type":"Point","coordinates":[121.5261921,25.0550377]}},{"type":"Feature","properties":{"label":"市場／夜市","group":"生活影響設施","radius":300,"name":"三興市場"},"geometry":{"type":"Point","coordinates":[121.5610962,25.0290294]}},{"type":"Feature","properties":{"label":"夜間娛樂場所","group":"生活影響設施","radius":300,"name":"Tapas Bar"},"geometry":{"type":"Point","coordinates":[121.5197491,25.0264027]}},{"type":"Feature","properties":{"label":"宗教活動設施","group":"生活影響設施","radius":300,"name":"華陀門弘道院"},"geometry":{"type":"Point","coordinates":[121.5447959,24.9914415]}},{"type":"Feature","properties":{"label":"宗教活動設施","group":"生活影響設施","radius":300,"name":"聖方濟沙勿教會"},"geometry":{"type":"Point","coordinates":[121.5381546,25.0061162]}},{"type":"Feature","properties":{"label":"宗教活動設施","group":"生活影響設施","radius":300,"name":"伯特利教會"},"geometry":{"type":"Point","coordinates":[121.5414162,25.0481934]}},{"type":"Feature","properties":{"label":"宗教活動設施","group":"生活影響設施","radius":300,"name":"信義會恩光堂"},"geometry":{"type":"Point","coordinates":[121.5441351,25.0368868]}},{"type":"Feature","properties":{"label":"宗教活動設施","group":"生活影響設施","radius":300,"name":"西新福德宮"},"geometry":{"type":"Point","coordinates":[121.584409,25.0526211]}},{"type":"Feature","properties":{"label":"宗教活動設施","group":"生活影響設施","radius":300,"name":"南園教會"},"geometry":{"type":"Point","coordinates":[121.6124035,25.0557687]}},{"type":"Feature","properties":{"label":"學校／幼兒園","group":"生活影響設施","radius":300,"name":"華北神學院"},"geometry":{"type":"Point","coordinates":[121.5510571,25.0242723]}},{"type":"Feature","properties":{"label":"宗教活動設施","group":"生活影響設施","radius":300,"name":"比珥信心教會"},"geometry":{"type":"Point","coordinates":[121.56124,25.0305999]}},{"type":"Feature","properties":{"label":"宗教活動設施","group":"生活影響設施","radius":300,"name":"北極順天宮"},"geometry":{"type":"Point","coordinates":[121.5621957,25.0273375]}},{"type":"Feature","properties":{"label":"市場／夜市","group":"生活影響設施","radius":300,"name":"吳興商圈"},"geometry":{"type":"Point","coordinates":[121.5629691,25.0279405]}},{"type":"Feature","properties":{"label":"夜間娛樂場所","group":"生活影響設施","radius":300,"name":"松江會館"},"geometry":{"type":"Point","coordinates":[121.5327177,25.0540578]}},{"type":"Feature","properties":{"label":"夜間娛樂場所","group":"生活影響設施","radius":300,"name":"沙羅"},"geometry":{"type":"Point","coordinates":[121.5328617,25.0562847]}},{"type":"Feature","properties":{"label":"宗教活動設施","group":"生活影響設施","radius":300,"name":"台北振天宮"},"geometry":{"type":"Point","coordinates":[121.5451531,25.0568625]}},{"type":"Feature","properties":{"label":"宗教活動設施","group":"生活影響設施","radius":300,"name":"臺北神的教會"},"geometry":{"type":"Point","coordinates":[121.5445455,25.0553759]}},{"type":"Feature","properties":{"label":"宗教活動設施","group":"生活影響設施","radius":300,"name":"赤峰街教會"},"geometry":{"type":"Point","coordinates":[121.5194274,25.0541776]}},{"type":"Feature","properties":{"label":"夜間娛樂場所","group":"生活影響設施","radius":300,"name":"Box"},"geometry":{"type":"Point","coordinates":[121.5230208,25.0266971]}},{"type":"Feature","properties":{"label":"宗教活動設施","group":"生活影響設施","radius":300,"name":"浸宣大安教會"},"geometry":{"type":"Point","coordinates":[121.5446948,25.0311393]}},{"type":"Feature","properties":{"label":"宗教活動設施","group":"生活影響設施","radius":300,"name":"循禮會台北教會"},"geometry":{"type":"Point","coordinates":[121.5458512,25.0359333]}},{"type":"Feature","properties":{"label":"宗教活動設施","group":"生活影響設施","radius":300,"name":"信德堂"},"geometry":{"type":"Point","coordinates":[121.5482961,25.0339813]}},{"type":"Feature","properties":{"label":"宗教活動設施","group":"生活影響設施","radius":300,"name":"廣嚴閣"},"geometry":{"type":"Point","coordinates":[121.5144986,25.0686924]}},{"type":"Feature","properties":{"label":"夜間娛樂場所","group":"生活影響設施","radius":300,"name":"Old Bridge"},"geometry":{"type":"Point","coordinates":[121.5414784,24.988406]}},{"type":"Feature","properties":{"label":"宗教活動設施","group":"生活影響設施","radius":300,"name":"應善壇"},"geometry":{"type":"Point","coordinates":[121.5415735,24.9890382]}},{"type":"Feature","properties":{"label":"夜間娛樂場所","group":"生活影響設施","radius":300,"name":"一起鬼混去"},"geometry":{"type":"Point","coordinates":[121.5414209,24.9894333]}},{"type":"Feature","properties":{"label":"宗教活動設施","group":"生活影響設施","radius":300,"name":"意鑾宮"},"geometry":{"type":"Point","coordinates":[121.5173759,25.0174425]}},{"type":"Feature","properties":{"label":"夜間娛樂場所","group":"生活影響設施","radius":300,"name":"星聚點"},"geometry":{"type":"Point","coordinates":[121.5052517,25.0430346]}},{"type":"Feature","properties":{"label":"市場／夜市","group":"生活影響設施","radius":300,"name":"OSM 未命名設施"},"geometry":{"type":"Point","coordinates":[121.5558536,25.024089]}},{"type":"Feature","properties":{"label":"宗教活動設施","group":"生活影響設施","radius":300,"name":"中和員山廣福宮"},"geometry":{"type":"Point","coordinates":[121.4766369,25.0031117]}},{"type":"Feature","properties":{"label":"夜間娛樂場所","group":"生活影響設施","radius":300,"name":"The garden"},"geometry":{"type":"Point","coordinates":[121.5066762,25.0418312]}},{"type":"Feature","properties":{"label":"宗教活動設施","group":"生活影響設施","radius":300,"name":"中華基督教會公理堂"},"geometry":{"type":"Point","coordinates":[121.5249836,25.0544721]}},{"type":"Feature","properties":{"label":"夜間娛樂場所","group":"生活影響設施","radius":300,"name":"45 酒吧 Bar"},"geometry":{"type":"Point","coordinates":[121.5241037,25.027154]}},{"type":"Feature","properties":{"label":"夜間娛樂場所","group":"生活影響設施","radius":300,"name":"Revolver"},"geometry":{"type":"Point","coordinates":[121.5174376,25.0342656]}},{"type":"Feature","properties":{"label":"市場／夜市","group":"生活影響設施","radius":300,"name":"OSM 未命名設施"},"geometry":{"type":"Point","coordinates":[121.5785904,25.080369]}},{"type":"Feature","properties":{"label":"夜間娛樂場所","group":"生活影響設施","radius":300,"name":"樂聚坊"},"geometry":{"type":"Point","coordinates":[121.5265091,25.0933745]}},{"type":"Feature","properties":{"label":"夜間娛樂場所","group":"生活影響設施","radius":300,"name":"Le Zinc 洛 Cafe & Bar"},"geometry":{"type":"Point","coordinates":[121.5104529,25.0559604]}},{"type":"Feature","properties":{"label":"夜間娛樂場所","group":"生活影響設施","radius":300,"name":"The Oasis Tavern"},"geometry":{"type":"Point","coordinates":[121.5571682,25.0286494]}},{"type":"Feature","properties":{"label":"醫院／急診","group":"生活影響設施","radius":500,"name":"中祥醫院附設居家護理所"},"geometry":{"type":"Point","coordinates":[121.5020088,25.0032083]}},{"type":"Feature","properties":{"label":"學校／幼兒園","group":"生活影響設施","radius":300,"name":"森寶幼兒園"},"geometry":{"type":"Point","coordinates":[121.51253,24.9961204]}},{"type":"Feature","properties":{"label":"宗教活動設施","group":"生活影響設施","radius":300,"name":"台北朝天宮"},"geometry":{"type":"Point","coordinates":[121.4946904,25.0295005]}},{"type":"Feature","properties":{"label":"宗教活動設施","group":"生活影響設施","radius":300,"name":"法鼓山泰山共修處"},"geometry":{"type":"Point","coordinates":[121.4328749,25.0575638]}},{"type":"Feature","properties":{"label":"軍事設施","group":"生活影響設施","radius":500,"name":"萊茵哨"},"geometry":{"type":"Point","coordinates":[121.5226211,24.981892]}},{"type":"Feature","properties":{"label":"宗教活動設施","group":"生活影響設施","radius":300,"name":"無極慈音宮"},"geometry":{"type":"Point","coordinates":[121.5419483,24.9950492]}},{"type":"Feature","properties":{"label":"宗教活動設施","group":"生活影響設施","radius":300,"name":"生命樹教會"},"geometry":{"type":"Point","coordinates":[121.5383578,25.004091]}},{"type":"Feature","properties":{"label":"宗教活動設施","group":"生活影響設施","radius":300,"name":"普照精舍"},"geometry":{"type":"Point","coordinates":[121.5409861,25.0040492]}},{"type":"Feature","properties":{"label":"宗教活動設施","group":"生活影響設施","radius":300,"name":"新店蕭府王爺廟"},"geometry":{"type":"Point","coordinates":[121.5344734,24.9778849]}},{"type":"Feature","properties":{"label":"宗教活動設施","group":"生活影響設施","radius":300,"name":"慈天宮"},"geometry":{"type":"Point","coordinates":[121.5383178,24.9756905]}},{"type":"Feature","properties":{"label":"宗教活動設施","group":"生活影響設施","radius":300,"name":"紫霞堂"},"geometry":{"type":"Point","coordinates":[121.5378366,24.9752189]}},{"type":"Feature","properties":{"label":"學校／幼兒園","group":"生活影響設施","radius":300,"name":"莘莘幼兒園"},"geometry":{"type":"Point","coordinates":[121.5384955,24.9748365]}},{"type":"Feature","properties":{"label":"宗教活動設施","group":"生活影響設施","radius":300,"name":"玄天上帝壇"},"geometry":{"type":"Point","coordinates":[121.542628,24.9804754]}},{"type":"Feature","properties":{"label":"宗教活動設施","group":"生活影響設施","radius":300,"name":"三聖堂"},"geometry":{"type":"Point","coordinates":[121.5434196,24.9846175]}},{"type":"Feature","properties":{"label":"宗教活動設施","group":"生活影響設施","radius":300,"name":"五府宮"},"geometry":{"type":"Point","coordinates":[121.5428062,24.9857148]}},{"type":"Feature","properties":{"label":"市場／夜市","group":"生活影響設施","radius":300,"name":"OSM 未命名設施"},"geometry":{"type":"Point","coordinates":[121.5306544,24.9739854]}},{"type":"Feature","properties":{"label":"宗教活動設施","group":"生活影響設施","radius":300,"name":"保安宮"},"geometry":{"type":"Point","coordinates":[121.5325788,24.9768662]}},{"type":"Feature","properties":{"label":"宗教活動設施","group":"生活影響設施","radius":300,"name":"路德會信義堂"},"geometry":{"type":"Point","coordinates":[121.5424727,24.9731209]}},{"type":"Feature","properties":{"label":"夜間娛樂場所","group":"生活影響設施","radius":300,"name":"OSM 未命名設施"},"geometry":{"type":"Point","coordinates":[121.5318005,25.0194425]}},{"type":"Feature","properties":{"label":"宗教活動設施","group":"生活影響設施","radius":300,"name":"白靈宮"},"geometry":{"type":"Point","coordinates":[121.5330302,25.021834]}},{"type":"Feature","properties":{"label":"宗教活動設施","group":"生活影響設施","radius":300,"name":"OSM 未命名設施"},"geometry":{"type":"Point","coordinates":[121.5344369,25.0125089]}},{"type":"Feature","properties":{"label":"宗教活動設施","group":"生活影響設施","radius":300,"name":"地府陰公廟"},"geometry":{"type":"Point","coordinates":[121.5236609,25.0278332]}},{"type":"Feature","properties":{"label":"宗教活動設施","group":"生活影響設施","radius":300,"name":"行道會法國號教會"},"geometry":{"type":"Point","coordinates":[121.5214172,25.0279197]}},{"type":"Feature","properties":{"label":"宗教活動設施","group":"生活影響設施","radius":300,"name":"南清宮"},"geometry":{"type":"Point","coordinates":[121.5146914,25.0164229]}},{"type":"Feature","properties":{"label":"宗教活動設施","group":"生活影響設施","radius":300,"name":"安和宮"},"geometry":{"type":"Point","coordinates":[121.5138975,25.0149124]}},{"type":"Feature","properties":{"label":"夜間娛樂場所","group":"生活影響設施","radius":300,"name":"ROZY ROCKER"},"geometry":{"type":"Point","coordinates":[121.5321914,25.0265645]}},{"type":"Feature","properties":{"label":"市場／夜市","group":"生活影響設施","radius":300,"name":"新北投文創天地"},"geometry":{"type":"Point","coordinates":[121.5025557,25.1369168]}},{"type":"Feature","properties":{"label":"宗教活動設施","group":"生活影響設施","radius":300,"name":"集福宮"},"geometry":{"type":"Point","coordinates":[121.503358,25.1319013]}},{"type":"Feature","properties":{"label":"宗教活動設施","group":"生活影響設施","radius":300,"name":"台北市召會第十二聚會所"},"geometry":{"type":"Point","coordinates":[121.5040151,25.1326975]}},{"type":"Feature","properties":{"label":"宗教活動設施","group":"生活影響設施","radius":300,"name":"信望愛聖教會北投會堂"},"geometry":{"type":"Point","coordinates":[121.4984839,25.1330552]}},{"type":"Feature","properties":{"label":"宗教活動設施","group":"生活影響設施","radius":300,"name":"正一斗壇"},"geometry":{"type":"Point","coordinates":[121.5564392,25.0491189]}},{"type":"Feature","properties":{"label":"宗教活動設施","group":"生活影響設施","radius":300,"name":"福德宮"},"geometry":{"type":"Point","coordinates":[121.562946,25.0493306]}},{"type":"Feature","properties":{"label":"市場／夜市","group":"生活影響設施","radius":300,"name":"武昌商場"},"geometry":{"type":"Point","coordinates":[121.5394106,25.0425146]}},{"type":"Feature","properties":{"label":"夜間娛樂場所","group":"生活影響設施","radius":300,"name":"馬路酒廠"},"geometry":{"type":"Point","coordinates":[121.5502205,25.0220082]}},{"type":"Feature","properties":{"label":"宗教活動設施","group":"生活影響設施","radius":300,"name":"貴格會基督教華美堂"},"geometry":{"type":"Point","coordinates":[121.5497982,25.0225526]}},{"type":"Feature","properties":{"label":"宗教活動設施","group":"生活影響設施","radius":300,"name":"幸安福德宮"},"geometry":{"type":"Point","coordinates":[121.5307081,25.0402262]}},{"type":"Feature","properties":{"label":"夜間娛樂場所","group":"生活影響設施","radius":300,"name":"OSM 未命名設施"},"geometry":{"type":"Point","coordinates":[121.5548818,25.0261415]}},{"type":"Feature","properties":{"label":"宗教活動設施","group":"生活影響設施","radius":300,"name":"浸信會宣恩堂"},"geometry":{"type":"Point","coordinates":[121.562953,25.0277794]}},{"type":"Feature","properties":{"label":"宗教活動設施","group":"生活影響設施","radius":300,"name":"台灣基督長老教會安和教會"},"geometry":{"type":"Point","coordinates":[121.5501369,25.0340787]}},{"type":"Feature","properties":{"label":"宗教活動設施","group":"生活影響設施","radius":300,"name":"福義宮"},"geometry":{"type":"Point","coordinates":[121.5392346,25.0667435]}},{"type":"Feature","properties":{"label":"宗教活動設施","group":"生活影響設施","radius":300,"name":"伏羲廟"},"geometry":{"type":"Point","coordinates":[121.5444099,25.0635626]}},{"type":"Feature","properties":{"label":"學校／幼兒園","group":"生活影響設施","radius":300,"name":"建國幼兒園"},"geometry":{"type":"Point","coordinates":[121.5363029,25.0526267]}},{"type":"Feature","properties":{"label":"宗教活動設施","group":"生活影響設施","radius":300,"name":"臺灣長老會台北復興教會"},"geometry":{"type":"Point","coordinates":[121.5472093,25.0491755]}},{"type":"Feature","properties":{"label":"宗教活動設施","group":"生活影響設施","radius":300,"name":"浸信會潮恩堂"},"geometry":{"type":"Point","coordinates":[121.5551495,25.0289003]}},{"type":"Feature","properties":{"label":"宗教活動設施","group":"生活影響設施","radius":300,"name":"紫竹堂"},"geometry":{"type":"Point","coordinates":[121.5555391,25.028826]}},{"type":"Feature","properties":{"label":"宗教活動設施","group":"生活影響設施","radius":300,"name":"聖靈宮"},"geometry":{"type":"Point","coordinates":[121.5561134,25.0290222]}},{"type":"Feature","properties":{"label":"市場／夜市","group":"生活影響設施","radius":300,"name":"坡心市場"},"geometry":{"type":"Point","coordinates":[121.5550161,25.0303187]}},{"type":"Feature","properties":{"label":"宗教活動設施","group":"生活影響設施","radius":300,"name":"通化福德宮"},"geometry":{"type":"Point","coordinates":[121.5549036,25.0310614]}},{"type":"Feature","properties":{"label":"宗教活動設施","group":"生活影響設施","radius":300,"name":"三聖宮"},"geometry":{"type":"Point","coordinates":[121.5558374,25.0317621]}},{"type":"Feature","properties":{"label":"宗教活動設施","group":"生活影響設施","radius":300,"name":"玄天宮"},"geometry":{"type":"Point","coordinates":[121.5148111,25.0624405]}},{"type":"Feature","properties":{"label":"宗教活動設施","group":"生活影響設施","radius":300,"name":"蓬萊廟"},"geometry":{"type":"Point","coordinates":[121.5145513,25.0623823]}},{"type":"Feature","properties":{"label":"宗教活動設施","group":"生活影響設施","radius":300,"name":"基督教新生教團重慶教會"},"geometry":{"type":"Point","coordinates":[121.5157963,25.0626041]}},{"type":"Feature","properties":{"label":"宗教活動設施","group":"生活影響設施","radius":300,"name":"地藏王廟"},"geometry":{"type":"Point","coordinates":[121.5165204,25.0655785]}},{"type":"Feature","properties":{"label":"宗教活動設施","group":"生活影響設施","radius":300,"name":"大同靈糧福音中心"},"geometry":{"type":"Point","coordinates":[121.5186011,25.0662249]}},{"type":"Feature","properties":{"label":"宗教活動設施","group":"生活影響設施","radius":300,"name":"台灣長老教會圓山教會"},"geometry":{"type":"Point","coordinates":[121.5180891,25.0651619]}},{"type":"Feature","properties":{"label":"宗教活動設施","group":"生活影響設施","radius":300,"name":"主滿教會"},"geometry":{"type":"Point","coordinates":[121.5138774,25.0429015]}},{"type":"Feature","properties":{"label":"宗教活動設施","group":"生活影響設施","radius":300,"name":"榮光小組教會"},"geometry":{"type":"Point","coordinates":[121.5125322,25.0421589]}},{"type":"Feature","properties":{"label":"宗教活動設施","group":"生活影響設施","radius":300,"name":"北安宮"},"geometry":{"type":"Point","coordinates":[121.5016118,25.029791]}},{"type":"Feature","properties":{"label":"消防隊","group":"生活影響設施","radius":300,"name":"義消延平分隊"},"geometry":{"type":"Point","coordinates":[121.5091819,25.0604049]}},{"type":"Feature","properties":{"label":"宗教活動設施","group":"生活影響設施","radius":300,"name":"台北真道教會"},"geometry":{"type":"Point","coordinates":[121.5081149,25.0431753]}},{"type":"Feature","properties":{"label":"宗教活動設施","group":"生活影響設施","radius":300,"name":"龍雲寺"},"geometry":{"type":"Point","coordinates":[121.5107167,25.064072]}},{"type":"Feature","properties":{"label":"宗教活動設施","group":"生活影響設施","radius":300,"name":"靈聖宮"},"geometry":{"type":"Point","coordinates":[121.5103238,25.0649627]}},{"type":"Feature","properties":{"label":"宗教活動設施","group":"生活影響設施","radius":300,"name":"廣信府"},"geometry":{"type":"Point","coordinates":[121.5102736,25.0659692]}},{"type":"Feature","properties":{"label":"宗教活動設施","group":"生活影響設施","radius":300,"name":"華興教會"},"geometry":{"type":"Point","coordinates":[121.5011106,25.0305413]}},{"type":"Feature","properties":{"label":"宗教活動設施","group":"生活影響設施","radius":300,"name":"建龍宮"},"geometry":{"type":"Point","coordinates":[121.5014161,25.0309998]}},{"type":"Feature","properties":{"label":"夜間娛樂場所","group":"生活影響設施","radius":300,"name":"1978壹酒柒吧燒烤海鮮酒吧"},"geometry":{"type":"Point","coordinates":[121.5518621,25.0447419]}},{"type":"Feature","properties":{"label":"消防隊","group":"生活影響設施","radius":300,"name":"新北市政府消防局第三大隊重陽分隊"},"geometry":{"type":"Point","coordinates":[121.4868956,25.0608899]}},{"type":"Feature","properties":{"label":"夜間娛樂場所","group":"生活影響設施","radius":300,"name":"麵屋壹慶"},"geometry":{"type":"Point","coordinates":[121.524365,25.0661471]}},{"type":"Feature","properties":{"label":"夜間娛樂場所","group":"生活影響設施","radius":300,"name":"OSM 未命名設施"},"geometry":{"type":"Point","coordinates":[121.5237416,25.0662412]}},{"type":"Feature","properties":{"label":"消防隊","group":"生活影響設施","radius":300,"name":"消防局後港小隊"},"geometry":{"type":"Point","coordinates":[121.518156,25.0871481]}},{"type":"Feature","properties":{"label":"市場／夜市","group":"生活影響設施","radius":300,"name":"北投區公有市場"},"geometry":{"type":"Point","coordinates":[121.5025828,25.1322649]}},{"type":"Feature","properties":{"label":"宗教活動設施","group":"生活影響設施","radius":300,"name":"吉祥四面佛"},"geometry":{"type":"Point","coordinates":[121.5243261,25.0582172]}},{"type":"Feature","properties":{"label":"宗教活動設施","group":"生活影響設施","radius":300,"name":"無極天公廟"},"geometry":{"type":"Point","coordinates":[121.4173459,24.9792815]}},{"type":"Feature","properties":{"label":"醫院／急診","group":"生活影響設施","radius":500,"name":"培靈醫院"},"geometry":{"type":"Point","coordinates":[121.5683513,25.0493566]}},{"type":"Feature","properties":{"label":"學校／幼兒園","group":"生活影響設施","radius":300,"name":"北投幼兒園"},"geometry":{"type":"Point","coordinates":[121.5226008,25.113251]}},{"type":"Feature","properties":{"label":"宗教活動設施","group":"生活影響設施","radius":300,"name":"珠聖宮"},"geometry":{"type":"Point","coordinates":[121.4984359,25.0357737]}},{"type":"Feature","properties":{"label":"宗教活動設施","group":"生活影響設施","radius":300,"name":"清蓮宮"},"geometry":{"type":"Point","coordinates":[121.498537,25.035152]}},{"type":"Feature","properties":{"label":"宗教活動設施","group":"生活影響設施","radius":300,"name":"普崴宮"},"geometry":{"type":"Point","coordinates":[121.4969259,25.0309484]}},{"type":"Feature","properties":{"label":"宗教活動設施","group":"生活影響設施","radius":300,"name":"耶穌救主堂"},"geometry":{"type":"Point","coordinates":[121.5054854,25.0384837]}},{"type":"Feature","properties":{"label":"宗教活動設施","group":"生活影響設施","radius":300,"name":"艋舺協天宮"},"geometry":{"type":"Point","coordinates":[121.5037742,25.039242]}},{"type":"Feature","properties":{"label":"宗教活動設施","group":"生活影響設施","radius":300,"name":"復興宮"},"geometry":{"type":"Point","coordinates":[121.5035421,25.0397422]}},{"type":"Feature","properties":{"label":"宗教活動設施","group":"生活影響設施","radius":300,"name":"金義宮"},"geometry":{"type":"Point","coordinates":[121.4975666,25.0383509]}},{"type":"Feature","properties":{"label":"宗教活動設施","group":"生活影響設施","radius":300,"name":"艋舺大眾爺廟"},"geometry":{"type":"Point","coordinates":[121.500834,25.0369094]}},{"type":"Feature","properties":{"label":"宗教活動設施","group":"生活影響設施","radius":300,"name":"信心聖經教會"},"geometry":{"type":"Point","coordinates":[121.5038245,25.0351144]}},{"type":"Feature","properties":{"label":"學校／幼兒園","group":"生活影響設施","radius":300,"name":"忠義國小附設幼稚園"},"geometry":{"type":"Point","coordinates":[121.5062549,25.0297485]}},{"type":"Feature","properties":{"label":"宗教活動設施","group":"生活影響設施","radius":300,"name":"新店市召會建國路會所"},"geometry":{"type":"Point","coordinates":[121.5402297,24.9744354]}},{"type":"Feature","properties":{"label":"市場／夜市","group":"生活影響設施","radius":300,"name":"成功商場"},"geometry":{"type":"Point","coordinates":[121.5266233,25.0007653]}},{"type":"Feature","properties":{"label":"宗教活動設施","group":"生活影響設施","radius":300,"name":"OSM 未命名設施"},"geometry":{"type":"Point","coordinates":[121.5265216,24.9987878]}},{"type":"Feature","properties":{"label":"宗教活動設施","group":"生活影響設施","radius":300,"name":"聖安宮"},"geometry":{"type":"Point","coordinates":[121.5486706,24.9850314]}},{"type":"Feature","properties":{"label":"學校／幼兒園","group":"生活影響設施","radius":300,"name":"大成幼兒園"},"geometry":{"type":"Point","coordinates":[121.5277302,25.023594]}},{"type":"Feature","properties":{"label":"學校／幼兒園","group":"生活影響設施","radius":300,"name":"寶血幼兒園"},"geometry":{"type":"Point","coordinates":[121.5300819,25.0218057]}},{"type":"Feature","properties":{"label":"市場／夜市","group":"生活影響設施","radius":300,"name":"泰順街市場"},"geometry":{"type":"Point","coordinates":[121.5316095,25.0248381]}},{"type":"Feature","properties":{"label":"夜間娛樂場所","group":"生活影響設施","radius":300,"name":"23 Public"},"geometry":{"type":"Point","coordinates":[121.5318493,25.0213988]}},{"type":"Feature","properties":{"label":"宗教活動設施","group":"生活影響設施","radius":300,"name":"基督教靈友堂"},"geometry":{"type":"Point","coordinates":[121.5322123,25.0227728]}},{"type":"Feature","properties":{"label":"宗教活動設施","group":"生活影響設施","radius":300,"name":"耶和華見證人王國聚會所舊址"},"geometry":{"type":"Point","coordinates":[121.5321299,25.023421]}},{"type":"Feature","properties":{"label":"宗教活動設施","group":"生活影響設施","radius":300,"name":"禮賢會台北堂"},"geometry":{"type":"Point","coordinates":[121.5213834,25.0279657]}},{"type":"Feature","properties":{"label":"宗教活動設施","group":"生活影響設施","radius":300,"name":"台北錫安堂"},"geometry":{"type":"Point","coordinates":[121.5193805,25.0286249]}},{"type":"Feature","properties":{"label":"宗教活動設施","group":"生活影響設施","radius":300,"name":"路德會永生堂"},"geometry":{"type":"Point","coordinates":[121.5213718,25.0295342]}},{"type":"Feature","properties":{"label":"宗教活動設施","group":"生活影響設施","radius":300,"name":"康華禮拜堂"},"geometry":{"type":"Point","coordinates":[121.5230734,25.0266418]}},{"type":"Feature","properties":{"label":"夜間娛樂場所","group":"生活影響設施","radius":300,"name":"皇廷會所"},"geometry":{"type":"Point","coordinates":[121.5357854,25.0516738]}},{"type":"Feature","properties":{"label":"夜間娛樂場所","group":"生活影響設施","radius":300,"name":"mousse"},"geometry":{"type":"Point","coordinates":[121.5576114,25.0301663]}},{"type":"Feature","properties":{"label":"宗教活動設施","group":"生活影響設施","radius":300,"name":"境靈廟"},"geometry":{"type":"Point","coordinates":[121.5715436,25.0447036]}},{"type":"Feature","properties":{"label":"宗教活動設施","group":"生活影響設施","radius":300,"name":"台北市召會第五聚會所"},"geometry":{"type":"Point","coordinates":[121.5724574,25.0440618]}},{"type":"Feature","properties":{"label":"宗教活動設施","group":"生活影響設施","radius":300,"name":"台北新城市教會"},"geometry":{"type":"Point","coordinates":[121.572337,25.0429732]}},{"type":"Feature","properties":{"label":"宗教活動設施","group":"生活影響設施","radius":300,"name":"授天宮"},"geometry":{"type":"Point","coordinates":[121.5736908,25.0422377]}},{"type":"Feature","properties":{"label":"夜間娛樂場所","group":"生活影響設施","radius":300,"name":"OSM 未命名設施"},"geometry":{"type":"Point","coordinates":[121.557533,25.0512574]}},{"type":"Feature","properties":{"label":"宗教活動設施","group":"生活影響設施","radius":300,"name":"信望愛台北教會"},"geometry":{"type":"Point","coordinates":[121.5759197,25.0439821]}},{"type":"Feature","properties":{"label":"宗教活動設施","group":"生活影響設施","radius":300,"name":"真耶穌教會"},"geometry":{"type":"Point","coordinates":[121.5674481,25.0511004]}},{"type":"Feature","properties":{"label":"宗教活動設施","group":"生活影響設施","radius":300,"name":"松山福德宮"},"geometry":{"type":"Point","coordinates":[121.5741992,25.0503161]}},{"type":"Feature","properties":{"label":"宗教活動設施","group":"生活影響設施","radius":300,"name":"永安教會"},"geometry":{"type":"Point","coordinates":[121.56959,25.045484]}},{"type":"Feature","properties":{"label":"宗教活動設施","group":"生活影響設施","radius":300,"name":"松山禮拜堂"},"geometry":{"type":"Point","coordinates":[121.5694537,25.0465066]}},{"type":"Feature","properties":{"label":"宗教活動設施","group":"生活影響設施","radius":300,"name":"楊和堂"},"geometry":{"type":"Point","coordinates":[121.57053,25.0464238]}},{"type":"Feature","properties":{"label":"宗教活動設施","group":"生活影響設施","radius":300,"name":"貴吾堂"},"geometry":{"type":"Point","coordinates":[121.5711872,25.0476536]}},{"type":"Feature","properties":{"label":"宗教活動設施","group":"生活影響設施","radius":300,"name":"雅祥宮"},"geometry":{"type":"Point","coordinates":[121.5703829,25.0480127]}},{"type":"Feature","properties":{"label":"宗教活動設施","group":"生活影響設施","radius":300,"name":"惠佑宮"},"geometry":{"type":"Point","coordinates":[121.5698853,25.0480269]}},{"type":"Feature","properties":{"label":"宗教活動設施","group":"生活影響設施","radius":300,"name":"忠義宮"},"geometry":{"type":"Point","coordinates":[121.5694519,25.048456]}},{"type":"Feature","properties":{"label":"宗教活動設施","group":"生活影響設施","radius":300,"name":"松山靈糧福音中心"},"geometry":{"type":"Point","coordinates":[121.5573313,25.0512514]}},{"type":"Feature","properties":{"label":"夜間娛樂場所","group":"生活影響設施","radius":300,"name":"OMNI Night Club"},"geometry":{"type":"Point","coordinates":[121.5514138,25.0418237]}},{"type":"Feature","properties":{"label":"宗教活動設施","group":"生活影響設施","radius":300,"name":"佛天宮"},"geometry":{"type":"Point","coordinates":[121.5521798,25.022185]}},{"type":"Feature","properties":{"label":"宗教活動設施","group":"生活影響設施","radius":300,"name":"臺北市召會第十六聚會所"},"geometry":{"type":"Point","coordinates":[121.5524837,25.0216597]}},{"type":"Feature","properties":{"label":"宗教活動設施","group":"生活影響設施","radius":300,"name":"安順宮"},"geometry":{"type":"Point","coordinates":[121.5543855,25.0231435]}},{"type":"Feature","properties":{"label":"宗教活動設施","group":"生活影響設施","radius":300,"name":"救世軍台北中央堂"},"geometry":{"type":"Point","coordinates":[121.5476832,25.026351]}},{"type":"Feature","properties":{"label":"宗教活動設施","group":"生活影響設施","radius":300,"name":"台北神的教會"},"geometry":{"type":"Point","coordinates":[121.5510943,25.0527938]}},{"type":"Feature","properties":{"label":"學校／幼兒園","group":"生活影響設施","radius":300,"name":"耕心幼兒園"},"geometry":{"type":"Point","coordinates":[121.5510395,25.0534081]}},{"type":"Feature","properties":{"label":"學校／幼兒園","group":"生活影響設施","radius":300,"name":"賀瑞幼兒園"},"geometry":{"type":"Point","coordinates":[121.5510264,25.0531973]}},{"type":"Feature","properties":{"label":"夜間娛樂場所","group":"生活影響設施","radius":300,"name":"Ninja"},"geometry":{"type":"Point","coordinates":[121.5551149,25.0415896]}},{"type":"Feature","properties":{"label":"宗教活動設施","group":"生活影響設施","radius":300,"name":"門若會光復教會"},"geometry":{"type":"Point","coordinates":[121.5571653,25.0461782]}},{"type":"Feature","properties":{"label":"學校／幼兒園","group":"生活影響設施","radius":300,"name":"優寶幼兒園"},"geometry":{"type":"Point","coordinates":[121.5549622,25.0528126]}},{"type":"Feature","properties":{"label":"學校／幼兒園","group":"生活影響設施","radius":300,"name":"純青幼兒園"},"geometry":{"type":"Point","coordinates":[121.5541632,25.0546871]}},{"type":"Feature","properties":{"label":"宗教活動設施","group":"生活影響設施","radius":300,"name":"基督教宏恩堂"},"geometry":{"type":"Point","coordinates":[121.5536249,25.0529654]}},{"type":"Feature","properties":{"label":"宗教活動設施","group":"生活影響設施","radius":300,"name":"台灣長老教會金陵教會"},"geometry":{"type":"Point","coordinates":[121.554277,25.052739]}},{"type":"Feature","properties":{"label":"宗教活動設施","group":"生活影響設施","radius":300,"name":"中華之後天主堂"},"geometry":{"type":"Point","coordinates":[121.5547432,25.0525498]}},{"type":"Feature","properties":{"label":"宗教活動設施","group":"生活影響設施","radius":300,"name":"劍童宮"},"geometry":{"type":"Point","coordinates":[121.5564425,25.0483994]}},{"type":"Feature","properties":{"label":"夜間娛樂場所","group":"生活影響設施","radius":300,"name":"Dancing Elephant"},"geometry":{"type":"Point","coordinates":[121.5610292,25.0471119]}},{"type":"Feature","properties":{"label":"夜間娛樂場所","group":"生活影響設施","radius":300,"name":"The Speakeasy Bar"},"geometry":{"type":"Point","coordinates":[121.5572543,25.0345615]}},{"type":"Feature","properties":{"label":"宗教活動設施","group":"生活影響設施","radius":300,"name":"仁慈宮"},"geometry":{"type":"Point","coordinates":[121.5457246,25.0338687]}},{"type":"Feature","properties":{"label":"夜間娛樂場所","group":"生活影響設施","radius":300,"name":"王牌 巴賽隆納"},"geometry":{"type":"Point","coordinates":[121.5597491,25.0337237]}},{"type":"Feature","properties":{"label":"宗教活動設施","group":"生活影響設施","radius":300,"name":"松山聖龍宮"},"geometry":{"type":"Point","coordinates":[121.5886042,25.0489336]}},{"type":"Feature","properties":{"label":"宗教活動設施","group":"生活影響設施","radius":300,"name":"恩友中心南港教會"},"geometry":{"type":"Point","coordinates":[121.6132402,25.0530225]}},{"type":"Feature","properties":{"label":"宗教活動設施","group":"生活影響設施","radius":300,"name":"內湖靈糧福音中心"},"geometry":{"type":"Point","coordinates":[121.5906897,25.0811811]}},{"type":"Feature","properties":{"label":"宗教活動設施","group":"生活影響設施","radius":300,"name":"永靜廟"},"geometry":{"type":"Point","coordinates":[121.5214165,25.0605434]}},{"type":"Feature","properties":{"label":"宗教活動設施","group":"生活影響設施","radius":300,"name":"九府先師普惠堂"},"geometry":{"type":"Point","coordinates":[121.5206065,25.060617]}},{"type":"Feature","properties":{"label":"宗教活動設施","group":"生活影響設施","radius":300,"name":"四平街愛神"},"geometry":{"type":"Point","coordinates":[121.5343674,25.053686]}},{"type":"Feature","properties":{"label":"宗教活動設施","group":"生活影響設施","radius":300,"name":"中和乾元宮"},"geometry":{"type":"Point","coordinates":[121.4959969,25.0065343]}},{"type":"Feature","properties":{"label":"宗教活動設施","group":"生活影響設施","radius":300,"name":"林口天主堂"},"geometry":{"type":"Point","coordinates":[121.3760798,25.0672214]}},{"type":"Feature","properties":{"label":"宗教活動設施","group":"生活影響設施","radius":300,"name":"大直長老教會"},"geometry":{"type":"Point","coordinates":[121.5491675,25.0843683]}},{"type":"Feature","properties":{"label":"宗教活動設施","group":"生活影響設施","radius":300,"name":"神召會中心"},"geometry":{"type":"Point","coordinates":[121.5239307,25.0550618]}},{"type":"Feature","properties":{"label":"宗教活動設施","group":"生活影響設施","radius":300,"name":"台北基督四方教會"},"geometry":{"type":"Point","coordinates":[121.5265754,25.0578455]}},{"type":"Feature","properties":{"label":"消防隊","group":"生活影響設施","radius":300,"name":"義消圓山分隊"},"geometry":{"type":"Point","coordinates":[121.5276049,25.0597259]}},{"type":"Feature","properties":{"label":"宗教活動設施","group":"生活影響設施","radius":300,"name":"台北協天殿"},"geometry":{"type":"Point","coordinates":[121.5247702,25.0619775]}},{"type":"Feature","properties":{"label":"宗教活動設施","group":"生活影響設施","radius":300,"name":"創價學會"},"geometry":{"type":"Point","coordinates":[121.5248183,25.0612996]}},{"type":"Feature","properties":{"label":"宗教活動設施","group":"生活影響設施","radius":300,"name":"台北神愛教會"},"geometry":{"type":"Point","coordinates":[121.5244741,25.0613067]}},{"type":"Feature","properties":{"label":"夜間娛樂場所","group":"生活影響設施","radius":300,"name":"川普會館"},"geometry":{"type":"Point","coordinates":[121.5245575,25.0604137]}},{"type":"Feature","properties":{"label":"夜間娛樂場所","group":"生活影響設施","radius":300,"name":"啤酒調酒"},"geometry":{"type":"Point","coordinates":[121.5055267,25.0468046]}},{"type":"Feature","properties":{"label":"夜間娛樂場所","group":"生活影響設施","radius":300,"name":"Commander"},"geometry":{"type":"Point","coordinates":[121.5078354,25.0461649]}},{"type":"Feature","properties":{"label":"夜間娛樂場所","group":"生活影響設施","radius":300,"name":"The 58 bar"},"geometry":{"type":"Point","coordinates":[121.5072363,25.046442]}},{"type":"Feature","properties":{"label":"宗教活動設施","group":"生活影響設施","radius":300,"name":"愛侶灣四面佛"},"geometry":{"type":"Point","coordinates":[121.5303789,25.0593552]}},{"type":"Feature","properties":{"label":"宗教活動設施","group":"生活影響設施","radius":300,"name":"中庒仔福德宮"},"geometry":{"type":"Point","coordinates":[121.5291228,25.059485]}},{"type":"Feature","properties":{"label":"宗教活動設施","group":"生活影響設施","radius":300,"name":"四面佛佛臨舍"},"geometry":{"type":"Point","coordinates":[121.5267828,25.0578826]}},{"type":"Feature","properties":{"label":"宗教活動設施","group":"生活影響設施","radius":300,"name":"養興堂"},"geometry":{"type":"Point","coordinates":[121.5265809,25.0556712]}},{"type":"Feature","properties":{"label":"宗教活動設施","group":"生活影響設施","radius":300,"name":"蘇姑娘廟"},"geometry":{"type":"Point","coordinates":[121.5270763,25.0551201]}},{"type":"Feature","properties":{"label":"宗教活動設施","group":"生活影響設施","radius":300,"name":"台灣基督長老教會民生教會"},"geometry":{"type":"Point","coordinates":[121.5286943,25.0575339]}},{"type":"Feature","properties":{"label":"宗教活動設施","group":"生活影響設施","radius":300,"name":"士林丞漢恩堂"},"geometry":{"type":"Point","coordinates":[121.527958,25.0968444]}},{"type":"Feature","properties":{"label":"宗教活動設施","group":"生活影響設施","radius":300,"name":"基督教恩友中心"},"geometry":{"type":"Point","coordinates":[121.5206597,25.0490786]}},{"type":"Feature","properties":{"label":"宗教活動設施","group":"生活影響設施","radius":300,"name":"台北市召會第四聚會所"},"geometry":{"type":"Point","coordinates":[121.5201246,25.0513464]}},{"type":"Feature","properties":{"label":"市場／夜市","group":"生活影響設施","radius":300,"name":"西寧市場"},"geometry":{"type":"Point","coordinates":[121.5072903,25.0484517]}},{"type":"Feature","properties":{"label":"宗教活動設施","group":"生活影響設施","radius":300,"name":"台北新福宮"},"geometry":{"type":"Point","coordinates":[121.5261696,25.0562546]}},{"type":"Feature","properties":{"label":"宗教活動設施","group":"生活影響設施","radius":300,"name":"順天宮"},"geometry":{"type":"Point","coordinates":[121.5239515,25.0636677]}},{"type":"Feature","properties":{"label":"宗教活動設施","group":"生活影響設施","radius":300,"name":"士林真理堂"},"geometry":{"type":"Point","coordinates":[121.5269492,25.0980543]}},{"type":"Feature","properties":{"label":"宗教活動設施","group":"生活影響設施","radius":300,"name":"陽明淨信會"},"geometry":{"type":"Point","coordinates":[121.5254706,25.1060624]}},{"type":"Feature","properties":{"label":"宗教活動設施","group":"生活影響設施","radius":300,"name":"新林福德宮"},"geometry":{"type":"Point","coordinates":[121.396977,25.0683179]}},{"type":"Feature","properties":{"label":"夜間娛樂場所","group":"生活影響設施","radius":300,"name":"7th Japanese Bar"},"geometry":{"type":"Point","coordinates":[121.5265229,25.0504653]}},{"type":"Feature","properties":{"label":"夜間娛樂場所","group":"生活影響設施","radius":300,"name":"三重奏比特司"},"geometry":{"type":"Point","coordinates":[121.5285695,25.0429934]}},{"type":"Feature","properties":{"label":"宗教活動設施","group":"生活影響設施","radius":300,"name":"基督教台灣貴格會石牌合一堂"},"geometry":{"type":"Point","coordinates":[121.5137848,25.1120554]}},{"type":"Feature","properties":{"label":"夜間娛樂場所","group":"生活影響設施","radius":300,"name":"軍火庫精釀啤酒"},"geometry":{"type":"Point","coordinates":[121.5156823,25.0539057]}},{"type":"Feature","properties":{"label":"夜間娛樂場所","group":"生活影響設施","radius":300,"name":"隱寺餐酒館"},"geometry":{"type":"Point","coordinates":[121.5580716,25.0316683]}},{"type":"Feature","properties":{"label":"夜間娛樂場所","group":"生活影響設施","radius":300,"name":"燒肉居酒屋"},"geometry":{"type":"Point","coordinates":[121.5274572,25.1189503]}},{"type":"Feature","properties":{"label":"宗教活動設施","group":"生活影響設施","radius":300,"name":"如觀顯密佛學中心"},"geometry":{"type":"Point","coordinates":[121.5275193,25.1192073]}},{"type":"Feature","properties":{"label":"夜間娛樂場所","group":"生活影響設施","radius":300,"name":"東海萊姆園organic lime"},"geometry":{"type":"Point","coordinates":[121.5294367,25.1185289]}},{"type":"Feature","properties":{"label":"學校／幼兒園","group":"生活影響設施","radius":300,"name":"志光數位學院 三峽分校"},"geometry":{"type":"Point","coordinates":[121.3726248,24.9431719]}},{"type":"Feature","properties":{"label":"宗教活動設施","group":"生活影響設施","radius":300,"name":"新北市召會第7會所"},"geometry":{"type":"Point","coordinates":[121.3727613,24.9427462]}},{"type":"Feature","properties":{"label":"學校／幼兒園","group":"生活影響設施","radius":300,"name":"幼兒園區"},"geometry":{"type":"Point","coordinates":[121.3765991,24.9416809]}},{"type":"Feature","properties":{"label":"夜間娛樂場所","group":"生活影響設施","radius":300,"name":"108悅情"},"geometry":{"type":"Point","coordinates":[121.5209648,25.104202]}},{"type":"Feature","properties":{"label":"夜間娛樂場所","group":"生活影響設施","radius":300,"name":"綠門 Green Door bar"},"geometry":{"type":"Point","coordinates":[121.5235037,25.0666156]}},{"type":"Feature","properties":{"label":"學校／幼兒園","group":"生活影響設施","radius":300,"name":"台北市私立佳嬰幼兒園"},"geometry":{"type":"Point","coordinates":[121.5255781,25.0916871]}},{"type":"Feature","properties":{"label":"軍事設施","group":"生活影響設施","radius":500,"name":"國軍福利站"},"geometry":{"type":"Point","coordinates":[121.5518087,25.0233797]}},{"type":"Feature","properties":{"label":"學校／幼兒園","group":"生活影響設施","radius":300,"name":"台北市翰諾幼兒園"},"geometry":{"type":"Point","coordinates":[121.5271184,25.1073634]}},{"type":"Feature","properties":{"label":"宗教活動設施","group":"生活影響設施","radius":300,"name":"昭安宮"},"geometry":{"type":"Point","coordinates":[121.4921723,25.0540286]}},{"type":"Feature","properties":{"label":"宗教活動設施","group":"生活影響設施","radius":300,"name":"大橋教會"},"geometry":{"type":"Point","coordinates":[121.5096693,25.0650804]}},{"type":"Feature","properties":{"label":"宗教活動設施","group":"生活影響設施","radius":300,"name":"OSM 未命名設施"},"geometry":{"type":"Point","coordinates":[121.5125748,24.9876552]}},{"type":"Feature","properties":{"label":"夜間娛樂場所","group":"生活影響設施","radius":300,"name":"MUD"},"geometry":{"type":"Point","coordinates":[121.5229898,25.0557351]}},{"type":"Feature","properties":{"label":"宗教活動設施","group":"生活影響設施","radius":300,"name":"雙和真理堂"},"geometry":{"type":"Point","coordinates":[121.5121225,24.9861945]}},{"type":"Feature","properties":{"label":"夜間娛樂場所","group":"生活影響設施","radius":300,"name":"OSM 未命名設施"},"geometry":{"type":"Point","coordinates":[121.52752,25.0495946]}},{"type":"Feature","properties":{"label":"夜間娛樂場所","group":"生活影響設施","radius":300,"name":"OSM 未命名設施"},"geometry":{"type":"Point","coordinates":[121.5297404,25.02915]}},{"type":"Feature","properties":{"label":"夜間娛樂場所","group":"生活影響設施","radius":300,"name":"搖滾熱炒100"},"geometry":{"type":"Point","coordinates":[121.5525604,25.0407213]}},{"type":"Feature","properties":{"label":"夜間娛樂場所","group":"生活影響設施","radius":300,"name":"OSM 未命名設施"},"geometry":{"type":"Point","coordinates":[121.5569915,25.0372308]}},{"type":"Feature","properties":{"label":"宗教活動設施","group":"生活影響設施","radius":300,"name":"古亭耶穌聖心堂"},"geometry":{"type":"Point","coordinates":[121.5288552,25.0188247]}},{"type":"Feature","properties":{"label":"市場／夜市","group":"生活影響設施","radius":300,"name":"中崙市場"},"geometry":{"type":"Point","coordinates":[121.5526141,25.0480098]}},{"type":"Feature","properties":{"label":"宗教活動設施","group":"生活影響設施","radius":300,"name":"福樹宮"},"geometry":{"type":"Point","coordinates":[121.5966814,25.079976]}},{"type":"Feature","properties":{"label":"宗教活動設施","group":"生活影響設施","radius":300,"name":"神的家基督教會"},"geometry":{"type":"Point","coordinates":[121.5919898,25.0857832]}},{"type":"Feature","properties":{"label":"宗教活動設施","group":"生活影響設施","radius":300,"name":"中和福祥宮"},"geometry":{"type":"Point","coordinates":[121.5009772,25.003472]}},{"type":"Feature","properties":{"label":"夜間娛樂場所","group":"生活影響設施","radius":300,"name":"OSM 未命名設施"},"geometry":{"type":"Point","coordinates":[121.5060708,25.0419544]}},{"type":"Feature","properties":{"label":"夜間娛樂場所","group":"生活影響設施","radius":300,"name":"余韻"},"geometry":{"type":"Point","coordinates":[121.5453059,25.0460572]}},{"type":"Feature","properties":{"label":"學校／幼兒園","group":"生活影響設施","radius":300,"name":"內湖親子館暨托嬰中心"},"geometry":{"type":"Point","coordinates":[121.5753138,25.0802854]}},{"type":"Feature","properties":{"label":"學校／幼兒園","group":"生活影響設施","radius":300,"name":"小伊園幼兒園"},"geometry":{"type":"Point","coordinates":[121.5351632,25.0497749]}},{"type":"Feature","properties":{"label":"宗教活動設施","group":"生活影響設施","radius":300,"name":"順安宮"},"geometry":{"type":"Point","coordinates":[121.5685703,25.0444755]}},{"type":"Feature","properties":{"label":"宗教活動設施","group":"生活影響設施","radius":300,"name":"聖福道場"},"geometry":{"type":"Point","coordinates":[121.5374044,24.9948953]}},{"type":"Feature","properties":{"label":"夜間娛樂場所","group":"生活影響設施","radius":300,"name":"Alchemy"},"geometry":{"type":"Point","coordinates":[121.5629129,25.0325524]}},{"type":"Feature","properties":{"label":"夜間娛樂場所","group":"生活影響設施","radius":300,"name":"Yummy Yum好吃好吃"},"geometry":{"type":"Point","coordinates":[121.5354128,25.0129665]}},{"type":"Feature","properties":{"label":"宗教活動設施","group":"生活影響設施","radius":300,"name":"忠孝教會"},"geometry":{"type":"Point","coordinates":[121.5808102,25.0442933]}},{"type":"Feature","properties":{"label":"宗教活動設施","group":"生活影響設施","radius":300,"name":"玉聖宮"},"geometry":{"type":"Point","coordinates":[121.5079338,24.9965796]}},{"type":"Feature","properties":{"label":"宗教活動設施","group":"生活影響設施","radius":300,"name":"濟世宮"},"geometry":{"type":"Point","coordinates":[121.5067134,24.9972827]}},{"type":"Feature","properties":{"label":"宗教活動設施","group":"生活影響設施","radius":300,"name":"配天宮"},"geometry":{"type":"Point","coordinates":[121.5090546,24.9982418]}},{"type":"Feature","properties":{"label":"宗教活動設施","group":"生活影響設施","radius":300,"name":"中和錫安堂"},"geometry":{"type":"Point","coordinates":[121.5068952,24.9980558]}},{"type":"Feature","properties":{"label":"宗教活動設施","group":"生活影響設施","radius":300,"name":"松山代天府"},"geometry":{"type":"Point","coordinates":[121.5806418,25.0439188]}},{"type":"Feature","properties":{"label":"宗教活動設施","group":"生活影響設施","radius":300,"name":"松山大梵天王四面佛"},"geometry":{"type":"Point","coordinates":[121.58143,25.0437788]}},{"type":"Feature","properties":{"label":"學校／幼兒園","group":"生活影響設施","radius":300,"name":"何嘉仁士林幼兒園"},"geometry":{"type":"Point","coordinates":[121.5291111,25.0962348]}},{"type":"Feature","properties":{"label":"宗教活動設施","group":"生活影響設施","radius":300,"name":"宜興福德宮"},"geometry":{"type":"Point","coordinates":[121.6230976,25.0404769]}},{"type":"Feature","properties":{"label":"宗教活動設施","group":"生活影響設施","radius":300,"name":"南天宮"},"geometry":{"type":"Point","coordinates":[121.6249646,25.0404559]}},{"type":"Feature","properties":{"label":"宗教活動設施","group":"生活影響設施","radius":300,"name":"聖文宮"},"geometry":{"type":"Point","coordinates":[121.6249752,25.0407702]}},{"type":"Feature","properties":{"label":"學校／幼兒園","group":"生活影響設施","radius":300,"name":"天道幼兒園"},"geometry":{"type":"Point","coordinates":[121.5242539,25.0956986]}},{"type":"Feature","properties":{"label":"宗教活動設施","group":"生活影響設施","radius":300,"name":"大直福音教會"},"geometry":{"type":"Point","coordinates":[121.5457287,25.0825113]}},{"type":"Feature","properties":{"label":"夜間娛樂場所","group":"生活影響設施","radius":300,"name":"OSM 未命名設施"},"geometry":{"type":"Point","coordinates":[121.5141091,25.0465323]}},{"type":"Feature","properties":{"label":"軍事設施","group":"生活影響設施","radius":500,"name":"社區巡邏隊休息室"},"geometry":{"type":"Point","coordinates":[121.5239988,24.9952568]}},{"type":"Feature","properties":{"label":"夜間娛樂場所","group":"生活影響設施","radius":300,"name":"OSM 未命名設施"},"geometry":{"type":"Point","coordinates":[121.5469126,25.0436094]}},{"type":"Feature","properties":{"label":"學校／幼兒園","group":"生活影響設施","radius":300,"name":"傳動幼兒園"},"geometry":{"type":"Point","coordinates":[121.5178006,25.0003064]}},{"type":"Feature","properties":{"label":"宗教活動設施","group":"生活影響設施","radius":300,"name":"耶和華見證人"},"geometry":{"type":"Point","coordinates":[121.4987683,25.0028709]}},{"type":"Feature","properties":{"label":"宗教活動設施","group":"生活影響設施","radius":300,"name":"台北市召會第十七聚會所"},"geometry":{"type":"Point","coordinates":[121.5426761,25.0339867]}},{"type":"Feature","properties":{"label":"宗教活動設施","group":"生活影響設施","radius":300,"name":"台北護靈宮"},"geometry":{"type":"Point","coordinates":[121.5422416,25.0294786]}},{"type":"Feature","properties":{"label":"宗教活動設施","group":"生活影響設施","radius":300,"name":"OSM 未命名設施"},"geometry":{"type":"Point","coordinates":[121.5441486,25.0292161]}},{"type":"Feature","properties":{"label":"夜間娛樂場所","group":"生活影響設施","radius":300,"name":"Dick Place"},"geometry":{"type":"Point","coordinates":[121.5439837,25.0307921]}},{"type":"Feature","properties":{"label":"宗教活動設施","group":"生活影響設施","radius":300,"name":"錦玄宮"},"geometry":{"type":"Point","coordinates":[121.508341,24.993859]}},{"type":"Feature","properties":{"label":"宗教活動設施","group":"生活影響設施","radius":300,"name":"廣福宮"},"geometry":{"type":"Point","coordinates":[121.4993007,25.140565]}},{"type":"Feature","properties":{"label":"宗教活動設施","group":"生活影響設施","radius":300,"name":"崇玄堂"},"geometry":{"type":"Point","coordinates":[121.5167633,25.0166652]}},{"type":"Feature","properties":{"label":"夜間娛樂場所","group":"生活影響設施","radius":300,"name":"流民棧"},"geometry":{"type":"Point","coordinates":[121.5154517,25.0157319]}},{"type":"Feature","properties":{"label":"夜間娛樂場所","group":"生活影響設施","radius":300,"name":"The Hammer"},"geometry":{"type":"Point","coordinates":[121.5152156,25.0147305]}},{"type":"Feature","properties":{"label":"夜間娛樂場所","group":"生活影響設施","radius":300,"name":"OSM 未命名設施"},"geometry":{"type":"Point","coordinates":[121.5540408,25.0411]}},{"type":"Feature","properties":{"label":"夜間娛樂場所","group":"生活影響設施","radius":300,"name":"OSM 未命名設施"},"geometry":{"type":"Point","coordinates":[121.54472,25.0390465]}},{"type":"Feature","properties":{"label":"軍事設施","group":"生活影響設施","radius":500,"name":"廢棄碉堡"},"geometry":{"type":"Point","coordinates":[121.427655,25.1843703]}},{"type":"Feature","properties":{"label":"宗教活動設施","group":"生活影響設施","radius":300,"name":"台灣基督長老會士林教會"},"geometry":{"type":"Point","coordinates":[121.5233105,25.0940425]}},{"type":"Feature","properties":{"label":"宗教活動設施","group":"生活影響設施","radius":300,"name":"門諾會大同教會"},"geometry":{"type":"Point","coordinates":[121.5155804,25.0706365]}},{"type":"Feature","properties":{"label":"宗教活動設施","group":"生活影響設施","radius":300,"name":"龍安宮"},"geometry":{"type":"Point","coordinates":[121.5154852,25.0698299]}},{"type":"Feature","properties":{"label":"宗教活動設施","group":"生活影響設施","radius":300,"name":"順天府"},"geometry":{"type":"Point","coordinates":[121.5169229,25.0664953]}},{"type":"Feature","properties":{"label":"宗教活動設施","group":"生活影響設施","radius":300,"name":"蓮興宮"},"geometry":{"type":"Point","coordinates":[121.516833,25.0664965]}},{"type":"Feature","properties":{"label":"宗教活動設施","group":"生活影響設施","radius":300,"name":"民聖堂"},"geometry":{"type":"Point","coordinates":[121.5167311,25.0664953]}},{"type":"Feature","properties":{"label":"宗教活動設施","group":"生活影響設施","radius":300,"name":"朝安宮"},"geometry":{"type":"Point","coordinates":[121.5168062,25.0662973]}},{"type":"Feature","properties":{"label":"宗教活動設施","group":"生活影響設施","radius":300,"name":"澤安宮"},"geometry":{"type":"Point","coordinates":[121.5167123,25.0663009]}},{"type":"Feature","properties":{"label":"宗教活動設施","group":"生活影響設施","radius":300,"name":"民族教會"},"geometry":{"type":"Point","coordinates":[121.5144753,25.0690743]}},{"type":"Feature","properties":{"label":"宗教活動設施","group":"生活影響設施","radius":300,"name":"北安府"},"geometry":{"type":"Point","coordinates":[121.5167083,25.0665925]}},{"type":"Feature","properties":{"label":"宗教活動設施","group":"生活影響設施","radius":300,"name":"台北行天府"},"geometry":{"type":"Point","coordinates":[121.5162724,25.0662584]}},{"type":"Feature","properties":{"label":"宗教活動設施","group":"生活影響設施","radius":300,"name":"景福宮"},"geometry":{"type":"Point","coordinates":[121.5158111,25.0662317]}},{"type":"Feature","properties":{"label":"宗教活動設施","group":"生活影響設施","radius":300,"name":"報安堂"},"geometry":{"type":"Point","coordinates":[121.5152559,25.0668294]}},{"type":"Feature","properties":{"label":"宗教活動設施","group":"生活影響設施","radius":300,"name":"五龍宮"},"geometry":{"type":"Point","coordinates":[121.5154758,25.0669752]}},{"type":"Feature","properties":{"label":"宗教活動設施","group":"生活影響設施","radius":300,"name":"太子壜"},"geometry":{"type":"Point","coordinates":[121.514757,25.0677988]}},{"type":"Feature","properties":{"label":"宗教活動設施","group":"生活影響設施","radius":300,"name":"文殊哥薩耶佛學講堂"},"geometry":{"type":"Point","coordinates":[121.5263987,25.0389644]}},{"type":"Feature","properties":{"label":"宗教活動設施","group":"生活影響設施","radius":300,"name":"永福慈惠堂"},"geometry":{"type":"Point","coordinates":[121.4781675,25.0756199]}},{"type":"Feature","properties":{"label":"宗教活動設施","group":"生活影響設施","radius":300,"name":"福德宮"},"geometry":{"type":"Point","coordinates":[121.475781,25.0745032]}},{"type":"Feature","properties":{"label":"宗教活動設施","group":"生活影響設施","radius":300,"name":"玄武宮"},"geometry":{"type":"Point","coordinates":[121.5426975,25.0015723]}},{"type":"Feature","properties":{"label":"宗教活動設施","group":"生活影響設施","radius":300,"name":"客家教會"},"geometry":{"type":"Point","coordinates":[121.5307334,25.0187726]}},{"type":"Feature","properties":{"label":"宗教活動設施","group":"生活影響設施","radius":300,"name":"博愛手語教會"},"geometry":{"type":"Point","coordinates":[121.531048,25.0191765]}},{"type":"Feature","properties":{"label":"宗教活動設施","group":"生活影響設施","radius":300,"name":"台北市召會十三/四十三會所"},"geometry":{"type":"Point","coordinates":[121.5419565,24.997426]}},{"type":"Feature","properties":{"label":"宗教活動設施","group":"生活影響設施","radius":300,"name":"三清宮"},"geometry":{"type":"Point","coordinates":[121.4261506,25.0252354]}},{"type":"Feature","properties":{"label":"夜間娛樂場所","group":"生活影響設施","radius":300,"name":"比爾與莉莉"},"geometry":{"type":"Point","coordinates":[121.5440735,25.0419224]}},{"type":"Feature","properties":{"label":"夜間娛樂場所","group":"生活影響設施","radius":300,"name":"壹號會所"},"geometry":{"type":"Point","coordinates":[121.54404,25.041892]}},{"type":"Feature","properties":{"label":"學校／幼兒園","group":"生活影響設施","radius":300,"name":"一二三幼兒園"},"geometry":{"type":"Point","coordinates":[121.6544255,25.063274]}},{"type":"Feature","properties":{"label":"夜間娛樂場所","group":"生活影響設施","radius":300,"name":"草御殿"},"geometry":{"type":"Point","coordinates":[121.5092022,25.0629275]}},{"type":"Feature","properties":{"label":"醫院／急診","group":"生活影響設施","radius":500,"name":"中英醫院"},"geometry":{"type":"Point","coordinates":[121.4662163,25.0198152]}},{"type":"Feature","properties":{"label":"宗教活動設施","group":"生活影響設施","radius":300,"name":"大墓公廟"},"geometry":{"type":"Point","coordinates":[121.4406838,25.1747135]}},{"type":"Feature","properties":{"label":"夜間娛樂場所","group":"生活影響設施","radius":300,"name":"南京三渣"},"geometry":{"type":"Point","coordinates":[121.5567254,25.0522159]}},{"type":"Feature","properties":{"label":"夜間娛樂場所","group":"生活影響設施","radius":300,"name":"小地方"},"geometry":{"type":"Point","coordinates":[121.524099,25.0225187]}},{"type":"Feature","properties":{"label":"夜間娛樂場所","group":"生活影響設施","radius":300,"name":"派對走掉酒品信用合作社"},"geometry":{"type":"Point","coordinates":[121.5454752,25.0559995]}},{"type":"Feature","properties":{"label":"宗教活動設施","group":"生活影響設施","radius":300,"name":"松江路長老教會"},"geometry":{"type":"Point","coordinates":[121.532882,25.0575383]}},{"type":"Feature","properties":{"label":"宗教活動設施","group":"生活影響設施","radius":300,"name":"大理福德宮"},"geometry":{"type":"Point","coordinates":[121.5023416,25.0347225]}},{"type":"Feature","properties":{"label":"宗教活動設施","group":"生活影響設施","radius":300,"name":"台北市召會ㄧ會所"},"geometry":{"type":"Point","coordinates":[121.5278274,25.0374765]}},{"type":"Feature","properties":{"label":"宗教活動設施","group":"生活影響設施","radius":300,"name":"仁愛長老教會"},"geometry":{"type":"Point","coordinates":[121.5456024,25.0350317]}},{"type":"Feature","properties":{"label":"夜間娛樂場所","group":"生活影響設施","radius":300,"name":"清奈媽媽印度廚房"},"geometry":{"type":"Point","coordinates":[121.5462921,25.024989]}},{"type":"Feature","properties":{"label":"夜間娛樂場所","group":"生活影響設施","radius":300,"name":"33區快炒"},"geometry":{"type":"Point","coordinates":[121.5275622,25.0485762]}},{"type":"Feature","properties":{"label":"夜間娛樂場所","group":"生活影響設施","radius":300,"name":"操場"},"geometry":{"type":"Point","coordinates":[121.5416666,25.025283]}},{"type":"Feature","properties":{"label":"夜間娛樂場所","group":"生活影響設施","radius":300,"name":"錢櫃Partyworld"},"geometry":{"type":"Point","coordinates":[121.5492916,25.0418504]}},{"type":"Feature","properties":{"label":"夜間娛樂場所","group":"生活影響設施","radius":300,"name":"馬路酒場串燒居食"},"geometry":{"type":"Point","coordinates":[121.5503406,25.0221688]}},{"type":"Feature","properties":{"label":"夜間娛樂場所","group":"生活影響設施","radius":300,"name":"曉 akatsuki"},"geometry":{"type":"Point","coordinates":[121.5238658,25.0505015]}},{"type":"Feature","properties":{"label":"宗教活動設施","group":"生活影響設施","radius":300,"name":"天福宮"},"geometry":{"type":"Point","coordinates":[121.5360399,25.1262302]}},{"type":"Feature","properties":{"label":"夜間娛樂場所","group":"生活影響設施","radius":300,"name":"啤痞微型精釀啤酒吧"},"geometry":{"type":"Point","coordinates":[121.567826,25.0455679]}},{"type":"Feature","properties":{"label":"宗教活動設施","group":"生活影響設施","radius":300,"name":"華嚴聖因精舍"},"geometry":{"type":"Point","coordinates":[121.5611948,25.0298732]}},{"type":"Feature","properties":{"label":"學校／幼兒園","group":"生活影響設施","radius":300,"name":"私立伊蒂馬幼兒園"},"geometry":{"type":"Point","coordinates":[121.5283486,25.0334096]}},{"type":"Feature","properties":{"label":"學校／幼兒園","group":"生活影響設施","radius":300,"name":"安康公共托育中心"},"geometry":{"type":"Point","coordinates":[121.512901,24.9629446]}},{"type":"Feature","properties":{"label":"夜間娛樂場所","group":"生活影響設施","radius":300,"name":"百欣"},"geometry":{"type":"Point","coordinates":[121.5434915,25.0420111]}},{"type":"Feature","properties":{"label":"夜間娛樂場所","group":"生活影響設施","radius":300,"name":"名亨"},"geometry":{"type":"Point","coordinates":[121.5435428,25.0420084]}},{"type":"Feature","properties":{"label":"宗教活動設施","group":"生活影響設施","radius":300,"name":"聖明宮"},"geometry":{"type":"Point","coordinates":[121.5211701,25.0235995]}},{"type":"Feature","properties":{"label":"夜間娛樂場所","group":"生活影響設施","radius":300,"name":"GB鮮釀餐廳"},"geometry":{"type":"Point","coordinates":[121.5483348,25.0533904]}},{"type":"Feature","properties":{"label":"宗教活動設施","group":"生活影響設施","radius":300,"name":"喜樂浸信會"},"geometry":{"type":"Point","coordinates":[121.5257272,24.9623687]}},{"type":"Feature","properties":{"label":"宗教活動設施","group":"生活影響設施","radius":300,"name":"新店無極天聖宮"},"geometry":{"type":"Point","coordinates":[121.5249762,24.9630715]}},{"type":"Feature","properties":{"label":"宗教活動設施","group":"生活影響設施","radius":300,"name":"聖安宮"},"geometry":{"type":"Point","coordinates":[121.5323013,25.0451021]}},{"type":"Feature","properties":{"label":"宗教活動設施","group":"生活影響設施","radius":300,"name":"醫公醫婆"},"geometry":{"type":"Point","coordinates":[121.5167629,25.0431622]}},{"type":"Feature","properties":{"label":"市場／夜市","group":"生活影響設施","radius":300,"name":"弘茂"},"geometry":{"type":"Point","coordinates":[121.5104984,25.0570532]}},{"type":"Feature","properties":{"label":"市場／夜市","group":"生活影響設施","radius":300,"name":"碧山市場"},"geometry":{"type":"Point","coordinates":[121.5919582,25.0875259]}},{"type":"Feature","properties":{"label":"夜間娛樂場所","group":"生活影響設施","radius":300,"name":"OSM 未命名設施"},"geometry":{"type":"Point","coordinates":[121.5059396,25.0441586]}},{"type":"Feature","properties":{"label":"夜間娛樂場所","group":"生活影響設施","radius":300,"name":"啤酒土狗"},"geometry":{"type":"Point","coordinates":[121.5325669,25.0437962]}},{"type":"Feature","properties":{"label":"學校／幼兒園","group":"生活影響設施","radius":300,"name":"多元智慧幼兒園"},"geometry":{"type":"Point","coordinates":[121.5828752,25.0772707]}},{"type":"Feature","properties":{"label":"學校／幼兒園","group":"生活影響設施","radius":300,"name":"長青幼兒園"},"geometry":{"type":"Point","coordinates":[121.5506905,25.0230453]}},{"type":"Feature","properties":{"label":"宗教活動設施","group":"生活影響設施","radius":300,"name":"OSM 未命名設施"},"geometry":{"type":"Point","coordinates":[121.5993681,25.0743506]}},{"type":"Feature","properties":{"label":"夜間娛樂場所","group":"生活影響設施","radius":300,"name":"采。時代 義式冰淇淋"},"geometry":{"type":"Point","coordinates":[121.5195203,25.0544893]}},{"type":"Feature","properties":{"label":"市場／夜市","group":"生活影響設施","radius":300,"name":"金山第一市場"},"geometry":{"type":"Point","coordinates":[121.6379869,25.2214516]}},{"type":"Feature","properties":{"label":"宗教活動設施","group":"生活影響設施","radius":300,"name":"復興教會"},"geometry":{"type":"Point","coordinates":[121.5431783,25.0266022]}},{"type":"Feature","properties":{"label":"宗教活動設施","group":"生活影響設施","radius":300,"name":"基督復臨安息日會松山教會"},"geometry":{"type":"Point","coordinates":[121.5479332,25.046842]}},{"type":"Feature","properties":{"label":"夜間娛樂場所","group":"生活影響設施","radius":300,"name":"Preussen"},"geometry":{"type":"Point","coordinates":[121.517122,25.0524873]}},{"type":"Feature","properties":{"label":"宗教活動設施","group":"生活影響設施","radius":300,"name":"真耶穌教會"},"geometry":{"type":"Point","coordinates":[121.4859259,25.0616688]}},{"type":"Feature","properties":{"label":"宗教活動設施","group":"生活影響設施","radius":300,"name":"永唐四面佛"},"geometry":{"type":"Point","coordinates":[121.5312861,25.0334205]}},{"type":"Feature","properties":{"label":"夜間娛樂場所","group":"生活影響設施","radius":300,"name":"Ron Xinyi"},"geometry":{"type":"Point","coordinates":[121.5589524,25.0322764]}},{"type":"Feature","properties":{"label":"夜間娛樂場所","group":"生活影響設施","radius":300,"name":"Highballer’s Bar"},"geometry":{"type":"Point","coordinates":[121.5258951,25.0581572]}},{"type":"Feature","properties":{"label":"宗教活動設施","group":"生活影響設施","radius":300,"name":"OSM 未命名設施"},"geometry":{"type":"Point","coordinates":[121.5102186,25.0552496]}},{"type":"Feature","properties":{"label":"宗教活動設施","group":"生活影響設施","radius":300,"name":"拱天宮"},"geometry":{"type":"Point","coordinates":[121.491508,25.0662015]}},{"type":"Feature","properties":{"label":"宗教活動設施","group":"生活影響設施","radius":300,"name":"TCOC 台灣國際基督教會"},"geometry":{"type":"Point","coordinates":[121.5431052,25.0246081]}},{"type":"Feature","properties":{"label":"宗教活動設施","group":"生活影響設施","radius":300,"name":"將軍府"},"geometry":{"type":"Point","coordinates":[121.6604713,25.0675728]}},{"type":"Feature","properties":{"label":"宗教活動設施","group":"生活影響設施","radius":300,"name":"台北噶瑪噶舉法輪中心"},"geometry":{"type":"Point","coordinates":[121.5240133,25.1095619]}},{"type":"Feature","properties":{"label":"學校／幼兒園","group":"生活影響設施","radius":300,"name":"國光基金會三軍幼兒園"},"geometry":{"type":"Point","coordinates":[121.6004482,25.0535874]}},{"type":"Feature","properties":{"label":"市場／夜市","group":"生活影響設施","radius":300,"name":"金萬萬商店街"},"geometry":{"type":"Point","coordinates":[121.5225863,25.0652356]}},{"type":"Feature","properties":{"label":"夜間娛樂場所","group":"生活影響設施","radius":300,"name":"OSM 未命名設施"},"geometry":{"type":"Point","coordinates":[121.5266927,25.0929449]}},{"type":"Feature","properties":{"label":"宗教活動設施","group":"生活影響設施","radius":300,"name":"臥龍居"},"geometry":{"type":"Point","coordinates":[121.5125093,25.1137696]}},{"type":"Feature","properties":{"label":"宗教活動設施","group":"生活影響設施","radius":300,"name":"石牌基督長老教會"},"geometry":{"type":"Point","coordinates":[121.5148723,25.1133325]}},{"type":"Feature","properties":{"label":"學校／幼兒園","group":"生活影響設施","radius":300,"name":"達義幼兒園"},"geometry":{"type":"Point","coordinates":[121.5146899,25.1121424]}},{"type":"Feature","properties":{"label":"宗教活動設施","group":"生活影響設施","radius":300,"name":"樹王公"},"geometry":{"type":"Point","coordinates":[121.5129599,25.1104593]}},{"type":"Feature","properties":{"label":"宗教活動設施","group":"生活影響設施","radius":300,"name":"玉勒聖雲宮"},"geometry":{"type":"Point","coordinates":[121.5140837,25.1089098]}},{"type":"Feature","properties":{"label":"宗教活動設施","group":"生活影響設施","radius":300,"name":"保新宮"},"geometry":{"type":"Point","coordinates":[121.5139201,25.1090701]}},{"type":"Feature","properties":{"label":"宗教活動設施","group":"生活影響設施","radius":300,"name":"台北指北宮"},"geometry":{"type":"Point","coordinates":[121.5146551,25.109024]}},{"type":"Feature","properties":{"label":"宗教活動設施","group":"生活影響設施","radius":300,"name":"錫安新城教會"},"geometry":{"type":"Point","coordinates":[121.5165594,25.1086475]}},{"type":"Feature","properties":{"label":"宗教活動設施","group":"生活影響設施","radius":300,"name":"無極南天宮"},"geometry":{"type":"Point","coordinates":[121.5173212,25.107489]}},{"type":"Feature","properties":{"label":"宗教活動設施","group":"生活影響設施","radius":300,"name":"天地教天人堂"},"geometry":{"type":"Point","coordinates":[121.518099,25.1098182]}},{"type":"Feature","properties":{"label":"宗教活動設施","group":"生活影響設施","radius":300,"name":"林三勝公廳"},"geometry":{"type":"Point","coordinates":[121.5521362,25.040485]}},{"type":"Feature","properties":{"label":"夜間娛樂場所","group":"生活影響設施","radius":300,"name":"OSM 未命名設施"},"geometry":{"type":"Point","coordinates":[121.5478179,25.0447103]}},{"type":"Feature","properties":{"label":"宗教活動設施","group":"生活影響設施","radius":300,"name":"臺大地藏庵"},"geometry":{"type":"Point","coordinates":[121.5167659,25.0431738]}},{"type":"Feature","properties":{"label":"夜間娛樂場所","group":"生活影響設施","radius":300,"name":"Twoshots"},"geometry":{"type":"Point","coordinates":[121.5140194,25.0460772]}},{"type":"Feature","properties":{"label":"宗教活動設施","group":"生活影響設施","radius":300,"name":"港口宮"},"geometry":{"type":"Point","coordinates":[121.452249,25.0332168]}},{"type":"Feature","properties":{"label":"宗教活動設施","group":"生活影響設施","radius":300,"name":"OSM 未命名設施"},"geometry":{"type":"Point","coordinates":[121.45467,25.0342057]}},{"type":"Feature","properties":{"label":"宗教活動設施","group":"生活影響設施","radius":300,"name":"OSM 未命名設施"},"geometry":{"type":"Point","coordinates":[121.4514558,25.0329501]}},{"type":"Feature","properties":{"label":"夜間娛樂場所","group":"生活影響設施","radius":300,"name":"OSM 未命名設施"},"geometry":{"type":"Point","coordinates":[121.5501648,25.0519122]}},{"type":"Feature","properties":{"label":"宗教活動設施","group":"生活影響設施","radius":300,"name":"萬華無極慈善宮"},"geometry":{"type":"Point","coordinates":[121.5055114,25.0413307]}},{"type":"Feature","properties":{"label":"宗教活動設施","group":"生活影響設施","radius":300,"name":"雷達壇"},"geometry":{"type":"Point","coordinates":[121.5188956,25.05895]}},{"type":"Feature","properties":{"label":"宗教活動設施","group":"生活影響設施","radius":300,"name":"雙福宮"},"geometry":{"type":"Point","coordinates":[121.5191129,25.058775]}},{"type":"Feature","properties":{"label":"宗教活動設施","group":"生活影響設施","radius":300,"name":"三聖堂"},"geometry":{"type":"Point","coordinates":[121.5186879,25.0578199]}},{"type":"Feature","properties":{"label":"學校／幼兒園","group":"生活影響設施","radius":300,"name":"鵝芽芽托嬰中心"},"geometry":{"type":"Point","coordinates":[121.6538543,25.063576]}},{"type":"Feature","properties":{"label":"學校／幼兒園","group":"生活影響設施","radius":300,"name":"康華幼兒園"},"geometry":{"type":"Point","coordinates":[121.6543679,25.0636959]}},{"type":"Feature","properties":{"label":"夜間娛樂場所","group":"生活影響設施","radius":300,"name":"Everything’s gonna be"},"geometry":{"type":"Point","coordinates":[121.530987,25.0462394]}},{"type":"Feature","properties":{"label":"宗教活動設施","group":"生活影響設施","radius":300,"name":"土地公廟"},"geometry":{"type":"Point","coordinates":[121.5271179,25.0601223]}},{"type":"Feature","properties":{"label":"宗教活動設施","group":"生活影響設施","radius":300,"name":"姓氏聯合宗祠"},"geometry":{"type":"Point","coordinates":[121.5271595,25.0600871]}},{"type":"Feature","properties":{"label":"宗教活動設施","group":"生活影響設施","radius":300,"name":"護山宮"},"geometry":{"type":"Point","coordinates":[121.4861593,25.0589014]}},{"type":"Feature","properties":{"label":"宗教活動設施","group":"生活影響設施","radius":300,"name":"新莊慈悲四面佛"},"geometry":{"type":"Point","coordinates":[121.459651,25.0460061]}},{"type":"Feature","properties":{"label":"學校／幼兒園","group":"生活影響設施","radius":300,"name":"桔子蒙特梭利幼兒園"},"geometry":{"type":"Point","coordinates":[121.5357704,25.0398378]}},{"type":"Feature","properties":{"label":"夜間娛樂場所","group":"生活影響設施","radius":300,"name":"掌門精饟"},"geometry":{"type":"Point","coordinates":[121.5448095,25.045979]}},{"type":"Feature","properties":{"label":"宗教活動設施","group":"生活影響設施","radius":300,"name":"土地公廟"},"geometry":{"type":"Point","coordinates":[121.4084771,25.1591818]}},{"type":"Feature","properties":{"label":"宗教活動設施","group":"生活影響設施","radius":300,"name":"百姓公廟"},"geometry":{"type":"Point","coordinates":[121.4081177,25.1587958]}},{"type":"Feature","properties":{"label":"夜間娛樂場所","group":"生活影響設施","radius":300,"name":"錢櫃Partyworld"},"geometry":{"type":"Point","coordinates":[121.5281399,25.0522899]}},{"type":"Feature","properties":{"label":"夜間娛樂場所","group":"生活影響設施","radius":300,"name":"Lounge & Dart"},"geometry":{"type":"Point","coordinates":[121.5350328,25.0255657]}},{"type":"Feature","properties":{"label":"夜間娛樂場所","group":"生活影響設施","radius":300,"name":"Piu! Piu! Pizza mafia"},"geometry":{"type":"Point","coordinates":[121.5088823,25.0460401]}},{"type":"Feature","properties":{"label":"夜間娛樂場所","group":"生活影響設施","radius":300,"name":"鴻海酒店"},"geometry":{"type":"Point","coordinates":[121.5236512,25.0495368]}},{"type":"Feature","properties":{"label":"學校／幼兒園","group":"生活影響設施","radius":300,"name":"嘉樂幼兒園"},"geometry":{"type":"Point","coordinates":[121.510368,25.0030152]}},{"type":"Feature","properties":{"label":"宗教活動設施","group":"生活影響設施","radius":300,"name":"濟天宮"},"geometry":{"type":"Point","coordinates":[121.4754221,25.0842441]}},{"type":"Feature","properties":{"label":"宗教活動設施","group":"生活影響設施","radius":300,"name":"福安宮"},"geometry":{"type":"Point","coordinates":[121.4749888,25.087369]}},{"type":"Feature","properties":{"label":"宗教活動設施","group":"生活影響設施","radius":300,"name":"佛聖宮"},"geometry":{"type":"Point","coordinates":[121.5418379,24.9948513]}},{"type":"Feature","properties":{"label":"夜間娛樂場所","group":"生活影響設施","radius":300,"name":"ANTOICO FORBI"},"geometry":{"type":"Point","coordinates":[121.5396459,25.0266873]}},{"type":"Feature","properties":{"label":"宗教活動設施","group":"生活影響設施","radius":300,"name":"延平四面佛"},"geometry":{"type":"Point","coordinates":[121.511482,25.0604418]}},{"type":"Feature","properties":{"label":"市場／夜市","group":"生活影響設施","radius":300,"name":"錦安市場"},"geometry":{"type":"Point","coordinates":[121.5294164,25.0285357]}},{"type":"Feature","properties":{"label":"學校／幼兒園","group":"生活影響設施","radius":300,"name":"文心幼稚園"},"geometry":{"type":"Point","coordinates":[121.5926677,25.0785503]}},{"type":"Feature","properties":{"label":"宗教活動設施","group":"生活影響設施","radius":300,"name":"真耶穌教會三重教會"},"geometry":{"type":"Point","coordinates":[121.498769,25.0659971]}},{"type":"Feature","properties":{"label":"宗教活動設施","group":"生活影響設施","radius":300,"name":"三重埔基督長老教會"},"geometry":{"type":"Point","coordinates":[121.4976414,25.0672086]}},{"type":"Feature","properties":{"label":"學校／幼兒園","group":"生活影響設施","radius":300,"name":"長頸鹿鼎群幼兒園"},"geometry":{"type":"Point","coordinates":[121.5018716,25.0656705]}},{"type":"Feature","properties":{"label":"學校／幼兒園","group":"生活影響設施","radius":300,"name":"班博士托兒所"},"geometry":{"type":"Point","coordinates":[121.5026093,25.0655113]}},{"type":"Feature","properties":{"label":"學校／幼兒園","group":"生活影響設施","radius":300,"name":"何嘉仁幼兒園"},"geometry":{"type":"Point","coordinates":[121.4981615,25.0624512]}},{"type":"Feature","properties":{"label":"宗教活動設施","group":"生活影響設施","radius":300,"name":"福安宮"},"geometry":{"type":"Point","coordinates":[121.5018266,25.0664517]}},{"type":"Feature","properties":{"label":"宗教活動設施","group":"生活影響設施","radius":300,"name":"慈惠宮"},"geometry":{"type":"Point","coordinates":[121.5002257,25.0637389]}},{"type":"Feature","properties":{"label":"夜間娛樂場所","group":"生活影響設施","radius":300,"name":"同學匯 KTV"},"geometry":{"type":"Point","coordinates":[121.4975882,25.0626844]}},{"type":"Feature","properties":{"label":"通訊塔／基地台","group":"生活影響設施","radius":300,"name":"OSM 未命名設施"},"geometry":{"type":"Point","coordinates":[121.5167546,25.0817127]}},{"type":"Feature","properties":{"label":"宗教活動設施","group":"生活影響設施","radius":300,"name":"玉靈宮"},"geometry":{"type":"Point","coordinates":[121.4254302,24.9868231]}},{"type":"Feature","properties":{"label":"宗教活動設施","group":"生活影響設施","radius":300,"name":"板橋梨山慈惠堂"},"geometry":{"type":"Point","coordinates":[121.425119,24.9880033]}},{"type":"Feature","properties":{"label":"宗教活動設施","group":"生活影響設施","radius":300,"name":"無極紫玄宮"},"geometry":{"type":"Point","coordinates":[121.4254143,24.9888453]}},{"type":"Feature","properties":{"label":"宗教活動設施","group":"生活影響設施","radius":300,"name":"鎮興宮"},"geometry":{"type":"Point","coordinates":[121.4280845,24.988307]}},{"type":"Feature","properties":{"label":"宗教活動設施","group":"生活影響設施","radius":300,"name":"玉雲宮"},"geometry":{"type":"Point","coordinates":[121.4201248,24.9931208]}},{"type":"Feature","properties":{"label":"市場／夜市","group":"生活影響設施","radius":300,"name":"好食好市"},"geometry":{"type":"Point","coordinates":[121.5544949,25.0328892]}},{"type":"Feature","properties":{"label":"宗教活動設施","group":"生活影響設施","radius":300,"name":"清鳳宮"},"geometry":{"type":"Point","coordinates":[121.56591,24.989763]}},{"type":"Feature","properties":{"label":"宗教活動設施","group":"生活影響設施","radius":300,"name":"信義會聖道堂"},"geometry":{"type":"Point","coordinates":[121.5635456,24.9893655]}},{"type":"Feature","properties":{"label":"宗教活動設施","group":"生活影響設施","radius":300,"name":"楠興宮"},"geometry":{"type":"Point","coordinates":[121.5621908,24.9895582]}},{"type":"Feature","properties":{"label":"宗教活動設施","group":"生活影響設施","radius":300,"name":"玉珍宮"},"geometry":{"type":"Point","coordinates":[121.4197802,24.9793568]}},{"type":"Feature","properties":{"label":"宗教活動設施","group":"生活影響設施","radius":300,"name":"庇哩亞台灣聖樂教會"},"geometry":{"type":"Point","coordinates":[121.5413055,25.0027081]}},{"type":"Feature","properties":{"label":"學校／幼兒園","group":"生活影響設施","radius":300,"name":"附幼"},"geometry":{"type":"Point","coordinates":[121.5145275,25.025145]}},{"type":"Feature","properties":{"label":"夜間娛樂場所","group":"生活影響設施","radius":300,"name":"星聚點KTV"},"geometry":{"type":"Point","coordinates":[121.4594403,25.0076266]}},{"type":"Feature","properties":{"label":"夜間娛樂場所","group":"生活影響設施","radius":300,"name":"Chillax beer bar"},"geometry":{"type":"Point","coordinates":[121.5761115,25.080403]}},{"type":"Feature","properties":{"label":"夜間娛樂場所","group":"生活影響設施","radius":300,"name":"歡飲宴"},"geometry":{"type":"Point","coordinates":[121.5413109,25.0545316]}},{"type":"Feature","properties":{"label":"市場／夜市","group":"生活影響設施","radius":300,"name":"新莊宏泰市場"},"geometry":{"type":"Point","coordinates":[121.4546333,25.0467231]}},{"type":"Feature","properties":{"label":"夜間娛樂場所","group":"生活影響設施","radius":300,"name":"Oldie Goodie Live Bar"},"geometry":{"type":"Point","coordinates":[121.5276986,25.021409]}},{"type":"Feature","properties":{"label":"學校／幼兒園","group":"生活影響設施","radius":300,"name":"快樂諾貝兒幼兒園"},"geometry":{"type":"Point","coordinates":[121.5527674,25.0012806]}},{"type":"Feature","properties":{"label":"夜間娛樂場所","group":"生活影響設施","radius":300,"name":"台北酒驛"},"geometry":{"type":"Point","coordinates":[121.5599381,25.051722]}},{"type":"Feature","properties":{"label":"夜間娛樂場所","group":"生活影響設施","radius":300,"name":"Pawnshop"},"geometry":{"type":"Point","coordinates":[121.5547949,25.0333862]}},{"type":"Feature","properties":{"label":"宗教活動設施","group":"生活影響設施","radius":300,"name":"無玄宮"},"geometry":{"type":"Point","coordinates":[121.4180384,24.9762053]}},{"type":"Feature","properties":{"label":"宗教活動設施","group":"生活影響設施","radius":300,"name":"樹林慈賢宮"},"geometry":{"type":"Point","coordinates":[121.4187186,24.9755301]}},{"type":"Feature","properties":{"label":"宗教活動設施","group":"生活影響設施","radius":300,"name":"樹林區慈惠宮"},"geometry":{"type":"Point","coordinates":[121.4267713,24.9965284]}},{"type":"Feature","properties":{"label":"宗教活動設施","group":"生活影響設施","radius":300,"name":"崁頂永義宮"},"geometry":{"type":"Point","coordinates":[121.5093743,25.0283652]}},{"type":"Feature","properties":{"label":"夜間娛樂場所","group":"生活影響設施","radius":300,"name":"ABV閣樓餐酒館"},"geometry":{"type":"Point","coordinates":[121.4579774,25.0092829]}},{"type":"Feature","properties":{"label":"夜間娛樂場所","group":"生活影響設施","radius":300,"name":"啜飲室"},"geometry":{"type":"Point","coordinates":[121.5450817,25.0410841]}},{"type":"Feature","properties":{"label":"夜間娛樂場所","group":"生活影響設施","radius":300,"name":"貓下去敦北俱樂部&俱樂部男孩沙龍"},"geometry":{"type":"Point","coordinates":[121.5488783,25.0586414]}},{"type":"Feature","properties":{"label":"夜間娛樂場所","group":"生活影響設施","radius":300,"name":"父母"},"geometry":{"type":"Point","coordinates":[121.5436994,25.0561643]}},{"type":"Feature","properties":{"label":"軍事設施","group":"生活影響設施","radius":500,"name":"OSM 未命名設施"},"geometry":{"type":"Point","coordinates":[121.5492569,25.0047801]}},{"type":"Feature","properties":{"label":"通訊塔／基地台","group":"生活影響設施","radius":300,"name":"OSM 未命名設施"},"geometry":{"type":"Point","coordinates":[121.5036841,25.0749032]}},{"type":"Feature","properties":{"label":"宗教活動設施","group":"生活影響設施","radius":300,"name":"台灣基督教道生長老會福音教會"},"geometry":{"type":"Point","coordinates":[121.5297666,25.040242]}},{"type":"Feature","properties":{"label":"夜間娛樂場所","group":"生活影響設施","radius":300,"name":"謙粹居酒屋"},"geometry":{"type":"Point","coordinates":[121.5415035,25.0500646]}},{"type":"Feature","properties":{"label":"夜間娛樂場所","group":"生活影響設施","radius":300,"name":"Bar 小谷"},"geometry":{"type":"Point","coordinates":[121.522312,25.0498499]}},{"type":"Feature","properties":{"label":"夜間娛樂場所","group":"生活影響設施","radius":300,"name":"艾澤拉斯bar"},"geometry":{"type":"Point","coordinates":[121.5147233,25.0450475]}},{"type":"Feature","properties":{"label":"夜間娛樂場所","group":"生活影響設施","radius":300,"name":"LA TOUR BEAR"},"geometry":{"type":"Point","coordinates":[121.5100186,25.0446458]}},{"type":"Feature","properties":{"label":"宗教活動設施","group":"生活影響設施","radius":300,"name":"方濟會思高讀經推廣中心"},"geometry":{"type":"Point","coordinates":[121.5045562,25.044789]}},{"type":"Feature","properties":{"label":"學校／幼兒園","group":"生活影響設施","radius":300,"name":"城中衛理幼兒園"},"geometry":{"type":"Point","coordinates":[121.5196835,25.0325742]}},{"type":"Feature","properties":{"label":"宗教活動設施","group":"生活影響設施","radius":300,"name":"福德宮"},"geometry":{"type":"Point","coordinates":[121.5003508,25.1028414]}},{"type":"Feature","properties":{"label":"夜間娛樂場所","group":"生活影響設施","radius":300,"name":"Est日韓音樂中心"},"geometry":{"type":"Point","coordinates":[121.5230337,25.0648859]}},{"type":"Feature","properties":{"label":"夜間娛樂場所","group":"生活影響設施","radius":300,"name":"OSM 未命名設施"},"geometry":{"type":"Point","coordinates":[121.525058,25.1191441]}},{"type":"Feature","properties":{"label":"宗教活動設施","group":"生活影響設施","radius":300,"name":"火把教會"},"geometry":{"type":"Point","coordinates":[121.5184814,25.0723306]}},{"type":"Feature","properties":{"label":"通訊塔／基地台","group":"生活影響設施","radius":300,"name":"OSM 未命名設施"},"geometry":{"type":"Point","coordinates":[121.5201854,25.0205351]}},{"type":"Feature","properties":{"label":"夜間娛樂場所","group":"生活影響設施","radius":300,"name":"大上海三溫暖"},"geometry":{"type":"Point","coordinates":[121.5121222,25.0444876]}},{"type":"Feature","properties":{"label":"夜間娛樂場所","group":"生活影響設施","radius":300,"name":"精釀吧"},"geometry":{"type":"Point","coordinates":[121.3608709,25.0663037]}},{"type":"Feature","properties":{"label":"宗教活動設施","group":"生活影響設施","radius":300,"name":"法鼓山雲來別苑"},"geometry":{"type":"Point","coordinates":[121.5052229,25.1268209]}},{"type":"Feature","properties":{"label":"宗教活動設施","group":"生活影響設施","radius":300,"name":"合聖宮"},"geometry":{"type":"Point","coordinates":[121.4789066,25.0250553]}},{"type":"Feature","properties":{"label":"宗教活動設施","group":"生活影響設施","radius":300,"name":"影響力豐盛教會"},"geometry":{"type":"Point","coordinates":[121.4975613,25.0626541]}},{"type":"Feature","properties":{"label":"夜間娛樂場所","group":"生活影響設施","radius":300,"name":"Play ba"},"geometry":{"type":"Point","coordinates":[121.506083,25.041401]}},{"type":"Feature","properties":{"label":"夜間娛樂場所","group":"生活影響設施","radius":300,"name":"密室191 Bar"},"geometry":{"type":"Point","coordinates":[121.5388572,25.0465659]}},{"type":"Feature","properties":{"label":"宗教活動設施","group":"生活影響設施","radius":300,"name":"新莊龍月台"},"geometry":{"type":"Point","coordinates":[121.4550215,25.0498962]}},{"type":"Feature","properties":{"label":"宗教活動設施","group":"生活影響設施","radius":300,"name":"紫竹堂"},"geometry":{"type":"Point","coordinates":[121.4547064,25.0502473]}},{"type":"Feature","properties":{"label":"宗教活動設施","group":"生活影響設施","radius":300,"name":"開封宮"},"geometry":{"type":"Point","coordinates":[121.4544827,25.0499778]}},{"type":"Feature","properties":{"label":"宗教活動設施","group":"生活影響設施","radius":300,"name":"復興慈惠堂"},"geometry":{"type":"Point","coordinates":[121.5905986,25.081688]}},{"type":"Feature","properties":{"label":"學校／幼兒園","group":"生活影響設施","radius":300,"name":"大橋國小附幼"},"geometry":{"type":"Point","coordinates":[121.5128097,25.0645541]}},{"type":"Feature","properties":{"label":"學校／幼兒園","group":"生活影響設施","radius":300,"name":"何嘉仁南港幼兒園"},"geometry":{"type":"Point","coordinates":[121.6059539,25.0548374]}},{"type":"Feature","properties":{"label":"消防隊","group":"生活影響設施","radius":300,"name":"龍山分隊"},"geometry":{"type":"Point","coordinates":[121.4993568,25.038628]}},{"type":"Feature","properties":{"label":"學校／幼兒園","group":"生活影響設施","radius":300,"name":"嘉盛幼兒園"},"geometry":{"type":"Point","coordinates":[121.4638199,25.0054651]}},{"type":"Feature","properties":{"label":"宗教活動設施","group":"生活影響設施","radius":300,"name":"聖觀寺"},"geometry":{"type":"Point","coordinates":[121.5195345,25.0542734]}},{"type":"Feature","properties":{"label":"夜間娛樂場所","group":"生活影響設施","radius":300,"name":"小器梅酒屋"},"geometry":{"type":"Point","coordinates":[121.5193871,25.0541291]}},{"type":"Feature","properties":{"label":"夜間娛樂場所","group":"生活影響設施","radius":300,"name":"享 鍋酒館"},"geometry":{"type":"Point","coordinates":[121.522579,25.0571276]}},{"type":"Feature","properties":{"label":"夜間娛樂場所","group":"生活影響設施","radius":300,"name":"友士 酒之庭"},"geometry":{"type":"Point","coordinates":[121.5203777,25.0587563]}},{"type":"Feature","properties":{"label":"夜間娛樂場所","group":"生活影響設施","radius":300,"name":"OSM 未命名設施"},"geometry":{"type":"Point","coordinates":[121.518429,25.0581786]}},{"type":"Feature","properties":{"label":"宗教活動設施","group":"生活影響設施","radius":300,"name":"福德宮"},"geometry":{"type":"Point","coordinates":[121.5015954,25.0770733]}},{"type":"Feature","properties":{"label":"宗教活動設施","group":"生活影響設施","radius":300,"name":"慈武宮"},"geometry":{"type":"Point","coordinates":[121.5016772,25.0768802]}},{"type":"Feature","properties":{"label":"宗教活動設施","group":"生活影響設施","radius":300,"name":"長老教會河邊教會"},"geometry":{"type":"Point","coordinates":[121.5021251,25.0758209]}},{"type":"Feature","properties":{"label":"宗教活動設施","group":"生活影響設施","radius":300,"name":"正昇殿"},"geometry":{"type":"Point","coordinates":[121.4988763,25.0573227]}},{"type":"Feature","properties":{"label":"宗教活動設施","group":"生活影響設施","radius":300,"name":"玄大宮"},"geometry":{"type":"Point","coordinates":[121.4251741,24.9864798]}},{"type":"Feature","properties":{"label":"宗教活動設施","group":"生活影響設施","radius":300,"name":"黎山寺"},"geometry":{"type":"Point","coordinates":[121.4253139,24.9870476]}},{"type":"Feature","properties":{"label":"學校／幼兒園","group":"生活影響設施","radius":300,"name":"敦歆幼兒園"},"geometry":{"type":"Point","coordinates":[121.5402011,25.0422341]}},{"type":"Feature","properties":{"label":"學校／幼兒園","group":"生活影響設施","radius":300,"name":"璽愛托嬰中心"},"geometry":{"type":"Point","coordinates":[121.5411982,25.0422991]}},{"type":"Feature","properties":{"label":"學校／幼兒園","group":"生活影響設施","radius":300,"name":"懷中非營利幼兒園"},"geometry":{"type":"Point","coordinates":[121.541889,25.0400561]}},{"type":"Feature","properties":{"label":"夜間娛樂場所","group":"生活影響設施","radius":300,"name":"Sakebono"},"geometry":{"type":"Point","coordinates":[121.4989883,25.0351144]}},{"type":"Feature","properties":{"label":"學校／幼兒園","group":"生活影響設施","radius":300,"name":"巧可麗"},"geometry":{"type":"Point","coordinates":[121.5170235,25.0147476]}},{"type":"Feature","properties":{"label":"醫院／急診","group":"生活影響設施","radius":500,"name":"臺大兒童醫院"},"geometry":{"type":"Point","coordinates":[121.518724,25.0441374]}},{"type":"Feature","properties":{"label":"宗教活動設施","group":"生活影響設施","radius":300,"name":"台北市召會第74聚會所"},"geometry":{"type":"Point","coordinates":[121.5280038,25.0629067]}},{"type":"Feature","properties":{"label":"宗教活動設施","group":"生活影響設施","radius":300,"name":"台北市召會第74聚會所"},"geometry":{"type":"Point","coordinates":[121.5280117,25.0628867]}},{"type":"Feature","properties":{"label":"宗教活動設施","group":"生活影響設施","radius":300,"name":"錫板智成堂"},"geometry":{"type":"Point","coordinates":[121.4789763,25.2570148]}},{"type":"Feature","properties":{"label":"夜間娛樂場所","group":"生活影響設施","radius":300,"name":"好樂迪"},"geometry":{"type":"Point","coordinates":[121.4261158,24.9932475]}},{"type":"Feature","properties":{"label":"宗教活動設施","group":"生活影響設施","radius":300,"name":"板橋天后宮"},"geometry":{"type":"Point","coordinates":[121.4776593,25.0260639]}},{"type":"Feature","properties":{"label":"宗教活動設施","group":"生活影響設施","radius":300,"name":"崑龍宮"},"geometry":{"type":"Point","coordinates":[121.4782441,25.0265889]}},{"type":"Feature","properties":{"label":"宗教活動設施","group":"生活影響設施","radius":300,"name":"榮恩堂"},"geometry":{"type":"Point","coordinates":[121.4785129,25.0278387]}},{"type":"Feature","properties":{"label":"宗教活動設施","group":"生活影響設施","radius":300,"name":"龍宏宮"},"geometry":{"type":"Point","coordinates":[121.4775272,25.0276844]}},{"type":"Feature","properties":{"label":"學校／幼兒園","group":"生活影響設施","radius":300,"name":"圓心坊幼兒園"},"geometry":{"type":"Point","coordinates":[121.4789629,25.0278405]}},{"type":"Feature","properties":{"label":"夜間娛樂場所","group":"生活影響設施","radius":300,"name":"OFFY Cafe' Bistro"},"geometry":{"type":"Point","coordinates":[121.476852,25.0310558]}},{"type":"Feature","properties":{"label":"宗教活動設施","group":"生活影響設施","radius":300,"name":"小祠"},"geometry":{"type":"Point","coordinates":[121.584325,25.0859283]}},{"type":"Feature","properties":{"label":"學校／幼兒園","group":"生活影響設施","radius":300,"name":"巧可麗幼兒園"},"geometry":{"type":"Point","coordinates":[121.4773288,25.0304726]}},{"type":"Feature","properties":{"label":"宗教活動設施","group":"生活影響設施","radius":300,"name":"財神會館"},"geometry":{"type":"Point","coordinates":[121.5132722,25.0418211]}},{"type":"Feature","properties":{"label":"夜間娛樂場所","group":"生活影響設施","radius":300,"name":"福將清茶館"},"geometry":{"type":"Point","coordinates":[121.4988247,25.0395476]}},{"type":"Feature","properties":{"label":"夜間娛樂場所","group":"生活影響設施","radius":300,"name":"天王座卡拉OK"},"geometry":{"type":"Point","coordinates":[121.4989515,25.0394418]}},{"type":"Feature","properties":{"label":"夜間娛樂場所","group":"生活影響設施","radius":300,"name":"富儷會館"},"geometry":{"type":"Point","coordinates":[121.4992233,25.0394028]}},{"type":"Feature","properties":{"label":"消防隊","group":"生活影響設施","radius":300,"name":"義消-內湖中隊內湖一分隊"},"geometry":{"type":"Point","coordinates":[121.5894809,25.0817641]}},{"type":"Feature","properties":{"label":"宗教活動設施","group":"生活影響設施","radius":300,"name":"文殊院"},"geometry":{"type":"Point","coordinates":[121.5132704,25.0418023]}},{"type":"Feature","properties":{"label":"宗教活動設施","group":"生活影響設施","radius":300,"name":"西秦王爺廟"},"geometry":{"type":"Point","coordinates":[121.6571169,25.0670799]}},{"type":"Feature","properties":{"label":"宗教活動設施","group":"生活影響設施","radius":300,"name":"三峽明德府"},"geometry":{"type":"Point","coordinates":[121.400924,24.9428228]}},{"type":"Feature","properties":{"label":"宗教活動設施","group":"生活影響設施","radius":300,"name":"油車口土地公廟"},"geometry":{"type":"Point","coordinates":[121.426767,25.1759104]}},{"type":"Feature","properties":{"label":"宗教活動設施","group":"生活影響設施","radius":300,"name":"浸禮會"},"geometry":{"type":"Point","coordinates":[121.4558525,25.0147254]}},{"type":"Feature","properties":{"label":"宗教活動設施","group":"生活影響設施","radius":300,"name":"板橋北極壇"},"geometry":{"type":"Point","coordinates":[121.4568618,25.0147182]}},{"type":"Feature","properties":{"label":"學校／幼兒園","group":"生活影響設施","radius":300,"name":"吉的堡"},"geometry":{"type":"Point","coordinates":[121.4838499,25.0559354]}},{"type":"Feature","properties":{"label":"市場／夜市","group":"生活影響設施","radius":300,"name":"早市"},"geometry":{"type":"Point","coordinates":[121.4733705,25.0832073]}},{"type":"Feature","properties":{"label":"市場／夜市","group":"生活影響設施","radius":300,"name":"OSM 未命名設施"},"geometry":{"type":"Point","coordinates":[121.4730898,25.0839219]}},{"type":"Feature","properties":{"label":"市場／夜市","group":"生活影響設施","radius":300,"name":"OSM 未命名設施"},"geometry":{"type":"Point","coordinates":[121.4728369,25.084444]}},{"type":"Feature","properties":{"label":"市場／夜市","group":"生活影響設施","radius":300,"name":"OSM 未命名設施"},"geometry":{"type":"Point","coordinates":[121.4732896,25.0825179]}},{"type":"Feature","properties":{"label":"市場／夜市","group":"生活影響設施","radius":300,"name":"OSM 未命名設施"},"geometry":{"type":"Point","coordinates":[121.4728571,25.0827607]}},{"type":"Feature","properties":{"label":"市場／夜市","group":"生活影響設施","radius":300,"name":"OSM 未命名設施"},"geometry":{"type":"Point","coordinates":[121.4722578,25.0837272]}},{"type":"Feature","properties":{"label":"市場／夜市","group":"生活影響設施","radius":300,"name":"OSM 未命名設施"},"geometry":{"type":"Point","coordinates":[121.4728774,25.0835256]}},{"type":"Feature","properties":{"label":"市場／夜市","group":"生活影響設施","radius":300,"name":"Jasons Market Place"},"geometry":{"type":"Point","coordinates":[121.365971,25.070702]}},{"type":"Feature","properties":{"label":"宗教活動設施","group":"生活影響設施","radius":300,"name":"房角石教會"},"geometry":{"type":"Point","coordinates":[121.5223087,25.0276534]}},{"type":"Feature","properties":{"label":"學校／幼兒園","group":"生活影響設施","radius":300,"name":"蘇格拉底幼兒園"},"geometry":{"type":"Point","coordinates":[121.4742556,25.0230818]}},{"type":"Feature","properties":{"label":"學校／幼兒園","group":"生活影響設施","radius":300,"name":"奇幻幼兒園"},"geometry":{"type":"Point","coordinates":[121.5393166,25.0422444]}},{"type":"Feature","properties":{"label":"學校／幼兒園","group":"生活影響設施","radius":300,"name":"橫科公托中心"},"geometry":{"type":"Point","coordinates":[121.6200692,25.050524]}},{"type":"Feature","properties":{"label":"宗教活動設施","group":"生活影響設施","radius":300,"name":"土地公廟"},"geometry":{"type":"Point","coordinates":[121.506837,25.0324736]}},{"type":"Feature","properties":{"label":"學校／幼兒園","group":"生活影響設施","radius":300,"name":"私立丘山幼兒園"},"geometry":{"type":"Point","coordinates":[121.533452,25.0416782]}},{"type":"Feature","properties":{"label":"宗教活動設施","group":"生活影響設施","radius":300,"name":"聖天宮"},"geometry":{"type":"Point","coordinates":[121.4653132,25.1191542]}},{"type":"Feature","properties":{"label":"宗教活動設施","group":"生活影響設施","radius":300,"name":"大直愛樂旺四面佛"},"geometry":{"type":"Point","coordinates":[121.5540909,25.0861389]}},{"type":"Feature","properties":{"label":"夜間娛樂場所","group":"生活影響設施","radius":300,"name":"kunumi"},"geometry":{"type":"Point","coordinates":[121.5259338,25.0515809]}},{"type":"Feature","properties":{"label":"夜間娛樂場所","group":"生活影響設施","radius":300,"name":"La Bamba"},"geometry":{"type":"Point","coordinates":[121.5259882,25.0515695]}},{"type":"Feature","properties":{"label":"夜間娛樂場所","group":"生活影響設施","radius":300,"name":"Lavader"},"geometry":{"type":"Point","coordinates":[121.5260551,25.0515449]}},{"type":"Feature","properties":{"label":"夜間娛樂場所","group":"生活影響設施","radius":300,"name":"Maya"},"geometry":{"type":"Point","coordinates":[121.5261157,25.0515392]}},{"type":"Feature","properties":{"label":"夜間娛樂場所","group":"生活影響設施","radius":300,"name":"綜合"},"geometry":{"type":"Point","coordinates":[121.5261847,25.051524]}},{"type":"Feature","properties":{"label":"夜間娛樂場所","group":"生活影響設施","radius":300,"name":"花椿"},"geometry":{"type":"Point","coordinates":[121.5263164,25.0514843]}},{"type":"Feature","properties":{"label":"夜間娛樂場所","group":"生活影響設施","radius":300,"name":"Shamu Neko"},"geometry":{"type":"Point","coordinates":[121.5265526,25.0514294]}},{"type":"Feature","properties":{"label":"夜間娛樂場所","group":"生活影響設施","radius":300,"name":"cinbamon"},"geometry":{"type":"Point","coordinates":[121.5266257,25.0514047]}},{"type":"Feature","properties":{"label":"夜間娛樂場所","group":"生活影響設施","radius":300,"name":"酒魅鑞"},"geometry":{"type":"Point","coordinates":[121.5257123,25.0516452]}},{"type":"Feature","properties":{"label":"夜間娛樂場所","group":"生活影響設施","radius":300,"name":"Déjà vu"},"geometry":{"type":"Point","coordinates":[121.5256286,25.0516661]}},{"type":"Feature","properties":{"label":"學校／幼兒園","group":"生活影響設施","radius":300,"name":"明道國小幼稚園"},"geometry":{"type":"Point","coordinates":[121.5631373,24.9876246]}},{"type":"Feature","properties":{"label":"宗教活動設施","group":"生活影響設施","radius":300,"name":"尖山里 土地公廟"},"geometry":{"type":"Point","coordinates":[121.3401653,24.9468368]}},{"type":"Feature","properties":{"label":"宗教活動設施","group":"生活影響設施","radius":300,"name":"心如寺"},"geometry":{"type":"Point","coordinates":[121.4281483,24.9844829]}},{"type":"Feature","properties":{"label":"學校／幼兒園","group":"生活影響設施","radius":300,"name":"省思幼兒園"},"geometry":{"type":"Point","coordinates":[121.4278512,24.9851017]}},{"type":"Feature","properties":{"label":"學校／幼兒園","group":"生活影響設施","radius":300,"name":"永錡板橋幼兒園"},"geometry":{"type":"Point","coordinates":[121.4273653,24.9846938]}},{"type":"Feature","properties":{"label":"宗教活動設施","group":"生活影響設施","radius":300,"name":"OSM 未命名設施"},"geometry":{"type":"Point","coordinates":[121.3503175,24.9590885]}},{"type":"Feature","properties":{"label":"宗教活動設施","group":"生活影響設施","radius":300,"name":"土地公廟"},"geometry":{"type":"Point","coordinates":[121.3503229,24.9591143]}},{"type":"Feature","properties":{"label":"學校／幼兒園","group":"生活影響設施","radius":300,"name":"汐止社區大學"},"geometry":{"type":"Point","coordinates":[121.6586528,25.0668036]}},{"type":"Feature","properties":{"label":"夜間娛樂場所","group":"生活影響設施","radius":300,"name":"享自由餐酒館"},"geometry":{"type":"Point","coordinates":[121.6601101,25.0674398]}},{"type":"Feature","properties":{"label":"夜間娛樂場所","group":"生活影響設施","radius":300,"name":"梨渦"},"geometry":{"type":"Point","coordinates":[121.5932437,25.0844011]}},{"type":"Feature","properties":{"label":"夜間娛樂場所","group":"生活影響設施","radius":300,"name":"BN Inn 酒坊"},"geometry":{"type":"Point","coordinates":[121.5492944,25.045367]}},{"type":"Feature","properties":{"label":"夜間娛樂場所","group":"生活影響設施","radius":300,"name":"Continue? Gaming Bar"},"geometry":{"type":"Point","coordinates":[121.5331589,25.0462011]}},{"type":"Feature","properties":{"label":"學校／幼兒園","group":"生活影響設施","radius":300,"name":"新北市私立漢東幼兒園"},"geometry":{"type":"Point","coordinates":[121.4696005,25.012098]}},{"type":"Feature","properties":{"label":"學校／幼兒園","group":"生活影響設施","radius":300,"name":"國立臺灣大學牙醫專業學院"},"geometry":{"type":"Point","coordinates":[121.5174701,25.0437621]}},{"type":"Feature","properties":{"label":"學校／幼兒園","group":"生活影響設施","radius":300,"name":"娃娃果幼兒園"},"geometry":{"type":"Point","coordinates":[121.5002127,25.0327072]}},{"type":"Feature","properties":{"label":"宗教活動設施","group":"生活影響設施","radius":300,"name":"靈應公"},"geometry":{"type":"Point","coordinates":[121.4763357,25.1371665]}},{"type":"Feature","properties":{"label":"夜間娛樂場所","group":"生活影響設施","radius":300,"name":"星聚點"},"geometry":{"type":"Point","coordinates":[121.5120453,25.056242]}},{"type":"Feature","properties":{"label":"宗教活動設施","group":"生活影響設施","radius":300,"name":"普泉精舍"},"geometry":{"type":"Point","coordinates":[121.5185925,25.067551]}},{"type":"Feature","properties":{"label":"宗教活動設施","group":"生活影響設施","radius":300,"name":"板橋元帥府"},"geometry":{"type":"Point","coordinates":[121.4751475,25.0123801]}},{"type":"Feature","properties":{"label":"宗教活動設施","group":"生活影響設施","radius":300,"name":"秀朗聖安宮"},"geometry":{"type":"Point","coordinates":[121.5232488,25.0013176]}},{"type":"Feature","properties":{"label":"宗教活動設施","group":"生活影響設施","radius":300,"name":"秀朗秀和宮"},"geometry":{"type":"Point","coordinates":[121.527132,25.0015236]}},{"type":"Feature","properties":{"label":"宗教活動設施","group":"生活影響設施","radius":300,"name":"東興宮"},"geometry":{"type":"Point","coordinates":[121.6569981,25.0551]}},{"type":"Feature","properties":{"label":"宗教活動設施","group":"生活影響設施","radius":300,"name":"OSM 未命名設施"},"geometry":{"type":"Point","coordinates":[121.6378592,25.2221347]}},{"type":"Feature","properties":{"label":"宗教活動設施","group":"生活影響設施","radius":300,"name":"老公崎廟中廟土地公廟"},"geometry":{"type":"Point","coordinates":[121.3955888,25.0726417]}},{"type":"Feature","properties":{"label":"夜間娛樂場所","group":"生活影響設施","radius":300,"name":"吉姆老爹"},"geometry":{"type":"Point","coordinates":[121.5116739,25.0540609]}},{"type":"Feature","properties":{"label":"夜間娛樂場所","group":"生活影響設施","radius":300,"name":"參號五金行"},"geometry":{"type":"Point","coordinates":[121.5179716,25.0554766]}},{"type":"Feature","properties":{"label":"夜間娛樂場所","group":"生活影響設施","radius":300,"name":"F Gallery by A Train"},"geometry":{"type":"Point","coordinates":[121.5455749,25.0516315]}},{"type":"Feature","properties":{"label":"宗教活動設施","group":"生活影響設施","radius":300,"name":"基督教台灣貴格會淡水合一堂"},"geometry":{"type":"Point","coordinates":[121.4600672,25.1360903]}},{"type":"Feature","properties":{"label":"宗教活動設施","group":"生活影響設施","radius":300,"name":"貴格會泰山主恩教會"},"geometry":{"type":"Point","coordinates":[121.4268894,25.0483776]}},{"type":"Feature","properties":{"label":"宗教活動設施","group":"生活影響設施","radius":300,"name":"OSM 未命名設施"},"geometry":{"type":"Point","coordinates":[121.6389225,25.2215314]}},{"type":"Feature","properties":{"label":"宗教活動設施","group":"生活影響設施","radius":300,"name":"先鋒靈糧堂"},"geometry":{"type":"Point","coordinates":[121.3749225,24.9470367]}},{"type":"Feature","properties":{"label":"夜間娛樂場所","group":"生活影響設施","radius":300,"name":"MMO Craft Beer"},"geometry":{"type":"Point","coordinates":[121.5568918,25.0384771]}},{"type":"Feature","properties":{"label":"夜間娛樂場所","group":"生活影響設施","radius":300,"name":"BeerCat"},"geometry":{"type":"Point","coordinates":[121.52114,25.0498478]}},{"type":"Feature","properties":{"label":"夜間娛樂場所","group":"生活影響設施","radius":300,"name":"Far Yeast Craftbeer"},"geometry":{"type":"Point","coordinates":[121.55678,25.0386337]}},{"type":"Feature","properties":{"label":"夜間娛樂場所","group":"生活影響設施","radius":300,"name":"Time Beer"},"geometry":{"type":"Point","coordinates":[121.5751672,25.0503934]}},{"type":"Feature","properties":{"label":"夜間娛樂場所","group":"生活影響設施","radius":300,"name":"Chance Bar"},"geometry":{"type":"Point","coordinates":[121.5067223,25.043127]}},{"type":"Feature","properties":{"label":"夜間娛樂場所","group":"生活影響設施","radius":300,"name":"The Malt"},"geometry":{"type":"Point","coordinates":[121.5414393,25.0430464]}},{"type":"Feature","properties":{"label":"夜間娛樂場所","group":"生活影響設施","radius":300,"name":"Sipsip"},"geometry":{"type":"Point","coordinates":[121.529164,25.044798]}},{"type":"Feature","properties":{"label":"學校／幼兒園","group":"生活影響設施","radius":300,"name":"國立臺灣大學管理學院"},"geometry":{"type":"Point","coordinates":[121.5380457,25.0139307]}},{"type":"Feature","properties":{"label":"宗教活動設施","group":"生活影響設施","radius":300,"name":"妙天宮"},"geometry":{"type":"Point","coordinates":[121.4802718,25.0891447]}},{"type":"Feature","properties":{"label":"夜間娛樂場所","group":"生活影響設施","radius":300,"name":"西門好聲音"},"geometry":{"type":"Point","coordinates":[121.5083854,25.0440748]}},{"type":"Feature","properties":{"label":"軍事設施","group":"生活影響設施","radius":500,"name":"OSM 未命名設施"},"geometry":{"type":"Point","coordinates":[121.5250277,25.0806228]}},{"type":"Feature","properties":{"label":"夜間娛樂場所","group":"生活影響設施","radius":300,"name":"OSM 未命名設施"},"geometry":{"type":"Point","coordinates":[121.5230815,25.0507154]}},{"type":"Feature","properties":{"label":"夜間娛樂場所","group":"生活影響設施","radius":300,"name":"恬娃會館"},"geometry":{"type":"Point","coordinates":[121.5254734,25.0506846]}},{"type":"Feature","properties":{"label":"夜間娛樂場所","group":"生活影響設施","radius":300,"name":"Live Music.Jazz bar"},"geometry":{"type":"Point","coordinates":[121.5236565,25.0505563]}},{"type":"Feature","properties":{"label":"夜間娛樂場所","group":"生活影響設施","radius":300,"name":"OSM 未命名設施"},"geometry":{"type":"Point","coordinates":[121.5258011,25.0500576]}},{"type":"Feature","properties":{"label":"夜間娛樂場所","group":"生活影響設施","radius":300,"name":"OSM 未命名設施"},"geometry":{"type":"Point","coordinates":[121.5258897,25.050028]}},{"type":"Feature","properties":{"label":"夜間娛樂場所","group":"生活影響設施","radius":300,"name":"快樂歌城"},"geometry":{"type":"Point","coordinates":[121.6157075,25.0452396]}},{"type":"Feature","properties":{"label":"夜間娛樂場所","group":"生活影響設施","radius":300,"name":"小店"},"geometry":{"type":"Point","coordinates":[121.4718564,25.0276291]}},{"type":"Feature","properties":{"label":"夜間娛樂場所","group":"生活影響設施","radius":300,"name":"9% 酒趴串燒"},"geometry":{"type":"Point","coordinates":[121.47283,25.0308347]}},{"type":"Feature","properties":{"label":"宗教活動設施","group":"生活影響設施","radius":300,"name":"盟奉宮"},"geometry":{"type":"Point","coordinates":[121.5303632,25.0465262]}},{"type":"Feature","properties":{"label":"夜間娛樂場所","group":"生活影響設施","radius":300,"name":"二丁目"},"geometry":{"type":"Point","coordinates":[121.5097299,25.0457671]}},{"type":"Feature","properties":{"label":"宗教活動設施","group":"生活影響設施","radius":300,"name":"永和福和宮"},"geometry":{"type":"Point","coordinates":[121.5105514,25.0108638]}},{"type":"Feature","properties":{"label":"宗教活動設施","group":"生活影響設施","radius":300,"name":"恩泉更新協會"},"geometry":{"type":"Point","coordinates":[121.3775392,24.9477949]}},{"type":"Feature","properties":{"label":"宗教活動設施","group":"生活影響設施","radius":300,"name":"臺北關帝堂"},"geometry":{"type":"Point","coordinates":[121.5306759,25.0528789]}},{"type":"Feature","properties":{"label":"夜間娛樂場所","group":"生活影響設施","radius":300,"name":"96會館"},"geometry":{"type":"Point","coordinates":[121.5313849,25.0515091]}},{"type":"Feature","properties":{"label":"宗教活動設施","group":"生活影響設施","radius":300,"name":"佛教正覺同修會"},"geometry":{"type":"Point","coordinates":[121.5192994,25.0726791]}},{"type":"Feature","properties":{"label":"宗教活動設施","group":"生活影響設施","radius":300,"name":"東興福德宮"},"geometry":{"type":"Point","coordinates":[121.4003018,24.9351252]}},{"type":"Feature","properties":{"label":"夜間娛樂場所","group":"生活影響設施","radius":300,"name":"45 Old Bar & Coffee Pub"},"geometry":{"type":"Point","coordinates":[121.5354365,25.0133657]}},{"type":"Feature","properties":{"label":"夜間娛樂場所","group":"生活影響設施","radius":300,"name":"one million bar"},"geometry":{"type":"Point","coordinates":[121.5347937,25.0135021]}},{"type":"Feature","properties":{"label":"消防隊","group":"生活影響設施","radius":300,"name":"永和分隊"},"geometry":{"type":"Point","coordinates":[121.5201274,25.0095806]}},{"type":"Feature","properties":{"label":"夜間娛樂場所","group":"生活影響設施","radius":300,"name":"富女公司"},"geometry":{"type":"Point","coordinates":[121.5315469,25.0489227]}},{"type":"Feature","properties":{"label":"夜間娛樂場所","group":"生活影響設施","radius":300,"name":"BAR ECHO"},"geometry":{"type":"Point","coordinates":[121.5231059,25.0516497]}},{"type":"Feature","properties":{"label":"夜間娛樂場所","group":"生活影響設施","radius":300,"name":"萬次郎居酒屋"},"geometry":{"type":"Point","coordinates":[121.5243855,25.0512583]}},{"type":"Feature","properties":{"label":"學校／幼兒園","group":"生活影響設施","radius":300,"name":"永和網溪公共托育中心"},"geometry":{"type":"Point","coordinates":[121.5196212,25.0126304]}},{"type":"Feature","properties":{"label":"夜間娛樂場所","group":"生活影響設施","radius":300,"name":"The Color Shisha Bar"},"geometry":{"type":"Point","coordinates":[121.5523696,25.0437255]}},{"type":"Feature","properties":{"label":"市場／夜市","group":"生活影響設施","radius":300,"name":"廣州街觀光夜市"},"geometry":{"type":"Point","coordinates":[121.4976095,25.036763]}},{"type":"Feature","properties":{"label":"夜間娛樂場所","group":"生活影響設施","radius":300,"name":"Sidebar"},"geometry":{"type":"Point","coordinates":[121.5560818,25.0323305]}},{"type":"Feature","properties":{"label":"宗教活動設施","group":"生活影響設施","radius":300,"name":"萬善堂"},"geometry":{"type":"Point","coordinates":[121.581593,25.0545402]}},{"type":"Feature","properties":{"label":"宗教活動設施","group":"生活影響設施","radius":300,"name":"台北台福基督教會"},"geometry":{"type":"Point","coordinates":[121.54058,25.0478815]}},{"type":"Feature","properties":{"label":"夜間娛樂場所","group":"生活影響設施","radius":300,"name":"HANKO 60 如醉如夢"},"geometry":{"type":"Point","coordinates":[121.5052298,25.0459119]}},{"type":"Feature","properties":{"label":"宗教活動設施","group":"生活影響設施","radius":300,"name":"隆恩埔土地公廟"},"geometry":{"type":"Point","coordinates":[121.3737714,24.9434473]}},{"type":"Feature","properties":{"label":"夜間娛樂場所","group":"生活影響設施","radius":300,"name":"Burbar啵吧美式餐酒館"},"geometry":{"type":"Point","coordinates":[121.3733205,24.9435207]}},{"type":"Feature","properties":{"label":"夜間娛樂場所","group":"生活影響設施","radius":300,"name":"享聚餐酒館 Savor Bistro"},"geometry":{"type":"Point","coordinates":[121.3745387,24.9430763]}},{"type":"Feature","properties":{"label":"宗教活動設施","group":"生活影響設施","radius":300,"name":"新生命小組教會中和禮拜堂"},"geometry":{"type":"Point","coordinates":[121.5073862,24.9868998]}},{"type":"Feature","properties":{"label":"夜間娛樂場所","group":"生活影響設施","radius":300,"name":"一千零一夜"},"geometry":{"type":"Point","coordinates":[121.5583196,25.0513008]}},{"type":"Feature","properties":{"label":"夜間娛樂場所","group":"生活影響設施","radius":300,"name":"CINE Teppan bistro"},"geometry":{"type":"Point","coordinates":[121.5082248,25.0443418]}},{"type":"Feature","properties":{"label":"宗教活動設施","group":"生活影響設施","radius":300,"name":"真耶穌教會信義教會"},"geometry":{"type":"Point","coordinates":[121.5633561,25.0297142]}},{"type":"Feature","properties":{"label":"消防隊","group":"生活影響設施","radius":300,"name":"中正中隊"},"geometry":{"type":"Point","coordinates":[121.5210444,25.0473913]}},{"type":"Feature","properties":{"label":"消防隊","group":"生活影響設施","radius":300,"name":"中正中隊華山分隊"},"geometry":{"type":"Point","coordinates":[121.520846,25.0472288]}},{"type":"Feature","properties":{"label":"通訊塔／基地台","group":"生活影響設施","radius":300,"name":"OSM 未命名設施"},"geometry":{"type":"Point","coordinates":[121.5209422,25.0475415]}},{"type":"Feature","properties":{"label":"學校／幼兒園","group":"生活影響設施","radius":300,"name":"警政署教保中心"},"geometry":{"type":"Point","coordinates":[121.522184,25.0464263]}},{"type":"Feature","properties":{"label":"宗教活動設施","group":"生活影響設施","radius":300,"name":"紫薇宮"},"geometry":{"type":"Point","coordinates":[121.557784,25.0245188]}},{"type":"Feature","properties":{"label":"夜間娛樂場所","group":"生活影響設施","radius":300,"name":"OriginBAR 源"},"geometry":{"type":"Point","coordinates":[121.5563077,25.0521192]}},{"type":"Feature","properties":{"label":"夜間娛樂場所","group":"生活影響設施","radius":300,"name":"Old Brick"},"geometry":{"type":"Point","coordinates":[121.5522591,25.0319853]}},{"type":"Feature","properties":{"label":"宗教活動設施","group":"生活影響設施","radius":300,"name":"OSM 未命名設施"},"geometry":{"type":"Point","coordinates":[121.5642657,25.0269377]}},{"type":"Feature","properties":{"label":"夜間娛樂場所","group":"生活影響設施","radius":300,"name":"NOMOU SAKEBAR 飲もう日本酒吧"},"geometry":{"type":"Point","coordinates":[121.5270675,25.0644917]}},{"type":"Feature","properties":{"label":"宗教活動設施","group":"生活影響設施","radius":300,"name":"艋舺五福宮"},"geometry":{"type":"Point","coordinates":[121.4993942,25.0411457]}},{"type":"Feature","properties":{"label":"宗教活動設施","group":"生活影響設施","radius":300,"name":"艋舺玉碧三王府"},"geometry":{"type":"Point","coordinates":[121.4967903,25.037921]}},{"type":"Feature","properties":{"label":"宗教活動設施","group":"生活影響設施","radius":300,"name":"鎮泰宮"},"geometry":{"type":"Point","coordinates":[121.4934106,25.0210801]}},{"type":"Feature","properties":{"label":"宗教活動設施","group":"生活影響設施","radius":300,"name":"盧王宮"},"geometry":{"type":"Point","coordinates":[121.4916435,25.0264338]}},{"type":"Feature","properties":{"label":"宗教活動設施","group":"生活影響設施","radius":300,"name":"臺北東安宮"},"geometry":{"type":"Point","coordinates":[121.4935667,25.027637]}},{"type":"Feature","properties":{"label":"宗教活動設施","group":"生活影響設施","radius":300,"name":"台北東隆宮"},"geometry":{"type":"Point","coordinates":[121.4918265,25.0226924]}},{"type":"Feature","properties":{"label":"宗教活動設施","group":"生活影響設施","radius":300,"name":"連聖宮"},"geometry":{"type":"Point","coordinates":[121.4938064,25.0361223]}},{"type":"Feature","properties":{"label":"宗教活動設施","group":"生活影響設施","radius":300,"name":"妙覺精舍"},"geometry":{"type":"Point","coordinates":[121.4952915,25.0305621]}},{"type":"Feature","properties":{"label":"宗教活動設施","group":"生活影響設施","radius":300,"name":"聖安宮"},"geometry":{"type":"Point","coordinates":[121.4910383,25.0253647]}},{"type":"Feature","properties":{"label":"宗教活動設施","group":"生活影響設施","radius":300,"name":"聖千宮"},"geometry":{"type":"Point","coordinates":[121.500353,25.0296158]}},{"type":"Feature","properties":{"label":"宗教活動設施","group":"生活影響設施","radius":300,"name":"北天宮"},"geometry":{"type":"Point","coordinates":[121.4932415,25.0371145]}},{"type":"Feature","properties":{"label":"宗教活動設施","group":"生活影響設施","radius":300,"name":"代府殿"},"geometry":{"type":"Point","coordinates":[121.4936293,25.0368594]}},{"type":"Feature","properties":{"label":"宗教活動設施","group":"生活影響設施","radius":300,"name":"艋舺東德宮"},"geometry":{"type":"Point","coordinates":[121.4960828,25.0386884]}},{"type":"Feature","properties":{"label":"宗教活動設施","group":"生活影響設施","radius":300,"name":"新約龍華佛教聖國山保安堂"},"geometry":{"type":"Point","coordinates":[121.5014156,25.0388552]}},{"type":"Feature","properties":{"label":"宗教活動設施","group":"生活影響設施","radius":300,"name":"艋舺金義宮"},"geometry":{"type":"Point","coordinates":[121.4974115,25.0381684]}},{"type":"Feature","properties":{"label":"宗教活動設施","group":"生活影響設施","radius":300,"name":"金山天主堂"},"geometry":{"type":"Point","coordinates":[121.6356539,25.2219578]}},{"type":"Feature","properties":{"label":"夜間娛樂場所","group":"生活影響設施","radius":300,"name":"Banker Martini bar"},"geometry":{"type":"Point","coordinates":[121.5523277,25.036556]}},{"type":"Feature","properties":{"label":"夜間娛樂場所","group":"生活影響設施","radius":300,"name":"發琴吧"},"geometry":{"type":"Point","coordinates":[121.5098984,25.0557875]}},{"type":"Feature","properties":{"label":"夜間娛樂場所","group":"生活影響設施","radius":300,"name":"tei by OBOND"},"geometry":{"type":"Point","coordinates":[121.5576169,25.0313423]}},{"type":"Feature","properties":{"label":"軍事設施","group":"生活影響設施","radius":500,"name":"OSM 未命名設施"},"geometry":{"type":"Point","coordinates":[121.5568019,25.0245741]}},{"type":"Feature","properties":{"label":"軍事設施","group":"生活影響設施","radius":500,"name":"OSM 未命名設施"},"geometry":{"type":"Point","coordinates":[121.5567671,25.024489]}},{"type":"Feature","properties":{"label":"軍事設施","group":"生活影響設施","radius":500,"name":"OSM 未命名設施"},"geometry":{"type":"Point","coordinates":[121.5570169,25.0247852]}},{"type":"Feature","properties":{"label":"宗教活動設施","group":"生活影響設施","radius":300,"name":"佛光山如來殿"},"geometry":{"type":"Point","coordinates":[121.5788941,25.0486926]}},{"type":"Feature","properties":{"label":"夜間娛樂場所","group":"生活影響設施","radius":300,"name":"My Other Place"},"geometry":{"type":"Point","coordinates":[121.5444166,25.0582988]}},{"type":"Feature","properties":{"label":"學校／幼兒園","group":"生活影響設施","radius":300,"name":"臺北市數位實驗高級中學"},"geometry":{"type":"Point","coordinates":[121.5299365,25.0537588]}},{"type":"Feature","properties":{"label":"夜間娛樂場所","group":"生活影響設施","radius":300,"name":"酌友氏"},"geometry":{"type":"Point","coordinates":[121.5444372,25.0569067]}},{"type":"Feature","properties":{"label":"夜間娛樂場所","group":"生活影響設施","radius":300,"name":"OSM 未命名設施"},"geometry":{"type":"Point","coordinates":[121.5430186,25.0522108]}},{"type":"Feature","properties":{"label":"夜間娛樂場所","group":"生活影響設施","radius":300,"name":"Monkey Shoulder"},"geometry":{"type":"Point","coordinates":[121.5449069,25.050282]}},{"type":"Feature","properties":{"label":"夜間娛樂場所","group":"生活影響設施","radius":300,"name":"Two Shots"},"geometry":{"type":"Point","coordinates":[121.5232151,25.0268454]}},{"type":"Feature","properties":{"label":"宗教活動設施","group":"生活影響設施","radius":300,"name":"艋舺平安寶塔"},"geometry":{"type":"Point","coordinates":[121.5027106,25.0390989]}},{"type":"Feature","properties":{"label":"宗教活動設施","group":"生活影響設施","radius":300,"name":"三峽福興宮"},"geometry":{"type":"Point","coordinates":[121.3668565,24.9260557]}},{"type":"Feature","properties":{"label":"宗教活動設施","group":"生活影響設施","radius":300,"name":"OSM 未命名設施"},"geometry":{"type":"Point","coordinates":[121.5016991,25.0009597]}},{"type":"Feature","properties":{"label":"宗教活動設施","group":"生活影響設施","radius":300,"name":"台北南港信天宮"},"geometry":{"type":"Point","coordinates":[121.6214823,25.0382405]}},{"type":"Feature","properties":{"label":"宗教活動設施","group":"生活影響設施","radius":300,"name":"聖南宮"},"geometry":{"type":"Point","coordinates":[121.5127523,25.0561047]}},{"type":"Feature","properties":{"label":"宗教活動設施","group":"生活影響設施","radius":300,"name":"台疆樂善壇"},"geometry":{"type":"Point","coordinates":[121.5108844,25.0521192]}},{"type":"Feature","properties":{"label":"夜間娛樂場所","group":"生活影響設施","radius":300,"name":"老同安小酒館"},"geometry":{"type":"Point","coordinates":[121.522242,25.0248744]}},{"type":"Feature","properties":{"label":"夜間娛樂場所","group":"生活影響設施","radius":300,"name":"掌門精釀啤酒"},"geometry":{"type":"Point","coordinates":[121.5975447,25.0678425]}},{"type":"Feature","properties":{"label":"宗教活動設施","group":"生活影響設施","radius":300,"name":"同仁宮"},"geometry":{"type":"Point","coordinates":[121.4765485,25.0653706]}},{"type":"Feature","properties":{"label":"宗教活動設施","group":"生活影響設施","radius":300,"name":"長春路四面佛"},"geometry":{"type":"Point","coordinates":[121.5344729,25.0539074]}},{"type":"Feature","properties":{"label":"夜間娛樂場所","group":"生活影響設施","radius":300,"name":"Single&Double"},"geometry":{"type":"Point","coordinates":[121.5697487,24.9877323]}},{"type":"Feature","properties":{"label":"夜間娛樂場所","group":"生活影響設施","radius":300,"name":"憶難忘卡拉ok"},"geometry":{"type":"Point","coordinates":[121.5663702,24.9832414]}},{"type":"Feature","properties":{"label":"學校／幼兒園","group":"生活影響設施","radius":300,"name":"幼學館幼兒園"},"geometry":{"type":"Point","coordinates":[121.5692274,24.9843917]}},{"type":"Feature","properties":{"label":"夜間娛樂場所","group":"生活影響設施","radius":300,"name":"星河"},"geometry":{"type":"Point","coordinates":[121.5698835,24.9846372]}},{"type":"Feature","properties":{"label":"宗教活動設施","group":"生活影響設施","radius":300,"name":"木柵天和宮"},"geometry":{"type":"Point","coordinates":[121.5690956,24.9866622]}},{"type":"Feature","properties":{"label":"宗教活動設施","group":"生活影響設施","radius":300,"name":"重生禮拜堂"},"geometry":{"type":"Point","coordinates":[121.568631,24.9862118]}},{"type":"Feature","properties":{"label":"宗教活動設施","group":"生活影響設施","radius":300,"name":"OSM 未命名設施"},"geometry":{"type":"Point","coordinates":[121.524022,25.0429458]}},{"type":"Feature","properties":{"label":"學校／幼兒園","group":"生活影響設施","radius":300,"name":"臺大國際政經學院"},"geometry":{"type":"Point","coordinates":[121.5253732,25.0405956]}},{"type":"Feature","properties":{"label":"消防隊","group":"生活影響設施","radius":300,"name":"OSM 未命名設施"},"geometry":{"type":"Point","coordinates":[121.4513147,25.13247]}},{"type":"Feature","properties":{"label":"夜間娛樂場所","group":"生活影響設施","radius":300,"name":"Sappho Live Jazz"},"geometry":{"type":"Point","coordinates":[121.5254269,25.0618017]}},{"type":"Feature","properties":{"label":"夜間娛樂場所","group":"生活影響設施","radius":300,"name":"Aye Taipei"},"geometry":{"type":"Point","coordinates":[121.5247798,25.0516105]}},{"type":"Feature","properties":{"label":"夜間娛樂場所","group":"生活影響設施","radius":300,"name":"Imbibe"},"geometry":{"type":"Point","coordinates":[121.543281,25.0445723]}},{"type":"Feature","properties":{"label":"消防隊","group":"生活影響設施","radius":300,"name":"消防局第五大隊三峽分隊"},"geometry":{"type":"Point","coordinates":[121.3752795,24.9306209]}},{"type":"Feature","properties":{"label":"醫院／急診","group":"生活影響設施","radius":500,"name":"急診室"},"geometry":{"type":"Point","coordinates":[121.5634143,25.0269971]}},{"type":"Feature","properties":{"label":"夜間娛樂場所","group":"生活影響設施","radius":300,"name":"San Francisco Some Fun"},"geometry":{"type":"Point","coordinates":[121.5453165,25.0421971]}},{"type":"Feature","properties":{"label":"夜間娛樂場所","group":"生活影響設施","radius":300,"name":"Nowhere Project"},"geometry":{"type":"Point","coordinates":[121.547607,25.033491]}},{"type":"Feature","properties":{"label":"夜間娛樂場所","group":"生活影響設施","radius":300,"name":"Knock Knock Who's There?"},"geometry":{"type":"Point","coordinates":[121.5476633,25.0334904]}},{"type":"Feature","properties":{"label":"夜間娛樂場所","group":"生活影響設施","radius":300,"name":"PUN"},"geometry":{"type":"Point","coordinates":[121.5558141,25.0325519]}},{"type":"Feature","properties":{"label":"夜間娛樂場所","group":"生活影響設施","radius":300,"name":"Placebo Taipei 安慰劑小酒館"},"geometry":{"type":"Point","coordinates":[121.5579881,25.0300732]}},{"type":"Feature","properties":{"label":"夜間娛樂場所","group":"生活影響設施","radius":300,"name":"星光大道KTV"},"geometry":{"type":"Point","coordinates":[121.515401,25.0138304]}},{"type":"Feature","properties":{"label":"軍事設施","group":"生活影響設施","radius":500,"name":"OSM 未命名設施"},"geometry":{"type":"Point","coordinates":[121.4279634,25.180634]}},{"type":"Feature","properties":{"label":"夜間娛樂場所","group":"生活影響設施","radius":300,"name":"Ximen Beer Bar"},"geometry":{"type":"Point","coordinates":[121.5051232,25.0453318]}},{"type":"Feature","properties":{"label":"夜間娛樂場所","group":"生活影響設施","radius":300,"name":"Stardust"},"geometry":{"type":"Point","coordinates":[121.5059427,25.0444411]}},{"type":"Feature","properties":{"label":"夜間娛樂場所","group":"生活影響設施","radius":300,"name":"獅鬥cdou bar"},"geometry":{"type":"Point","coordinates":[121.5034799,25.0438933]}},{"type":"Feature","properties":{"label":"通訊塔／基地台","group":"生活影響設施","radius":300,"name":"OSM 未命名設施"},"geometry":{"type":"Point","coordinates":[121.6169411,25.0735944]}},{"type":"Feature","properties":{"label":"夜間娛樂場所","group":"生活影響設施","radius":300,"name":"BLACKHAT Jazz Cafe & Bar"},"geometry":{"type":"Point","coordinates":[121.5113721,25.0417837]}},{"type":"Feature","properties":{"label":"宗教活動設施","group":"生活影響設施","radius":300,"name":"台北市召會87、89會所"},"geometry":{"type":"Point","coordinates":[121.548703,25.0029062]}},{"type":"Feature","properties":{"label":"學校／幼兒園","group":"生活影響設施","radius":300,"name":"天仁幼兒園"},"geometry":{"type":"Point","coordinates":[121.6355747,25.2217215]}},{"type":"Feature","properties":{"label":"夜間娛樂場所","group":"生活影響設施","radius":300,"name":"好唱ktv"},"geometry":{"type":"Point","coordinates":[121.4511985,25.021005]}},{"type":"Feature","properties":{"label":"學校／幼兒園","group":"生活影響設施","radius":300,"name":"新北市私立禾森幼兒園"},"geometry":{"type":"Point","coordinates":[121.3561899,25.0675667]}},{"type":"Feature","properties":{"label":"學校／幼兒園","group":"生活影響設施","radius":300,"name":"金甌幼兒園"},"geometry":{"type":"Point","coordinates":[121.5247221,25.0349952]}},{"type":"Feature","properties":{"label":"宗教活動設施","group":"生活影響設施","radius":300,"name":"OSM 未命名設施"},"geometry":{"type":"Point","coordinates":[121.6389753,25.219497]}},{"type":"Feature","properties":{"label":"宗教活動設施","group":"生活影響設施","radius":300,"name":"OSM 未命名設施"},"geometry":{"type":"Point","coordinates":[121.6389226,25.2189974]}},{"type":"Feature","properties":{"label":"宗教活動設施","group":"生活影響設施","radius":300,"name":"鶯歌真理堂"},"geometry":{"type":"Point","coordinates":[121.3345628,24.9690058]}},{"type":"Feature","properties":{"label":"宗教活動設施","group":"生活影響設施","radius":300,"name":"土崙仔公祠"},"geometry":{"type":"Point","coordinates":[121.4954149,25.0743663]}},{"type":"Feature","properties":{"label":"宗教活動設施","group":"生活影響設施","radius":300,"name":"社團法人台北市傳神關懷傳播協會"},"geometry":{"type":"Point","coordinates":[121.5275372,25.0388213]}},{"type":"Feature","properties":{"label":"宗教活動設施","group":"生活影響設施","radius":300,"name":"湧聖宮"},"geometry":{"type":"Point","coordinates":[121.4601066,25.0810624]}},{"type":"Feature","properties":{"label":"醫院／急診","group":"生活影響設施","radius":500,"name":"OSM 未命名設施"},"geometry":{"type":"Point","coordinates":[121.4946623,24.992079]}},{"type":"Feature","properties":{"label":"宗教活動設施","group":"生活影響設施","radius":300,"name":"蔣公感恩堂"},"geometry":{"type":"Point","coordinates":[121.5100262,25.017079]}},{"type":"Feature","properties":{"label":"醫院／急診","group":"生活影響設施","radius":500,"name":"藝群永和診所"},"geometry":{"type":"Point","coordinates":[121.5100063,25.0098072]}},{"type":"Feature","properties":{"label":"夜間娛樂場所","group":"生活影響設施","radius":300,"name":"Do Bar 獨角落"},"geometry":{"type":"Point","coordinates":[121.5163498,25.0509712]}},{"type":"Feature","properties":{"label":"宗教活動設施","group":"生活影響設施","radius":300,"name":"三峽真道教會"},"geometry":{"type":"Point","coordinates":[121.3769816,24.9294044]}},{"type":"Feature","properties":{"label":"學校／幼兒園","group":"生活影響設施","radius":300,"name":"璦俐兒幼兒園"},"geometry":{"type":"Point","coordinates":[121.378107,24.9295595]}},{"type":"Feature","properties":{"label":"宗教活動設施","group":"生活影響設施","radius":300,"name":"秀朗百姓宮祠"},"geometry":{"type":"Point","coordinates":[121.5232914,25.0020378]}},{"type":"Feature","properties":{"label":"夜間娛樂場所","group":"生活影響設施","radius":300,"name":"Lab"},"geometry":{"type":"Point","coordinates":[121.5559872,25.0379947]}},{"type":"Feature","properties":{"label":"學校／幼兒園","group":"生活影響設施","radius":300,"name":"臺北市立大安幼兒園"},"geometry":{"type":"Point","coordinates":[121.5461556,25.0274359]}},{"type":"Feature","properties":{"label":"宗教活動設施","group":"生活影響設施","radius":300,"name":"行道宮"},"geometry":{"type":"Point","coordinates":[121.5631701,24.9841568]}},{"type":"Feature","properties":{"label":"宗教活動設施","group":"生活影響設施","radius":300,"name":"沙崙浸信會"},"geometry":{"type":"Point","coordinates":[121.420893,25.1805952]}},{"type":"Feature","properties":{"label":"宗教活動設施","group":"生活影響設施","radius":300,"name":"慈明宮"},"geometry":{"type":"Point","coordinates":[121.4754392,25.0807655]}},{"type":"Feature","properties":{"label":"宗教活動設施","group":"生活影響設施","radius":300,"name":"天寶宮"},"geometry":{"type":"Point","coordinates":[121.4731309,25.0803423]}},{"type":"Feature","properties":{"label":"夜間娛樂場所","group":"生活影響設施","radius":300,"name":"好樂迪"},"geometry":{"type":"Point","coordinates":[121.5572633,25.0287949]}},{"type":"Feature","properties":{"label":"宗教活動設施","group":"生活影響設施","radius":300,"name":"OSM 未命名設施"},"geometry":{"type":"Point","coordinates":[121.4900505,25.1559641]}},{"type":"Feature","properties":{"label":"學校／幼兒園","group":"生活影響設施","radius":300,"name":"老人社區大學"},"geometry":{"type":"Point","coordinates":[121.562435,25.0552964]}},{"type":"Feature","properties":{"label":"軍事設施","group":"生活影響設施","radius":500,"name":"OSM 未命名設施"},"geometry":{"type":"Point","coordinates":[121.5288147,25.0898523]}},{"type":"Feature","properties":{"label":"學校／幼兒園","group":"生活影響設施","radius":300,"name":"延平國小"},"geometry":{"type":"Point","coordinates":[121.5123657,25.0665918]}},{"type":"Feature","properties":{"label":"宗教活動設施","group":"生活影響設施","radius":300,"name":"興南宮"},"geometry":{"type":"Point","coordinates":[121.6128572,25.0554833]}},{"type":"Feature","properties":{"label":"市場／夜市","group":"生活影響設施","radius":300,"name":"金龍公有市場"},"geometry":{"type":"Point","coordinates":[121.6297077,25.0684919]}},{"type":"Feature","properties":{"label":"宗教活動設施","group":"生活影響設施","radius":300,"name":"興安宮"},"geometry":{"type":"Point","coordinates":[121.583888,25.0546126]}},{"type":"Feature","properties":{"label":"學校／幼兒園","group":"生活影響設施","radius":300,"name":"尖山國中"},"geometry":{"type":"Point","coordinates":[121.3433329,24.9444671]}},{"type":"Feature","properties":{"label":"市場／夜市","group":"生活影響設施","radius":300,"name":"江寧市場"},"geometry":{"type":"Point","coordinates":[121.5394492,25.0616154]}},{"type":"Feature","properties":{"label":"學校／幼兒園","group":"生活影響設施","radius":300,"name":"淡江大學城區部"},"geometry":{"type":"Point","coordinates":[121.5284702,25.0310258]}},{"type":"Feature","properties":{"label":"醫院／急診","group":"生活影響設施","radius":500,"name":"仁愛院區"},"geometry":{"type":"Point","coordinates":[121.5451691,25.0372302]}},{"type":"Feature","properties":{"label":"醫院／急診","group":"生活影響設施","radius":500,"name":"中山醫院"},"geometry":{"type":"Point","coordinates":[121.5499617,25.0365374]}},{"type":"Feature","properties":{"label":"醫院／急診","group":"生活影響設施","radius":500,"name":"新北市立聯合醫院板橋院區"},"geometry":{"type":"Point","coordinates":[121.4578243,25.0232989]}},{"type":"Feature","properties":{"label":"學校／幼兒園","group":"生活影響設施","radius":300,"name":"柑園國小"},"geometry":{"type":"Point","coordinates":[121.3898219,24.9555553]}},{"type":"Feature","properties":{"label":"學校／幼兒園","group":"生活影響設施","radius":300,"name":"桃子腳國中小"},"geometry":{"type":"Point","coordinates":[121.3824966,24.9498784]}},{"type":"Feature","properties":{"label":"宗教活動設施","group":"生活影響設施","radius":300,"name":"妙侊寺"},"geometry":{"type":"Point","coordinates":[121.5395857,25.0952023]}},{"type":"Feature","properties":{"label":"市場／夜市","group":"生活影響設施","radius":300,"name":"中研市場"},"geometry":{"type":"Point","coordinates":[121.6145816,25.045326]}},{"type":"Feature","properties":{"label":"消防隊","group":"生活影響設施","radius":300,"name":"舊莊消防分隊"},"geometry":{"type":"Point","coordinates":[121.61516,25.0450037]}},{"type":"Feature","properties":{"label":"醫院／急診","group":"生活影響設施","radius":500,"name":"郵政醫院"},"geometry":{"type":"Point","coordinates":[121.518826,25.0285989]}},{"type":"Feature","properties":{"label":"學校／幼兒園","group":"生活影響設施","radius":300,"name":"明志國小"},"geometry":{"type":"Point","coordinates":[121.4269546,25.0450279]}},{"type":"Feature","properties":{"label":"學校／幼兒園","group":"生活影響設施","radius":300,"name":"泰山國小"},"geometry":{"type":"Point","coordinates":[121.4315727,25.0615563]}},{"type":"Feature","properties":{"label":"學校／幼兒園","group":"生活影響設施","radius":300,"name":"私立新力幼稚園"},"geometry":{"type":"Point","coordinates":[121.5821842,25.0762306]}},{"type":"Feature","properties":{"label":"消防隊","group":"生活影響設施","radius":300,"name":"新北市消防局板橋分隊"},"geometry":{"type":"Point","coordinates":[121.4634153,24.9992288]}},{"type":"Feature","properties":{"label":"醫院／急診","group":"生活影響設施","radius":500,"name":"中國醫藥大學附設醫院臺北分院"},"geometry":{"type":"Point","coordinates":[121.59074,25.0821248]}},{"type":"Feature","properties":{"label":"市場／夜市","group":"生活影響設施","radius":300,"name":"華新市場"},"geometry":{"type":"Point","coordinates":[121.5066773,24.9842308]}},{"type":"Feature","properties":{"label":"學校／幼兒園","group":"生活影響設施","radius":300,"name":"林口國中"},"geometry":{"type":"Point","coordinates":[121.3771349,25.0768811]}},{"type":"Feature","properties":{"label":"宗教活動設施","group":"生活影響設施","radius":300,"name":"臨濟宗護國禪寺"},"geometry":{"type":"Point","coordinates":[121.5211061,25.0726235]}},{"type":"Feature","properties":{"label":"軍事設施","group":"生活影響設施","radius":500,"name":"OSM 未命名設施"},"geometry":{"type":"Point","coordinates":[121.5085213,25.0401213]}},{"type":"Feature","properties":{"label":"軍事設施","group":"生活影響設施","radius":500,"name":"中華營區"},"geometry":{"type":"Point","coordinates":[121.5086768,25.0408047]}},{"type":"Feature","properties":{"label":"醫院／急診","group":"生活影響設施","radius":500,"name":"臺北市立聯合醫院和平婦幼院區和平院址"},"geometry":{"type":"Point","coordinates":[121.5070087,25.0353885]}},{"type":"Feature","properties":{"label":"宗教活動設施","group":"生活影響設施","radius":300,"name":"松山慈祐宮"},"geometry":{"type":"Point","coordinates":[121.5776446,25.0512928]}},{"type":"Feature","properties":{"label":"宗教活動設施","group":"生活影響設施","radius":300,"name":"艋舺龍山寺"},"geometry":{"type":"Point","coordinates":[121.4998814,25.0372759]}},{"type":"Feature","properties":{"label":"市場／夜市","group":"生活影響設施","radius":300,"name":"永樂布業商場"},"geometry":{"type":"Point","coordinates":[121.5105269,25.0549446]}},{"type":"Feature","properties":{"label":"宗教活動設施","group":"生活影響設施","radius":300,"name":"福興宮"},"geometry":{"type":"Point","coordinates":[121.5126413,25.0557898]}},{"type":"Feature","properties":{"label":"宗教活動設施","group":"生活影響設施","radius":300,"name":"慈聖宮"},"geometry":{"type":"Point","coordinates":[121.5123959,25.0602397]}},{"type":"Feature","properties":{"label":"宗教活動設施","group":"生活影響設施","radius":300,"name":"法主公廟"},"geometry":{"type":"Point","coordinates":[121.5121728,25.0538095]}},{"type":"Feature","properties":{"label":"醫院／急診","group":"生活影響設施","radius":500,"name":"臺北市立聯合醫院中興院區"},"geometry":{"type":"Point","coordinates":[121.5091639,25.0512131]}},{"type":"Feature","properties":{"label":"宗教活動設施","group":"生活影響設施","radius":300,"name":"霞海城隍廟"},"geometry":{"type":"Point","coordinates":[121.5102156,25.0555972]}},{"type":"Feature","properties":{"label":"宗教活動設施","group":"生活影響設施","radius":300,"name":"清水巖祖師廟"},"geometry":{"type":"Point","coordinates":[121.5027978,25.0402074]}},{"type":"Feature","properties":{"label":"學校／幼兒園","group":"生活影響設施","radius":300,"name":"成州國小"},"geometry":{"type":"Point","coordinates":[121.4498303,25.0996771]}},{"type":"Feature","properties":{"label":"市場／夜市","group":"生活影響設施","radius":300,"name":"OSM 未命名設施"},"geometry":{"type":"Point","coordinates":[121.4503883,25.1013079]}},{"type":"Feature","properties":{"label":"市場／夜市","group":"生活影響設施","radius":300,"name":"雙連市場"},"geometry":{"type":"Point","coordinates":[121.5164951,25.0568847]}},{"type":"Feature","properties":{"label":"宗教活動設施","group":"生活影響設施","radius":300,"name":"菩提講堂"},"geometry":{"type":"Point","coordinates":[121.5200621,25.0522054]}},{"type":"Feature","properties":{"label":"市場／夜市","group":"生活影響設施","radius":300,"name":"彭厝黃昏市場"},"geometry":{"type":"Point","coordinates":[121.4188491,24.9786207]}},{"type":"Feature","properties":{"label":"醫院／急診","group":"生活影響設施","radius":500,"name":"仁愛醫院"},"geometry":{"type":"Point","coordinates":[121.4199454,24.9870984]}},{"type":"Feature","properties":{"label":"宗教活動設施","group":"生活影響設施","radius":300,"name":"耶穌聖心堂"},"geometry":{"type":"Point","coordinates":[121.4219927,24.9897988]}},{"type":"Feature","properties":{"label":"市場／夜市","group":"生活影響設施","radius":300,"name":"八德市場"},"geometry":{"type":"Point","coordinates":[121.5366513,25.0454596]}},{"type":"Feature","properties":{"label":"學校／幼兒園","group":"生活影響設施","radius":300,"name":"國立臺北大學民生校區"},"geometry":{"type":"Point","coordinates":[121.5422254,25.0586892]}},{"type":"Feature","properties":{"label":"宗教活動設施","group":"生活影響設施","radius":300,"name":"北聖宮"},"geometry":{"type":"Point","coordinates":[121.501909,24.992406]}},{"type":"Feature","properties":{"label":"宗教活動設施","group":"生活影響設施","radius":300,"name":"懷恩堂"},"geometry":{"type":"Point","coordinates":[121.5329784,25.0178156]}},{"type":"Feature","properties":{"label":"學校／幼兒園","group":"生活影響設施","radius":300,"name":"私立大同大學"},"geometry":{"type":"Point","coordinates":[121.5211106,25.0670632]}},{"type":"Feature","properties":{"label":"學校／幼兒園","group":"生活影響設施","radius":300,"name":"鷺江國中"},"geometry":{"type":"Point","coordinates":[121.4614273,25.0909714]}},{"type":"Feature","properties":{"label":"宗教活動設施","group":"生活影響設施","radius":300,"name":"艋舺集義宮"},"geometry":{"type":"Point","coordinates":[121.501423,25.0348654]}},{"type":"Feature","properties":{"label":"學校／幼兒園","group":"生活影響設施","radius":300,"name":"三重商工"},"geometry":{"type":"Point","coordinates":[121.481214,25.0694267]}},{"type":"Feature","properties":{"label":"學校／幼兒園","group":"生活影響設施","radius":300,"name":"穀保家商"},"geometry":{"type":"Point","coordinates":[121.4715886,25.069201]}},{"type":"Feature","properties":{"label":"學校／幼兒園","group":"生活影響設施","radius":300,"name":"格致高中"},"geometry":{"type":"Point","coordinates":[121.4880769,25.0735596]}},{"type":"Feature","properties":{"label":"學校／幼兒園","group":"生活影響設施","radius":300,"name":"彬彬幼稚園"},"geometry":{"type":"Point","coordinates":[121.452905,25.0088278]}},{"type":"Feature","properties":{"label":"宗教活動設施","group":"生活影響設施","radius":300,"name":"接雲寺"},"geometry":{"type":"Point","coordinates":[121.4544638,25.0089496]}},{"type":"Feature","properties":{"label":"宗教活動設施","group":"生活影響設施","radius":300,"name":"慈惠宮"},"geometry":{"type":"Point","coordinates":[121.4574026,25.0092538]}},{"type":"Feature","properties":{"label":"宗教活動設施","group":"生活影響設施","radius":300,"name":"福和宮"},"geometry":{"type":"Point","coordinates":[121.5015932,25.0016409]}},{"type":"Feature","properties":{"label":"宗教活動設施","group":"生活影響設施","radius":300,"name":"中和禪寺"},"geometry":{"type":"Point","coordinates":[121.5075291,25.1306148]}},{"type":"Feature","properties":{"label":"學校／幼兒園","group":"生活影響設施","radius":300,"name":"中港國小"},"geometry":{"type":"Point","coordinates":[121.4470102,25.0459089]}},{"type":"Feature","properties":{"label":"軍事設施","group":"生活影響設施","radius":500,"name":"OSM 未命名設施"},"geometry":{"type":"Point","coordinates":[121.5213482,25.1022148]}},{"type":"Feature","properties":{"label":"宗教活動設施","group":"生活影響設施","radius":300,"name":"法鼓山雲來寺"},"geometry":{"type":"Point","coordinates":[121.5068792,25.1284875]}},{"type":"Feature","properties":{"label":"學校／幼兒園","group":"生活影響設施","radius":300,"name":"中信國小"},"geometry":{"type":"Point","coordinates":[121.4488195,25.0563326]}},{"type":"Feature","properties":{"label":"學校／幼兒園","group":"生活影響設施","radius":300,"name":"昌平國小"},"geometry":{"type":"Point","coordinates":[121.4557597,25.0564881]}},{"type":"Feature","properties":{"label":"學校／幼兒園","group":"生活影響設施","radius":300,"name":"昌隆國小"},"geometry":{"type":"Point","coordinates":[121.4557851,25.051562]}},{"type":"Feature","properties":{"label":"宗教活動設施","group":"生活影響設施","radius":300,"name":"慈濟靜思堂"},"geometry":{"type":"Point","coordinates":[121.4772281,25.0049286]}},{"type":"Feature","properties":{"label":"市場／夜市","group":"生活影響設施","radius":300,"name":"福壽市場"},"geometry":{"type":"Point","coordinates":[121.4575289,25.0511154]}},{"type":"Feature","properties":{"label":"學校／幼兒園","group":"生活影響設施","radius":300,"name":"新莊國小"},"geometry":{"type":"Point","coordinates":[121.4561072,25.0375616]}},{"type":"Feature","properties":{"label":"軍事設施","group":"生活影響設施","radius":500,"name":"濱海作戰指揮部"},"geometry":{"type":"Point","coordinates":[121.4277307,25.1763244]}},{"type":"Feature","properties":{"label":"軍事設施","group":"生活影響設施","radius":500,"name":"OSM 未命名設施"},"geometry":{"type":"Point","coordinates":[121.4174637,25.1832463]}},{"type":"Feature","properties":{"label":"宗教活動設施","group":"生活影響設施","radius":300,"name":"臺灣基督長老教會"},"geometry":{"type":"Point","coordinates":[121.5125148,25.059601]}},{"type":"Feature","properties":{"label":"宗教活動設施","group":"生活影響設施","radius":300,"name":"先嗇宮"},"geometry":{"type":"Point","coordinates":[121.4761497,25.0506127]}},{"type":"Feature","properties":{"label":"學校／幼兒園","group":"生活影響設施","radius":300,"name":"金陵女中"},"geometry":{"type":"Point","coordinates":[121.4679435,25.0424036]}},{"type":"Feature","properties":{"label":"市場／夜市","group":"生活影響設施","radius":300,"name":"OSM 未命名設施"},"geometry":{"type":"Point","coordinates":[121.4829246,24.9978325]}},{"type":"Feature","properties":{"label":"宗教活動設施","group":"生活影響設施","radius":300,"name":"大安教會"},"geometry":{"type":"Point","coordinates":[121.5469632,25.0265683]}},{"type":"Feature","properties":{"label":"宗教活動設施","group":"生活影響設施","radius":300,"name":"深丘福德宮"},"geometry":{"type":"Point","coordinates":[121.4677844,25.0112945]}},{"type":"Feature","properties":{"label":"宗教活動設施","group":"生活影響設施","radius":300,"name":"坤元宮"},"geometry":{"type":"Point","coordinates":[121.6131514,25.0602997]}},{"type":"Feature","properties":{"label":"消防隊","group":"生活影響設施","radius":300,"name":"景美分隊"},"geometry":{"type":"Point","coordinates":[121.5411324,24.9923513]}},{"type":"Feature","properties":{"label":"消防隊","group":"生活影響設施","radius":300,"name":"城中分隊"},"geometry":{"type":"Point","coordinates":[121.5134862,25.0469173]}},{"type":"Feature","properties":{"label":"宗教活動設施","group":"生活影響設施","radius":300,"name":"慈恩宮"},"geometry":{"type":"Point","coordinates":[121.4186716,24.9766303]}},{"type":"Feature","properties":{"label":"醫院／急診","group":"生活影響設施","radius":500,"name":"宏恩醫院"},"geometry":{"type":"Point","coordinates":[121.5468202,25.0383516]}},{"type":"Feature","properties":{"label":"宗教活動設施","group":"生活影響設施","radius":300,"name":"宏德宮(孫臏廟)"},"geometry":{"type":"Point","coordinates":[121.3563974,24.9579413]}},{"type":"Feature","properties":{"label":"醫院／急診","group":"生活影響設施","radius":500,"name":"亞東醫院"},"geometry":{"type":"Point","coordinates":[121.4530666,24.9973048]}},{"type":"Feature","properties":{"label":"消防隊","group":"生活影響設施","radius":300,"name":"新北市政府消防局 第五大隊 柑園分隊"},"geometry":{"type":"Point","coordinates":[121.4029599,24.9604458]}},{"type":"Feature","properties":{"label":"軍事設施","group":"生活影響設施","radius":500,"name":"國防部憲兵指揮部"},"geometry":{"type":"Point","coordinates":[121.52578,25.0695071]}},{"type":"Feature","properties":{"label":"宗教活動設施","group":"生活影響設施","radius":300,"name":"福安宮"},"geometry":{"type":"Point","coordinates":[121.5048407,25.1310896]}},{"type":"Feature","properties":{"label":"宗教活動設施","group":"生活影響設施","radius":300,"name":"真聖堂"},"geometry":{"type":"Point","coordinates":[121.5121491,25.0553961]}},{"type":"Feature","properties":{"label":"宗教活動設施","group":"生活影響設施","radius":300,"name":"鎮南宮(千歲廟)"},"geometry":{"type":"Point","coordinates":[121.4248968,24.9951159]}},{"type":"Feature","properties":{"label":"宗教活動設施","group":"生活影響設施","radius":300,"name":"文昌宮"},"geometry":{"type":"Point","coordinates":[121.5210086,25.0591945]}},{"type":"Feature","properties":{"label":"軍事設施","group":"生活影響設施","radius":500,"name":"國防部後備指揮部"},"geometry":{"type":"Point","coordinates":[121.5101326,25.0369095]}},{"type":"Feature","properties":{"label":"學校／幼兒園","group":"生活影響設施","radius":300,"name":"聖言幼兒園"},"geometry":{"type":"Point","coordinates":[121.4219863,24.9900493]}},{"type":"Feature","properties":{"label":"宗教活動設施","group":"生活影響設施","radius":300,"name":"約翰堂"},"geometry":{"type":"Point","coordinates":[121.4220187,24.9902467]}},{"type":"Feature","properties":{"label":"宗教活動設施","group":"生活影響設施","radius":300,"name":"台北市中華基督教青年會"},"geometry":{"type":"Point","coordinates":[121.5165636,25.0457275]}},{"type":"Feature","properties":{"label":"宗教活動設施","group":"生活影響設施","radius":300,"name":"汐止長老教會"},"geometry":{"type":"Point","coordinates":[121.6624412,25.0699567]}},{"type":"Feature","properties":{"label":"宗教活動設施","group":"生活影響設施","radius":300,"name":"OSM 未命名設施"},"geometry":{"type":"Point","coordinates":[121.4638441,25.1206235]}},{"type":"Feature","properties":{"label":"醫院／急診","group":"生活影響設施","radius":500,"name":"關渡醫院"},"geometry":{"type":"Point","coordinates":[121.4662021,25.1204778]}},{"type":"Feature","properties":{"label":"宗教活動設施","group":"生活影響設施","radius":300,"name":"福山巖顯應廟"},"geometry":{"type":"Point","coordinates":[121.6188364,25.0463601]}},{"type":"Feature","properties":{"label":"學校／幼兒園","group":"生活影響設施","radius":300,"name":"北大高中"},"geometry":{"type":"Point","coordinates":[121.3756767,24.9484091]}},{"type":"Feature","properties":{"label":"軍事設施","group":"生活影響設施","radius":500,"name":"國軍(板橋)福利站"},"geometry":{"type":"Point","coordinates":[121.4648801,25.0206109]}},{"type":"Feature","properties":{"label":"醫院／急診","group":"生活影響設施","radius":500,"name":"忠孝院區"},"geometry":{"type":"Point","coordinates":[121.5862227,25.0466758]}},{"type":"Feature","properties":{"label":"學校／幼兒園","group":"生活影響設施","radius":300,"name":"達觀國中小"},"geometry":{"type":"Point","coordinates":[121.5007789,24.9533049]}},{"type":"Feature","properties":{"label":"市場／夜市","group":"生活影響設施","radius":300,"name":"林口菜市場"},"geometry":{"type":"Point","coordinates":[121.3915325,25.0779154]}},{"type":"Feature","properties":{"label":"學校／幼兒園","group":"生活影響設施","radius":300,"name":"國泰國小"},"geometry":{"type":"Point","coordinates":[121.4414664,25.034894]}},{"type":"Feature","properties":{"label":"學校／幼兒園","group":"生活影響設施","radius":300,"name":"竹圍高中"},"geometry":{"type":"Point","coordinates":[121.4626859,25.1457205]}},{"type":"Feature","properties":{"label":"學校／幼兒園","group":"生活影響設施","radius":300,"name":"竹圍國小"},"geometry":{"type":"Point","coordinates":[121.4606619,25.1473979]}},{"type":"Feature","properties":{"label":"宗教活動設施","group":"生活影響設施","radius":300,"name":"南港舊莊福德宮"},"geometry":{"type":"Point","coordinates":[121.6213954,25.0388984]}},{"type":"Feature","properties":{"label":"宗教活動設施","group":"生活影響設施","radius":300,"name":"慈惠堂"},"geometry":{"type":"Point","coordinates":[121.5049123,25.1183308]}},{"type":"Feature","properties":{"label":"宗教活動設施","group":"生活影響設施","radius":300,"name":"福興廟"},"geometry":{"type":"Point","coordinates":[121.3876207,24.955739]}},{"type":"Feature","properties":{"label":"宗教活動設施","group":"生活影響設施","radius":300,"name":"樹西福德宮"},"geometry":{"type":"Point","coordinates":[121.420665,24.9932017]}},{"type":"Feature","properties":{"label":"宗教活動設施","group":"生活影響設施","radius":300,"name":"雙連長老教會"},"geometry":{"type":"Point","coordinates":[121.5233066,25.0601534]}},{"type":"Feature","properties":{"label":"消防隊","group":"生活影響設施","radius":300,"name":"建成分隊"},"geometry":{"type":"Point","coordinates":[121.518478,25.0548027]}},{"type":"Feature","properties":{"label":"宗教活動設施","group":"生活影響設施","radius":300,"name":"Mother of God"},"geometry":{"type":"Point","coordinates":[121.5322926,25.1242517]}},{"type":"Feature","properties":{"label":"宗教活動設施","group":"生活影響設施","radius":300,"name":"福民宮"},"geometry":{"type":"Point","coordinates":[121.5180893,25.0536288]}},{"type":"Feature","properties":{"label":"消防隊","group":"生活影響設施","radius":300,"name":"圓山分隊"},"geometry":{"type":"Point","coordinates":[121.5297909,25.0685987]}},{"type":"Feature","properties":{"label":"學校／幼兒園","group":"生活影響設施","radius":300,"name":"汐止國小"},"geometry":{"type":"Point","coordinates":[121.6545212,25.0669337]}},{"type":"Feature","properties":{"label":"消防隊","group":"生活影響設施","radius":300,"name":"林口消防隊"},"geometry":{"type":"Point","coordinates":[121.3883,25.0788029]}},{"type":"Feature","properties":{"label":"學校／幼兒園","group":"生活影響設施","radius":300,"name":"林口幼稚園"},"geometry":{"type":"Point","coordinates":[121.3891938,25.0798903]}},{"type":"Feature","properties":{"label":"宗教活動設施","group":"生活影響設施","radius":300,"name":"永善寺"},"geometry":{"type":"Point","coordinates":[121.3857639,25.0808855]}},{"type":"Feature","properties":{"label":"宗教活動設施","group":"生活影響設施","radius":300,"name":"延平宮"},"geometry":{"type":"Point","coordinates":[121.5070682,25.0536573]}},{"type":"Feature","properties":{"label":"市場／夜市","group":"生活影響設施","radius":300,"name":"士東市場"},"geometry":{"type":"Point","coordinates":[121.5294469,25.1118779]}},{"type":"Feature","properties":{"label":"學校／幼兒園","group":"生活影響設施","radius":300,"name":"吉的堡"},"geometry":{"type":"Point","coordinates":[121.5929788,25.0679143]}},{"type":"Feature","properties":{"label":"學校／幼兒園","group":"生活影響設施","radius":300,"name":"何嘉仁新湖幼校"},"geometry":{"type":"Point","coordinates":[121.5950411,25.0682056]}},{"type":"Feature","properties":{"label":"學校／幼兒園","group":"生活影響設施","radius":300,"name":"木柵國中"},"geometry":{"type":"Point","coordinates":[121.5671041,24.9874563]}},{"type":"Feature","properties":{"label":"市場／夜市","group":"生活影響設施","radius":300,"name":"南松市場"},"geometry":{"type":"Point","coordinates":[121.5707605,25.050693]}},{"type":"Feature","properties":{"label":"宗教活動設施","group":"生活影響設施","radius":300,"name":"承德福德宮"},"geometry":{"type":"Point","coordinates":[121.5222562,25.0839051]}},{"type":"Feature","properties":{"label":"醫院／急診","group":"生活影響設施","radius":500,"name":"馬偕醫院淡水院區"},"geometry":{"type":"Point","coordinates":[121.4615707,25.1393996]}},{"type":"Feature","properties":{"label":"宗教活動設施","group":"生活影響設施","radius":300,"name":"三介廟"},"geometry":{"type":"Point","coordinates":[121.5164025,24.9878335]}},{"type":"Feature","properties":{"label":"宗教活動設施","group":"生活影響設施","radius":300,"name":"仁愛堂"},"geometry":{"type":"Point","coordinates":[121.530772,25.0444132]}},{"type":"Feature","properties":{"label":"學校／幼兒園","group":"生活影響設施","radius":300,"name":"秀峰高中"},"geometry":{"type":"Point","coordinates":[121.6607038,25.0663757]}},{"type":"Feature","properties":{"label":"學校／幼兒園","group":"生活影響設施","radius":300,"name":"南華高中進修學校"},"geometry":{"type":"Point","coordinates":[121.5310222,25.0156351]}},{"type":"Feature","properties":{"label":"宗教活動設施","group":"生活影響設施","radius":300,"name":"福龍宮"},"geometry":{"type":"Point","coordinates":[121.6573161,25.064794]}},{"type":"Feature","properties":{"label":"市場／夜市","group":"生活影響設施","radius":300,"name":"汐止秀豐市場"},"geometry":{"type":"Point","coordinates":[121.6585027,25.0662146]}},{"type":"Feature","properties":{"label":"學校／幼兒園","group":"生活影響設施","radius":300,"name":"中園國小"},"geometry":{"type":"Point","coordinates":[121.3665712,24.9281429]}},{"type":"Feature","properties":{"label":"學校／幼兒園","group":"生活影響設施","radius":300,"name":"八里國小"},"geometry":{"type":"Point","coordinates":[121.4031767,25.1499159]}},{"type":"Feature","properties":{"label":"學校／幼兒園","group":"生活影響設施","radius":300,"name":"德音國小"},"geometry":{"type":"Point","coordinates":[121.4348672,25.0718408]}},{"type":"Feature","properties":{"label":"學校／幼兒園","group":"生活影響設施","radius":300,"name":"麗園國小"},"geometry":{"type":"Point","coordinates":[121.3762291,25.0690713]}},{"type":"Feature","properties":{"label":"學校／幼兒園","group":"生活影響設施","radius":300,"name":"頭湖國小"},"geometry":{"type":"Point","coordinates":[121.3721125,25.0826982]}},{"type":"Feature","properties":{"label":"學校／幼兒園","group":"生活影響設施","radius":300,"name":"南勢國小"},"geometry":{"type":"Point","coordinates":[121.3584099,25.0750734]}},{"type":"Feature","properties":{"label":"宗教活動設施","group":"生活影響設施","radius":300,"name":"永福岩(土城清水祖師)"},"geometry":{"type":"Point","coordinates":[121.4176521,24.9581735]}},{"type":"Feature","properties":{"label":"學校／幼兒園","group":"生活影響設施","radius":300,"name":"頂埔國小"},"geometry":{"type":"Point","coordinates":[121.4146534,24.9554799]}},{"type":"Feature","properties":{"label":"市場／夜市","group":"生活影響設施","radius":300,"name":"頂埔市場"},"geometry":{"type":"Point","coordinates":[121.4153851,24.9579772]}},{"type":"Feature","properties":{"label":"學校／幼兒園","group":"生活影響設施","radius":300,"name":"附設幼稚園"},"geometry":{"type":"Point","coordinates":[121.5051979,25.0015853]}},{"type":"Feature","properties":{"label":"學校／幼兒園","group":"生活影響設施","radius":300,"name":"金龍國小"},"geometry":{"type":"Point","coordinates":[121.6278741,25.0688218]}},{"type":"Feature","properties":{"label":"市場／夜市","group":"生活影響設施","radius":300,"name":"建國市場"},"geometry":{"type":"Point","coordinates":[121.5345368,25.0534132]}},{"type":"Feature","properties":{"label":"消防隊","group":"生活影響設施","radius":300,"name":"新莊分隊"},"geometry":{"type":"Point","coordinates":[121.4509095,25.0360655]}},{"type":"Feature","properties":{"label":"市場／夜市","group":"生活影響設施","radius":300,"name":"直興市場"},"geometry":{"type":"Point","coordinates":[121.5012111,25.0396589]}},{"type":"Feature","properties":{"label":"軍事設施","group":"生活影響設施","radius":500,"name":"OSM 未命名設施"},"geometry":{"type":"Point","coordinates":[121.546889,25.0653391]}},{"type":"Feature","properties":{"label":"軍事設施","group":"生活影響設施","radius":500,"name":"OSM 未命名設施"},"geometry":{"type":"Point","coordinates":[121.547192,25.0651054]}},{"type":"Feature","properties":{"label":"宗教活動設施","group":"生活影響設施","radius":300,"name":"景福宮"},"geometry":{"type":"Point","coordinates":[121.5255329,25.0669723]}},{"type":"Feature","properties":{"label":"學校／幼兒園","group":"生活影響設施","radius":300,"name":"稻江護家"},"geometry":{"type":"Point","coordinates":[121.529074,25.0656711]}},{"type":"Feature","properties":{"label":"學校／幼兒園","group":"生活影響設施","radius":300,"name":"私立雙連幼稚園"},"geometry":{"type":"Point","coordinates":[121.5054665,25.1147018]}},{"type":"Feature","properties":{"label":"宗教活動設施","group":"生活影響設施","radius":300,"name":"中和樂天宮"},"geometry":{"type":"Point","coordinates":[121.4995373,24.9867546]}},{"type":"Feature","properties":{"label":"宗教活動設施","group":"生活影響設施","radius":300,"name":"福壽宮"},"geometry":{"type":"Point","coordinates":[121.52084,25.0749016]}},{"type":"Feature","properties":{"label":"宗教活動設施","group":"生活影響設施","radius":300,"name":"葫蘆寺"},"geometry":{"type":"Point","coordinates":[121.5084967,25.0852221]}},{"type":"Feature","properties":{"label":"宗教活動設施","group":"生活影響設施","radius":300,"name":"蘇府王爺廟"},"geometry":{"type":"Point","coordinates":[121.4266914,25.1766193]}},{"type":"Feature","properties":{"label":"宗教活動設施","group":"生活影響設施","radius":300,"name":"南港長老教會"},"geometry":{"type":"Point","coordinates":[121.6154534,25.0523868]}},{"type":"Feature","properties":{"label":"學校／幼兒園","group":"生活影響設施","radius":300,"name":"大千幼稚園"},"geometry":{"type":"Point","coordinates":[121.5872859,25.0406361]}},{"type":"Feature","properties":{"label":"宗教活動設施","group":"生活影響設施","radius":300,"name":"大禮拜堂"},"geometry":{"type":"Point","coordinates":[121.4371242,25.1760434]}},{"type":"Feature","properties":{"label":"學校／幼兒園","group":"生活影響設施","radius":300,"name":"昌福國小"},"geometry":{"type":"Point","coordinates":[121.3393777,24.9553887]}},{"type":"Feature","properties":{"label":"軍事設施","group":"生活影響設施","radius":500,"name":"新北憲兵隊"},"geometry":{"type":"Point","coordinates":[121.4753085,25.0141747]}},{"type":"Feature","properties":{"label":"宗教活動設施","group":"生活影響設施","radius":300,"name":"慈善宮"},"geometry":{"type":"Point","coordinates":[121.5034354,25.1393805]}},{"type":"Feature","properties":{"label":"學校／幼兒園","group":"生活影響設施","radius":300,"name":"建國國小"},"geometry":{"type":"Point","coordinates":[121.3459527,24.9550525]}},{"type":"Feature","properties":{"label":"市場／夜市","group":"生活影響設施","radius":300,"name":"中崙市場臨時攤棚"},"geometry":{"type":"Point","coordinates":[121.5529987,25.0478556]}},{"type":"Feature","properties":{"label":"醫院／急診","group":"生活影響設施","radius":500,"name":"馬偕紀念醫院"},"geometry":{"type":"Point","coordinates":[121.5222197,25.0585791]}},{"type":"Feature","properties":{"label":"宗教活動設施","group":"生活影響設施","radius":300,"name":"慈濟萬華靜思堂"},"geometry":{"type":"Point","coordinates":[121.5002243,25.0314139]}},{"type":"Feature","properties":{"label":"消防隊","group":"生活影響設施","radius":300,"name":"OSM 未命名設施"},"geometry":{"type":"Point","coordinates":[121.6072297,25.0547195]}},{"type":"Feature","properties":{"label":"醫院／急診","group":"生活影響設施","radius":500,"name":"林森中醫昆明院區林森分部"},"geometry":{"type":"Point","coordinates":[121.5254561,25.063503]}},{"type":"Feature","properties":{"label":"宗教活動設施","group":"生活影響設施","radius":300,"name":"聖女小德蘭朝聖地"},"geometry":{"type":"Point","coordinates":[121.4991636,25.0322291]}},{"type":"Feature","properties":{"label":"消防隊","group":"生活影響設施","radius":300,"name":"台北市義勇消防大隊雙園中隊第二分隊"},"geometry":{"type":"Point","coordinates":[121.5075873,25.0303801]}},{"type":"Feature","properties":{"label":"醫院／急診","group":"生活影響設施","radius":500,"name":"廣川醫院"},"geometry":{"type":"Point","coordinates":[121.4549437,24.982208]}},{"type":"Feature","properties":{"label":"消防隊","group":"生活影響設施","radius":300,"name":"台北市義勇消防大隊龍山中隊第一分隊"},"geometry":{"type":"Point","coordinates":[121.5003411,25.0350373]}},{"type":"Feature","properties":{"label":"市場／夜市","group":"生活影響設施","radius":300,"name":"晴光市場"},"geometry":{"type":"Point","coordinates":[121.5236592,25.0643577]}},{"type":"Feature","properties":{"label":"軍事設施","group":"生活影響設施","radius":500,"name":"OSM 未命名設施"},"geometry":{"type":"Point","coordinates":[121.5468779,25.0651425]}},{"type":"Feature","properties":{"label":"宗教活動設施","group":"生活影響設施","radius":300,"name":"燕山黃大宗祠"},"geometry":{"type":"Point","coordinates":[121.4960999,25.0370445]}},{"type":"Feature","properties":{"label":"宗教活動設施","group":"生活影響設施","radius":300,"name":"第一長老教會"},"geometry":{"type":"Point","coordinates":[121.5351337,25.0507069]}},{"type":"Feature","properties":{"label":"宗教活動設施","group":"生活影響設施","radius":300,"name":"先天道院"},"geometry":{"type":"Point","coordinates":[121.4951785,25.0234628]}},{"type":"Feature","properties":{"label":"市場／夜市","group":"生活影響設施","radius":300,"name":"景新街菜市場"},"geometry":{"type":"Point","coordinates":[121.5134132,24.9904972]}},{"type":"Feature","properties":{"label":"宗教活動設施","group":"生活影響設施","radius":300,"name":"艋舺福興宮"},"geometry":{"type":"Point","coordinates":[121.494809,25.0349993]}},{"type":"Feature","properties":{"label":"市場／夜市","group":"生活影響設施","radius":300,"name":"台北鐘錶批發廣場"},"geometry":{"type":"Point","coordinates":[121.4960604,25.0345662]}},{"type":"Feature","properties":{"label":"市場／夜市","group":"生活影響設施","radius":300,"name":"枋寮市場"},"geometry":{"type":"Point","coordinates":[121.5007696,25.0003956]}},{"type":"Feature","properties":{"label":"宗教活動設施","group":"生活影響設施","radius":300,"name":"正義浸信會"},"geometry":{"type":"Point","coordinates":[121.5421265,25.0400248]}},{"type":"Feature","properties":{"label":"學校／幼兒園","group":"生活影響設施","radius":300,"name":"大蘋果幼幼園"},"geometry":{"type":"Point","coordinates":[121.4481977,25.0443541]}},{"type":"Feature","properties":{"label":"宗教活動設施","group":"生活影響設施","radius":300,"name":"長慶廟"},"geometry":{"type":"Point","coordinates":[121.5218972,25.0249836]}},{"type":"Feature","properties":{"label":"市場／夜市","group":"生活影響設施","radius":300,"name":"松山市場"},"geometry":{"type":"Point","coordinates":[121.576059,25.0503765]}},{"type":"Feature","properties":{"label":"宗教活動設施","group":"生活影響設施","radius":300,"name":"慈福宮"},"geometry":{"type":"Point","coordinates":[121.5798257,25.0518857]}},{"type":"Feature","properties":{"label":"宗教活動設施","group":"生活影響設施","radius":300,"name":"松山水福宮"},"geometry":{"type":"Point","coordinates":[121.571871,25.0507674]}},{"type":"Feature","properties":{"label":"宗教活動設施","group":"生活影響設施","radius":300,"name":"長老教會松山教會"},"geometry":{"type":"Point","coordinates":[121.573943,25.0506257]}},{"type":"Feature","properties":{"label":"宗教活動設施","group":"生活影響設施","radius":300,"name":"通法禪寺"},"geometry":{"type":"Point","coordinates":[121.5170481,25.0261153]}},{"type":"Feature","properties":{"label":"宗教活動設施","group":"生活影響設施","radius":300,"name":"福德宮"},"geometry":{"type":"Point","coordinates":[121.4310417,24.9880774]}},{"type":"Feature","properties":{"label":"消防隊","group":"生活影響設施","radius":300,"name":"消防局溪崑分隊"},"geometry":{"type":"Point","coordinates":[121.4303905,24.9887172]}},{"type":"Feature","properties":{"label":"宗教活動設施","group":"生活影響設施","radius":300,"name":"耶穌基督後期聖徒教會土城支會"},"geometry":{"type":"Point","coordinates":[121.4443395,24.9837377]}},{"type":"Feature","properties":{"label":"醫院／急診","group":"生活影響設施","radius":500,"name":"萬華醫院"},"geometry":{"type":"Point","coordinates":[121.5097325,25.0240334]}},{"type":"Feature","properties":{"label":"消防隊","group":"生活影響設施","radius":300,"name":"金華分隊"},"geometry":{"type":"Point","coordinates":[121.5278572,25.0326363]}},{"type":"Feature","properties":{"label":"消防隊","group":"生活影響設施","radius":300,"name":"新北市政府消防局"},"geometry":{"type":"Point","coordinates":[121.4541049,25.0011041]}},{"type":"Feature","properties":{"label":"宗教活動設施","group":"生活影響設施","radius":300,"name":"福生宮"},"geometry":{"type":"Point","coordinates":[121.6180917,25.0702875]}},{"type":"Feature","properties":{"label":"市場／夜市","group":"生活影響設施","radius":300,"name":"民享公有零售市場"},"geometry":{"type":"Point","coordinates":[121.4742788,25.0035551]}},{"type":"Feature","properties":{"label":"市場／夜市","group":"生活影響設施","radius":300,"name":"南雅觀光夜市"},"geometry":{"type":"Point","coordinates":[121.4547333,25.0070708]}},{"type":"Feature","properties":{"label":"醫院／急診","group":"生活影響設施","radius":500,"name":"恩樺醫院"},"geometry":{"type":"Point","coordinates":[121.4489394,24.9910901]}},{"type":"Feature","properties":{"label":"學校／幼兒園","group":"生活影響設施","radius":300,"name":"臺北市立育航幼兒園"},"geometry":{"type":"Point","coordinates":[121.5387604,25.0544523]}},{"type":"Feature","properties":{"label":"宗教活動設施","group":"生活影響設施","radius":300,"name":"行道會台北教會"},"geometry":{"type":"Point","coordinates":[121.5508896,25.0426389]}},{"type":"Feature","properties":{"label":"宗教活動設施","group":"生活影響設施","radius":300,"name":"臺北公館教會"},"geometry":{"type":"Point","coordinates":[121.5375047,25.0074537]}},{"type":"Feature","properties":{"label":"宗教活動設施","group":"生活影響設施","radius":300,"name":"河濱福德宮"},"geometry":{"type":"Point","coordinates":[121.5358215,25.0104231]}},{"type":"Feature","properties":{"label":"宗教活動設施","group":"生活影響設施","radius":300,"name":"忠義廟"},"geometry":{"type":"Point","coordinates":[121.4616314,25.0814212]}},{"type":"Feature","properties":{"label":"醫院／急診","group":"生活影響設施","radius":500,"name":"汐止國泰綜合醫院"},"geometry":{"type":"Point","coordinates":[121.6608682,25.0727226]}},{"type":"Feature","properties":{"label":"宗教活動設施","group":"生活影響設施","radius":300,"name":"台北基督徒聚會處"},"geometry":{"type":"Point","coordinates":[121.5126861,25.031738]}},{"type":"Feature","properties":{"label":"醫院／急診","group":"生活影響設施","radius":500,"name":"耕莘醫院安康分院"},"geometry":{"type":"Point","coordinates":[121.5040504,24.9538369]}},{"type":"Feature","properties":{"label":"宗教活動設施","group":"生活影響設施","radius":300,"name":"玄如慈惠堂"},"geometry":{"type":"Point","coordinates":[121.3556547,24.9554248]}},{"type":"Feature","properties":{"label":"醫院／急診","group":"生活影響設施","radius":500,"name":"景美醫院"},"geometry":{"type":"Point","coordinates":[121.5397788,24.9911355]}},{"type":"Feature","properties":{"label":"市場／夜市","group":"生活影響設施","radius":300,"name":"長春市場"},"geometry":{"type":"Point","coordinates":[121.5423796,25.0548598]}},{"type":"Feature","properties":{"label":"學校／幼兒園","group":"生活影響設施","radius":300,"name":"鳳鳴國小"},"geometry":{"type":"Point","coordinates":[121.3358594,24.9686385]}},{"type":"Feature","properties":{"label":"宗教活動設施","group":"生活影響設施","radius":300,"name":"廣安宮"},"geometry":{"type":"Point","coordinates":[121.638384,25.2219718]}},{"type":"Feature","properties":{"label":"宗教活動設施","group":"生活影響設施","radius":300,"name":"慈后宮"},"geometry":{"type":"Point","coordinates":[121.5021484,25.1283137]}},{"type":"Feature","properties":{"label":"宗教活動設施","group":"生活影響設施","radius":300,"name":"興雅福德宮"},"geometry":{"type":"Point","coordinates":[121.5686714,25.0445951]}},{"type":"Feature","properties":{"label":"宗教活動設施","group":"生活影響設施","radius":300,"name":"福興宮"},"geometry":{"type":"Point","coordinates":[121.5569839,25.033954]}},{"type":"Feature","properties":{"label":"宗教活動設施","group":"生活影響設施","radius":300,"name":"聖榮宮"},"geometry":{"type":"Point","coordinates":[121.3413242,24.9468284]}},{"type":"Feature","properties":{"label":"消防隊","group":"生活影響設施","radius":300,"name":"莊敬分隊"},"geometry":{"type":"Point","coordinates":[121.5650479,25.0296001]}},{"type":"Feature","properties":{"label":"市場／夜市","group":"生活影響設施","radius":300,"name":"傳統菜市場"},"geometry":{"type":"Point","coordinates":[121.4773559,25.069219]}},{"type":"Feature","properties":{"label":"宗教活動設施","group":"生活影響設施","radius":300,"name":"後埔福德宮"},"geometry":{"type":"Point","coordinates":[121.4619623,25.007331]}},{"type":"Feature","properties":{"label":"宗教活動設施","group":"生活影響設施","radius":300,"name":"妙雲宮"},"geometry":{"type":"Point","coordinates":[121.4616886,25.0077151]}},{"type":"Feature","properties":{"label":"醫院／急診","group":"生活影響設施","radius":500,"name":"恩主公醫院"},"geometry":{"type":"Point","coordinates":[121.3627882,24.9377959]}},{"type":"Feature","properties":{"label":"宗教活動設施","group":"生活影響設施","radius":300,"name":"慈濟靜思堂"},"geometry":{"type":"Point","coordinates":[121.5386496,25.0436937]}},{"type":"Feature","properties":{"label":"學校／幼兒園","group":"生活影響設施","radius":300,"name":"私立永華托兒所"},"geometry":{"type":"Point","coordinates":[121.4981579,24.9983596]}},{"type":"Feature","properties":{"label":"消防隊","group":"生活影響設施","radius":300,"name":"延平分隊"},"geometry":{"type":"Point","coordinates":[121.511379,25.0503449]}},{"type":"Feature","properties":{"label":"醫院／急診","group":"生活影響設施","radius":500,"name":"台安醫院"},"geometry":{"type":"Point","coordinates":[121.5473329,25.0475176]}},{"type":"Feature","properties":{"label":"醫院／急診","group":"生活影響設施","radius":500,"name":"中正區健康服務中心"},"geometry":{"type":"Point","coordinates":[121.5158713,25.0303982]}},{"type":"Feature","properties":{"label":"宗教活動設施","group":"生活影響設施","radius":300,"name":"順惠廟"},"geometry":{"type":"Point","coordinates":[121.6172931,25.0452648]}},{"type":"Feature","properties":{"label":"學校／幼兒園","group":"生活影響設施","radius":300,"name":"喬幼一江幼兒園"},"geometry":{"type":"Point","coordinates":[121.5316303,25.0526666]}},{"type":"Feature","properties":{"label":"宗教活動設施","group":"生活影響設施","radius":300,"name":"景美進興宮"},"geometry":{"type":"Point","coordinates":[121.5419599,24.9915264]}},{"type":"Feature","properties":{"label":"宗教活動設施","group":"生活影響設施","radius":300,"name":"聖多福天主堂"},"geometry":{"type":"Point","coordinates":[121.5229241,25.0672874]}},{"type":"Feature","properties":{"label":"宗教活動設施","group":"生活影響設施","radius":300,"name":"崇德宮"},"geometry":{"type":"Point","coordinates":[121.5192335,25.0643121]}},{"type":"Feature","properties":{"label":"宗教活動設施","group":"生活影響設施","radius":300,"name":"臺灣基督長老教會"},"geometry":{"type":"Point","coordinates":[121.5242053,25.0490257]}},{"type":"Feature","properties":{"label":"學校／幼兒園","group":"生活影響設施","radius":300,"name":"山姆叔叔美國學校"},"geometry":{"type":"Point","coordinates":[121.3755192,24.9470616]}},{"type":"Feature","properties":{"label":"醫院／急診","group":"生活影響設施","radius":500,"name":"同仁醫院"},"geometry":{"type":"Point","coordinates":[121.5378147,24.9826305]}},{"type":"Feature","properties":{"label":"宗教活動設施","group":"生活影響設施","radius":300,"name":"聖靈寺"},"geometry":{"type":"Point","coordinates":[121.5277209,25.0178695]}},{"type":"Feature","properties":{"label":"宗教活動設施","group":"生活影響設施","radius":300,"name":"台北文化清真寺"},"geometry":{"type":"Point","coordinates":[121.5279436,25.0194444]}},{"type":"Feature","properties":{"label":"宗教活動設施","group":"生活影響設施","radius":300,"name":"古亭地府陰公廟"},"geometry":{"type":"Point","coordinates":[121.5226355,25.0264651]}},{"type":"Feature","properties":{"label":"宗教活動設施","group":"生活影響設施","radius":300,"name":"萬慶巖清水祖師廟"},"geometry":{"type":"Point","coordinates":[121.5366728,24.9950904]}},{"type":"Feature","properties":{"label":"宗教活動設施","group":"生活影響設施","radius":300,"name":"聖道明天主堂"},"geometry":{"type":"Point","coordinates":[121.5299175,25.0646057]}},{"type":"Feature","properties":{"label":"宗教活動設施","group":"生活影響設施","radius":300,"name":"普賢大樓"},"geometry":{"type":"Point","coordinates":[121.3828152,24.9467607]}},{"type":"Feature","properties":{"label":"夜間娛樂場所","group":"生活影響設施","radius":300,"name":"錢櫃KTV-松江店"},"geometry":{"type":"Point","coordinates":[121.5333869,25.0568748]}},{"type":"Feature","properties":{"label":"宗教活動設施","group":"生活影響設施","radius":300,"name":"台灣台北聖殿"},"geometry":{"type":"Point","coordinates":[121.5278265,25.0313071]}},{"type":"Feature","properties":{"label":"宗教活動設施","group":"生活影響設施","radius":300,"name":"天主教聖家堂"},"geometry":{"type":"Point","coordinates":[121.5336066,25.0289004]}},{"type":"Feature","properties":{"label":"學校／幼兒園","group":"生活影響設施","radius":300,"name":"聖愛幼兒園"},"geometry":{"type":"Point","coordinates":[121.5386345,24.9921633]}},{"type":"Feature","properties":{"label":"宗教活動設施","group":"生活影響設施","radius":300,"name":"景美浸信會"},"geometry":{"type":"Point","coordinates":[121.5388024,24.9919809]}},{"type":"Feature","properties":{"label":"宗教活動設施","group":"生活影響設施","radius":300,"name":"石門宮盤古帝王廟"},"geometry":{"type":"Point","coordinates":[121.542689,24.9891215]}},{"type":"Feature","properties":{"label":"學校／幼兒園","group":"生活影響設施","radius":300,"name":"私立竹林國小"},"geometry":{"type":"Point","coordinates":[121.5171385,25.0144039]}},{"type":"Feature","properties":{"label":"宗教活動設施","group":"生活影響設施","radius":300,"name":"南福宮"},"geometry":{"type":"Point","coordinates":[121.519886,25.0271514]}},{"type":"Feature","properties":{"label":"學校／幼兒園","group":"生活影響設施","radius":300,"name":"臨沂幼兒園"},"geometry":{"type":"Point","coordinates":[121.5288185,25.0364062]}},{"type":"Feature","properties":{"label":"宗教活動設施","group":"生活影響設施","radius":300,"name":"泰安宮"},"geometry":{"type":"Point","coordinates":[121.5253389,25.0286657]}},{"type":"Feature","properties":{"label":"學校／幼兒園","group":"生活影響設施","radius":300,"name":"OSM 未命名設施"},"geometry":{"type":"Point","coordinates":[121.5413619,24.9873684]}},{"type":"Feature","properties":{"label":"醫院／急診","group":"生活影響設施","radius":500,"name":"協和婦女醫院"},"geometry":{"type":"Point","coordinates":[121.5339509,25.050391]}},{"type":"Feature","properties":{"label":"宗教活動設施","group":"生活影響設施","radius":300,"name":"天帝教台北市掌院"},"geometry":{"type":"Point","coordinates":[121.5427042,24.9760966]}},{"type":"Feature","properties":{"label":"宗教活動設施","group":"生活影響設施","radius":300,"name":"真耶穌教會臺北教會"},"geometry":{"type":"Point","coordinates":[121.5264054,25.0418068]}},{"type":"Feature","properties":{"label":"宗教活動設施","group":"生活影響設施","radius":300,"name":"台北衛理堂"},"geometry":{"type":"Point","coordinates":[121.5331286,25.0397238]}},{"type":"Feature","properties":{"label":"宗教活動設施","group":"生活影響設施","radius":300,"name":"圓通學苑"},"geometry":{"type":"Point","coordinates":[121.5236429,25.0291719]}},{"type":"Feature","properties":{"label":"宗教活動設施","group":"生活影響設施","radius":300,"name":"大學城福德宮"},"geometry":{"type":"Point","coordinates":[121.3813728,24.9510649]}},{"type":"Feature","properties":{"label":"宗教活動設施","group":"生活影響設施","radius":300,"name":"三張犁仙童廟"},"geometry":{"type":"Point","coordinates":[121.5579963,25.0306771]}},{"type":"Feature","properties":{"label":"宗教活動設施","group":"生活影響設施","radius":300,"name":"基督教宣道會台北堂"},"geometry":{"type":"Point","coordinates":[121.5424596,25.0497469]}},{"type":"Feature","properties":{"label":"宗教活動設施","group":"生活影響設施","radius":300,"name":"朱厝崙福聚宮"},"geometry":{"type":"Point","coordinates":[121.5420692,25.0495861]}},{"type":"Feature","properties":{"label":"宗教活動設施","group":"生活影響設施","radius":300,"name":"伯公亭"},"geometry":{"type":"Point","coordinates":[121.5366622,25.0135509]}},{"type":"Feature","properties":{"label":"消防隊","group":"生活影響設施","radius":300,"name":"八德分隊"},"geometry":{"type":"Point","coordinates":[121.5630702,25.0484842]}},{"type":"Feature","properties":{"label":"宗教活動設施","group":"生活影響設施","radius":300,"name":"明修宮"},"geometry":{"type":"Point","coordinates":[121.4735608,24.941136]}},{"type":"Feature","properties":{"label":"學校／幼兒園","group":"生活影響設施","radius":300,"name":"康橋國際學校林口校區"},"geometry":{"type":"Point","coordinates":[121.390777,25.0743005]}},{"type":"Feature","properties":{"label":"學校／幼兒園","group":"生活影響設施","radius":300,"name":"新北市馬禮遜美國學校"},"geometry":{"type":"Point","coordinates":[121.3883135,25.0732506]}},{"type":"Feature","properties":{"label":"宗教活動設施","group":"生活影響設施","radius":300,"name":"OSM 未命名設施"},"geometry":{"type":"Point","coordinates":[121.5420429,25.0285687]}},{"type":"Feature","properties":{"label":"市場／夜市","group":"生活影響設施","radius":300,"name":"安東市場"},"geometry":{"type":"Point","coordinates":[121.5412126,25.028126]}},{"type":"Feature","properties":{"label":"宗教活動設施","group":"生活影響設施","radius":300,"name":"福安宮"},"geometry":{"type":"Point","coordinates":[121.5534991,25.0503432]}},{"type":"Feature","properties":{"label":"宗教活動設施","group":"生活影響設施","radius":300,"name":"福德宮"},"geometry":{"type":"Point","coordinates":[121.5538543,25.0474192]}},{"type":"Feature","properties":{"label":"宗教活動設施","group":"生活影響設施","radius":300,"name":"美仁浸信會"},"geometry":{"type":"Point","coordinates":[121.5541508,25.0450024]}},{"type":"Feature","properties":{"label":"宗教活動設施","group":"生活影響設施","radius":300,"name":"游氏宗祠"},"geometry":{"type":"Point","coordinates":[121.4995733,24.9905654]}},{"type":"Feature","properties":{"label":"宗教活動設施","group":"生活影響設施","radius":300,"name":"聖瑪竇天主堂"},"geometry":{"type":"Point","coordinates":[121.5352697,25.0544217]}},{"type":"Feature","properties":{"label":"宗教活動設施","group":"生活影響設施","radius":300,"name":"湖光基督教會"},"geometry":{"type":"Point","coordinates":[121.5784476,25.0784936]}},{"type":"Feature","properties":{"label":"宗教活動設施","group":"生活影響設施","radius":300,"name":"神農宮"},"geometry":{"type":"Point","coordinates":[121.5263042,25.0978817]}},{"type":"Feature","properties":{"label":"宗教活動設施","group":"生活影響設施","radius":300,"name":"北園福德宮"},"geometry":{"type":"Point","coordinates":[121.4016316,24.9627158]}},{"type":"Feature","properties":{"label":"市場／夜市","group":"生活影響設施","radius":300,"name":"石牌自強市場"},"geometry":{"type":"Point","coordinates":[121.5155441,25.111236]}},{"type":"Feature","properties":{"label":"市場／夜市","group":"生活影響設施","radius":300,"name":"金龍市場"},"geometry":{"type":"Point","coordinates":[121.5084892,25.1172896]}},{"type":"Feature","properties":{"label":"宗教活動設施","group":"生活影響設施","radius":300,"name":"慈生宮"},"geometry":{"type":"Point","coordinates":[121.5070119,25.1197733]}},{"type":"Feature","properties":{"label":"市場／夜市","group":"生活影響設施","radius":300,"name":"青草巷"},"geometry":{"type":"Point","coordinates":[121.5004466,25.0370261]}},{"type":"Feature","properties":{"label":"市場／夜市","group":"生活影響設施","radius":300,"name":"華西街観光夜市"},"geometry":{"type":"Point","coordinates":[121.4984162,25.038376]}},{"type":"Feature","properties":{"label":"市場／夜市","group":"生活影響設施","radius":300,"name":"西昌街夜市"},"geometry":{"type":"Point","coordinates":[121.5005716,25.0378487]}},{"type":"Feature","properties":{"label":"市場／夜市","group":"生活影響設施","radius":300,"name":"佛具街"},"geometry":{"type":"Point","coordinates":[121.4995425,25.0375681]}},{"type":"Feature","properties":{"label":"宗教活動設施","group":"生活影響設施","radius":300,"name":"慈后宮土地公"},"geometry":{"type":"Point","coordinates":[121.5011721,25.1281481]}},{"type":"Feature","properties":{"label":"學校／幼兒園","group":"生活影響設施","radius":300,"name":"中國文化大學推廣教育部建國本部"},"geometry":{"type":"Point","coordinates":[121.5381371,25.026016]}},{"type":"Feature","properties":{"label":"軍事設施","group":"生活影響設施","radius":500,"name":"武德樓"},"geometry":{"type":"Point","coordinates":[121.5440513,25.0825643]}},{"type":"Feature","properties":{"label":"宗教活動設施","group":"生活影響設施","radius":300,"name":"陳氏祠堂"},"geometry":{"type":"Point","coordinates":[121.4994439,25.1329595]}},{"type":"Feature","properties":{"label":"宗教活動設施","group":"生活影響設施","radius":300,"name":"屈原宮"},"geometry":{"type":"Point","coordinates":[121.5056671,25.0997179]}},{"type":"Feature","properties":{"label":"宗教活動設施","group":"生活影響設施","radius":300,"name":"台北市教會第三聚會所"},"geometry":{"type":"Point","coordinates":[121.5307559,25.0268482]}},{"type":"Feature","properties":{"label":"學校／幼兒園","group":"生活影響設施","radius":300,"name":"私立潘蜜拉幼兒園"},"geometry":{"type":"Point","coordinates":[121.4995172,25.1438]}},{"type":"Feature","properties":{"label":"學校／幼兒園","group":"生活影響設施","radius":300,"name":"馬偕護校關渡校區"},"geometry":{"type":"Point","coordinates":[121.4639322,25.1224127]}},{"type":"Feature","properties":{"label":"學校／幼兒園","group":"生活影響設施","radius":300,"name":"拿撒勒人會神學院"},"geometry":{"type":"Point","coordinates":[121.4637727,25.1213114]}},{"type":"Feature","properties":{"label":"學校／幼兒園","group":"生活影響設施","radius":300,"name":"關渡國中"},"geometry":{"type":"Point","coordinates":[121.4677678,25.1198626]}},{"type":"Feature","properties":{"label":"學校／幼兒園","group":"生活影響設施","radius":300,"name":"私立道生幼兒園"},"geometry":{"type":"Point","coordinates":[121.4813274,25.1369833]}},{"type":"Feature","properties":{"label":"消防隊","group":"生活影響設施","radius":300,"name":"光明分隊"},"geometry":{"type":"Point","coordinates":[121.5024485,25.135183]}},{"type":"Feature","properties":{"label":"宗教活動設施","group":"生活影響設施","radius":300,"name":"北投聖高隆邦堂"},"geometry":{"type":"Point","coordinates":[121.5001894,25.1374229]}},{"type":"Feature","properties":{"label":"市場／夜市","group":"生活影響設施","radius":300,"name":"大坪林文化市場"},"geometry":{"type":"Point","coordinates":[121.5421788,24.9809515]}},{"type":"Feature","properties":{"label":"市場／夜市","group":"生活影響設施","radius":300,"name":"光明市場"},"geometry":{"type":"Point","coordinates":[121.5545584,24.9878196]}},{"type":"Feature","properties":{"label":"宗教活動設施","group":"生活影響設施","radius":300,"name":"劍潭天德宮"},"geometry":{"type":"Point","coordinates":[121.5174728,25.0811346]}},{"type":"Feature","properties":{"label":"學校／幼兒園","group":"生活影響設施","radius":300,"name":"士林幼兒園"},"geometry":{"type":"Point","coordinates":[121.51946,25.0818245]}},{"type":"Feature","properties":{"label":"市場／夜市","group":"生活影響設施","radius":300,"name":"福華廣場"},"geometry":{"type":"Point","coordinates":[121.5191025,25.0820229]}},{"type":"Feature","properties":{"label":"宗教活動設施","group":"生活影響設施","radius":300,"name":"福祐宮"},"geometry":{"type":"Point","coordinates":[121.4671305,25.0882856]}},{"type":"Feature","properties":{"label":"宗教活動設施","group":"生活影響設施","radius":300,"name":"保祐宮"},"geometry":{"type":"Point","coordinates":[121.4677646,25.0885995]}},{"type":"Feature","properties":{"label":"市場／夜市","group":"生活影響設施","radius":300,"name":"大龍市場"},"geometry":{"type":"Point","coordinates":[121.5142501,25.0749797]}},{"type":"Feature","properties":{"label":"消防隊","group":"生活影響設施","radius":300,"name":"臺北市消防局大同分隊"},"geometry":{"type":"Point","coordinates":[121.5138595,25.0614478]}},{"type":"Feature","properties":{"label":"市場／夜市","group":"生活影響設施","radius":300,"name":"新店中央公有零售市場"},"geometry":{"type":"Point","coordinates":[121.5275989,24.9752963]}},{"type":"Feature","properties":{"label":"宗教活動設施","group":"生活影響設施","radius":300,"name":"新店和平福德宮"},"geometry":{"type":"Point","coordinates":[121.5266741,24.9824408]}},{"type":"Feature","properties":{"label":"宗教活動設施","group":"生活影響設施","radius":300,"name":"六張犁福德宮"},"geometry":{"type":"Point","coordinates":[121.5564021,25.0237]}},{"type":"Feature","properties":{"label":"消防隊","group":"生活影響設施","radius":300,"name":"新北市政府消防局第七大隊永利分隊"},"geometry":{"type":"Point","coordinates":[121.5200471,25.004261]}},{"type":"Feature","properties":{"label":"消防隊","group":"生活影響設施","radius":300,"name":"新北市政府消防局第七大隊南勢分隊"},"geometry":{"type":"Point","coordinates":[121.5066742,24.9897415]}},{"type":"Feature","properties":{"label":"宗教活動設施","group":"生活影響設施","radius":300,"name":"慈濟精舍"},"geometry":{"type":"Point","coordinates":[121.5370811,25.045765]}},{"type":"Feature","properties":{"label":"宗教活動設施","group":"生活影響設施","radius":300,"name":"樂墘宮"},"geometry":{"type":"Point","coordinates":[121.5111534,24.9969932]}},{"type":"Feature","properties":{"label":"市場／夜市","group":"生活影響設施","radius":300,"name":"彭厝黃昏市場"},"geometry":{"type":"Point","coordinates":[121.4187494,24.9785173]}},{"type":"Feature","properties":{"label":"宗教活動設施","group":"生活影響設施","radius":300,"name":"三重天后宮"},"geometry":{"type":"Point","coordinates":[121.5007182,25.0580787]}},{"type":"Feature","properties":{"label":"市場／夜市","group":"生活影響設施","radius":300,"name":"樂華夜市"},"geometry":{"type":"Point","coordinates":[121.5120468,25.0085166]}},{"type":"Feature","properties":{"label":"宗教活動設施","group":"生活影響設施","radius":300,"name":"三玉宮"},"geometry":{"type":"Point","coordinates":[121.5307171,25.117952]}},{"type":"Feature","properties":{"label":"市場／夜市","group":"生活影響設施","radius":300,"name":"保建路市場"},"geometry":{"type":"Point","coordinates":[121.5074979,24.9973987]}},{"type":"Feature","properties":{"label":"宗教活動設施","group":"生活影響設施","radius":300,"name":"白鬚公廟"},"geometry":{"type":"Point","coordinates":[121.562442,25.0509076]}},{"type":"Feature","properties":{"label":"宗教活動設施","group":"生活影響設施","radius":300,"name":"雙境廟"},"geometry":{"type":"Point","coordinates":[121.5341934,25.0586981]}},{"type":"Feature","properties":{"label":"市場／夜市","group":"生活影響設施","radius":300,"name":"寧夏夜市"},"geometry":{"type":"Point","coordinates":[121.5151334,25.0555973]}},{"type":"Feature","properties":{"label":"宗教活動設施","group":"生活影響設施","radius":300,"name":"聖家會"},"geometry":{"type":"Point","coordinates":[121.5395069,24.9916511]}},{"type":"Feature","properties":{"label":"監獄／看守所","group":"生活影響設施","radius":500,"name":"臺北監獄"},"geometry":{"type":"Point","coordinates":[121.3329576,24.9805255]}},{"type":"Feature","properties":{"label":"宗教活動設施","group":"生活影響設施","radius":300,"name":"聖若望鮑思高天主堂"},"geometry":{"type":"Point","coordinates":[121.5473604,25.0581579]}},{"type":"Feature","properties":{"label":"宗教活動設施","group":"生活影響設施","radius":300,"name":"聖恩衛理堂"},"geometry":{"type":"Point","coordinates":[121.556565,25.0270761]}},{"type":"Feature","properties":{"label":"消防隊","group":"生活影響設施","radius":300,"name":"永吉分隊"},"geometry":{"type":"Point","coordinates":[121.5692903,25.0454735]}},{"type":"Feature","properties":{"label":"醫院／急診","group":"生活影響設施","radius":500,"name":"西園醫院"},"geometry":{"type":"Point","coordinates":[121.4943466,25.0277401]}},{"type":"Feature","properties":{"label":"宗教活動設施","group":"生活影響設施","radius":300,"name":"芝山宮"},"geometry":{"type":"Point","coordinates":[121.5338749,25.1081085]}},{"type":"Feature","properties":{"label":"宗教活動設施","group":"生活影響設施","radius":300,"name":"長安天主堂"},"geometry":{"type":"Point","coordinates":[121.5248778,25.0493073]}},{"type":"Feature","properties":{"label":"宗教活動設施","group":"生活影響設施","radius":300,"name":"基督教懷寧浸信會"},"geometry":{"type":"Point","coordinates":[121.5143594,25.0444436]}},{"type":"Feature","properties":{"label":"宗教活動設施","group":"生活影響設施","radius":300,"name":"浸禮聖經會台北會幕堂"},"geometry":{"type":"Point","coordinates":[121.5240729,25.0507251]}},{"type":"Feature","properties":{"label":"學校／幼兒園","group":"生活影響設施","radius":300,"name":"書宜幼兒園"},"geometry":{"type":"Point","coordinates":[121.5405919,24.9956402]}},{"type":"Feature","properties":{"label":"宗教活動設施","group":"生活影響設施","radius":300,"name":"天主堂"},"geometry":{"type":"Point","coordinates":[121.5392591,25.0069594]}},{"type":"Feature","properties":{"label":"宗教活動設施","group":"生活影響設施","radius":300,"name":"先靈廟"},"geometry":{"type":"Point","coordinates":[121.5530505,25.0026363]}},{"type":"Feature","properties":{"label":"宗教活動設施","group":"生活影響設施","radius":300,"name":"福興宮"},"geometry":{"type":"Point","coordinates":[121.5512985,25.0022503]}},{"type":"Feature","properties":{"label":"宗教活動設施","group":"生活影響設施","radius":300,"name":"順天宮"},"geometry":{"type":"Point","coordinates":[121.5429443,25.0025013]}},{"type":"Feature","properties":{"label":"宗教活動設施","group":"生活影響設施","radius":300,"name":"信義會生命堂"},"geometry":{"type":"Point","coordinates":[121.540777,25.0534709]}},{"type":"Feature","properties":{"label":"市場／夜市","group":"生活影響設施","radius":300,"name":"四平商圈"},"geometry":{"type":"Point","coordinates":[121.5339908,25.0536296]}},{"type":"Feature","properties":{"label":"宗教活動設施","group":"生活影響設施","radius":300,"name":"南港聖玫瑰天主堂"},"geometry":{"type":"Point","coordinates":[121.6162256,25.0518259]}},{"type":"Feature","properties":{"label":"消防隊","group":"生活影響設施","radius":300,"name":"橫科消防隊"},"geometry":{"type":"Point","coordinates":[121.6201558,25.0505134]}},{"type":"Feature","properties":{"label":"宗教活動設施","group":"生活影響設施","radius":300,"name":"虎形山福德宮"},"geometry":{"type":"Point","coordinates":[121.6654629,25.0696502]}},{"type":"Feature","properties":{"label":"醫院／急診","group":"生活影響設施","radius":500,"name":"新北市立聯合醫院三重院區"},"geometry":{"type":"Point","coordinates":[121.4908258,25.0606038]}},{"type":"Feature","properties":{"label":"宗教活動設施","group":"生活影響設施","radius":300,"name":"下內埔福安宮"},"geometry":{"type":"Point","coordinates":[121.5474735,25.0221631]}},{"type":"Feature","properties":{"label":"宗教活動設施","group":"生活影響設施","radius":300,"name":"聖約翰坐堂"},"geometry":{"type":"Point","coordinates":[121.5430855,25.0244098]}},{"type":"Feature","properties":{"label":"宗教活動設施","group":"生活影響設施","radius":300,"name":"五分埔福德宮"},"geometry":{"type":"Point","coordinates":[121.5767957,25.0475677]}},{"type":"Feature","properties":{"label":"宗教活動設施","group":"生活影響設施","radius":300,"name":"臺北府城隍廟"},"geometry":{"type":"Point","coordinates":[121.5761811,25.0495624]}},{"type":"Feature","properties":{"label":"宗教活動設施","group":"生活影響設施","radius":300,"name":"中國美生總會"},"geometry":{"type":"Point","coordinates":[121.5431454,25.0492482]}},{"type":"Feature","properties":{"label":"宗教活動設施","group":"生活影響設施","radius":300,"name":"下泰山巖"},"geometry":{"type":"Point","coordinates":[121.4319207,25.0607121]}},{"type":"Feature","properties":{"label":"宗教活動設施","group":"生活影響設施","radius":300,"name":"木柵集應廟"},"geometry":{"type":"Point","coordinates":[121.5683512,24.9872616]}},{"type":"Feature","properties":{"label":"宗教活動設施","group":"生活影響設施","radius":300,"name":"景美代天宮"},"geometry":{"type":"Point","coordinates":[121.5447103,24.9920477]}},{"type":"Feature","properties":{"label":"宗教活動設施","group":"生活影響設施","radius":300,"name":"天主教木柵復活堂"},"geometry":{"type":"Point","coordinates":[121.5704103,24.9874921]}},{"type":"Feature","properties":{"label":"宗教活動設施","group":"生活影響設施","radius":300,"name":"木柵福德宮"},"geometry":{"type":"Point","coordinates":[121.563923,24.9883912]}},{"type":"Feature","properties":{"label":"宗教活動設施","group":"生活影響設施","radius":300,"name":"萬興福德宮"},"geometry":{"type":"Point","coordinates":[121.574169,24.9880741]}},{"type":"Feature","properties":{"label":"宗教活動設施","group":"生活影響設施","radius":300,"name":"中崙福順宮"},"geometry":{"type":"Point","coordinates":[121.547466,25.0527245]}},{"type":"Feature","properties":{"label":"市場／夜市","group":"生活影響設施","radius":300,"name":"光復市場"},"geometry":{"type":"Point","coordinates":[121.560509,25.0362834]}},{"type":"Feature","properties":{"label":"宗教活動設施","group":"生活影響設施","radius":300,"name":"台北龍興宮"},"geometry":{"type":"Point","coordinates":[121.5607023,25.0363497]}},{"type":"Feature","properties":{"label":"宗教活動設施","group":"生活影響設施","radius":300,"name":"靈德寺"},"geometry":{"type":"Point","coordinates":[121.5614061,25.0178427]}},{"type":"Feature","properties":{"label":"宗教活動設施","group":"生活影響設施","radius":300,"name":"劍潭古寺"},"geometry":{"type":"Point","coordinates":[121.5553704,25.0862175]}},{"type":"Feature","properties":{"label":"宗教活動設施","group":"生活影響設施","radius":300,"name":"士林有應公媽廟"},"geometry":{"type":"Point","coordinates":[121.524533,25.0974811]}},{"type":"Feature","properties":{"label":"宗教活動設施","group":"生活影響設施","radius":300,"name":"新興宮"},"geometry":{"type":"Point","coordinates":[121.5273313,25.0615447]}},{"type":"Feature","properties":{"label":"宗教活動設施","group":"生活影響設施","radius":300,"name":"無極混元聖蓮宮"},"geometry":{"type":"Point","coordinates":[121.5292044,25.0483014]}},{"type":"Feature","properties":{"label":"市場／夜市","group":"生活影響設施","radius":300,"name":"湖光市場"},"geometry":{"type":"Point","coordinates":[121.5912283,25.0812596]}},{"type":"Feature","properties":{"label":"宗教活動設施","group":"生活影響設施","radius":300,"name":"天威宮"},"geometry":{"type":"Point","coordinates":[121.4159502,24.9782554]}},{"type":"Feature","properties":{"label":"醫院／急診","group":"生活影響設施","radius":500,"name":"國立台灣大學醫學院附設醫院北護分院"},"geometry":{"type":"Point","coordinates":[121.5036105,25.0418677]}},{"type":"Feature","properties":{"label":"學校／幼兒園","group":"生活影響設施","radius":300,"name":"明志國民中學附設幼兒園"},"geometry":{"type":"Point","coordinates":[121.4896593,25.0645061]}},{"type":"Feature","properties":{"label":"宗教活動設施","group":"生活影響設施","radius":300,"name":"晉德宮"},"geometry":{"type":"Point","coordinates":[121.5033921,25.0458894]}},{"type":"Feature","properties":{"label":"宗教活動設施","group":"生活影響設施","radius":300,"name":"德林寺"},"geometry":{"type":"Point","coordinates":[121.4947022,25.072282]}},{"type":"Feature","properties":{"label":"宗教活動設施","group":"生活影響設施","radius":300,"name":"八張福正宮"},"geometry":{"type":"Point","coordinates":[121.3697387,24.9301964]}},{"type":"Feature","properties":{"label":"消防隊","group":"生活影響設施","radius":300,"name":"古亭分隊"},"geometry":{"type":"Point","coordinates":[121.5376961,25.0116356]}},{"type":"Feature","properties":{"label":"消防隊","group":"生活影響設施","radius":300,"name":"松江分隊"},"geometry":{"type":"Point","coordinates":[121.5341613,25.0476662]}},{"type":"Feature","properties":{"label":"宗教活動設施","group":"生活影響設施","radius":300,"name":"凌振宮"},"geometry":{"type":"Point","coordinates":[121.5511406,24.9884646]}},{"type":"Feature","properties":{"label":"宗教活動設施","group":"生活影響設施","radius":300,"name":"慈濟靜思堂"},"geometry":{"type":"Point","coordinates":[121.473182,25.0707896]}},{"type":"Feature","properties":{"label":"市場／夜市","group":"生活影響設施","radius":300,"name":"三重示範魚市場"},"geometry":{"type":"Point","coordinates":[121.4877795,25.0663385]}},{"type":"Feature","properties":{"label":"宗教活動設施","group":"生活影響設施","radius":300,"name":"聖賢宮天壇"},"geometry":{"type":"Point","coordinates":[121.4883291,25.0664386]}},{"type":"Feature","properties":{"label":"宗教活動設施","group":"生活影響設施","radius":300,"name":"保安宮潮和宮"},"geometry":{"type":"Point","coordinates":[121.4708625,25.0306501]}},{"type":"Feature","properties":{"label":"市場／夜市","group":"生活影響設施","radius":300,"name":"新北市政府果菜運銷公司"},"geometry":{"type":"Point","coordinates":[121.4868456,25.0654655]}},{"type":"Feature","properties":{"label":"宗教活動設施","group":"生活影響設施","radius":300,"name":"福行宮"},"geometry":{"type":"Point","coordinates":[121.4793238,25.0641636]}},{"type":"Feature","properties":{"label":"消防隊","group":"生活影響設施","radius":300,"name":"復興分隊"},"geometry":{"type":"Point","coordinates":[121.5432309,25.0300645]}},{"type":"Feature","properties":{"label":"宗教活動設施","group":"生活影響設施","radius":300,"name":"福佑宮"},"geometry":{"type":"Point","coordinates":[121.5424986,25.0441283]}},{"type":"Feature","properties":{"label":"學校／幼兒園","group":"生活影響設施","radius":300,"name":"志仁高中"},"geometry":{"type":"Point","coordinates":[121.5188088,25.0521914]}},{"type":"Feature","properties":{"label":"宗教活動設施","group":"生活影響設施","radius":300,"name":"慧日講堂"},"geometry":{"type":"Point","coordinates":[121.541314,25.0497574]}},{"type":"Feature","properties":{"label":"市場／夜市","group":"生活影響設施","radius":300,"name":"忠厚市場"},"geometry":{"type":"Point","coordinates":[121.6407511,25.0661071]}},{"type":"Feature","properties":{"label":"市場／夜市","group":"生活影響設施","radius":300,"name":"市場"},"geometry":{"type":"Point","coordinates":[121.5104591,24.9615675]}},{"type":"Feature","properties":{"label":"市場／夜市","group":"生活影響設施","radius":300,"name":"臨江街觀光夜市"},"geometry":{"type":"Point","coordinates":[121.5553933,25.0298876]}},{"type":"Feature","properties":{"label":"學校／幼兒園","group":"生活影響設施","radius":300,"name":"市立大同幼兒園"},"geometry":{"type":"Point","coordinates":[121.519188,25.0521563]}},{"type":"Feature","properties":{"label":"宗教活動設施","group":"生活影響設施","radius":300,"name":"臺灣基督長老教會"},"geometry":{"type":"Point","coordinates":[121.5105796,25.046911]}},{"type":"Feature","properties":{"label":"宗教活動設施","group":"生活影響設施","radius":300,"name":"天水宮"},"geometry":{"type":"Point","coordinates":[121.5081944,25.057868]}},{"type":"Feature","properties":{"label":"醫院／急診","group":"生活影響設施","radius":500,"name":"中心綜合醫院"},"geometry":{"type":"Point","coordinates":[121.547405,25.0419159]}},{"type":"Feature","properties":{"label":"學校／幼兒園","group":"生活影響設施","radius":300,"name":"文昌國小"},"geometry":{"type":"Point","coordinates":[121.5212931,25.099681]}},{"type":"Feature","properties":{"label":"宗教活動設施","group":"生活影響設施","radius":300,"name":"威武宮"},"geometry":{"type":"Point","coordinates":[121.5944394,25.0501607]}},{"type":"Feature","properties":{"label":"醫院／急診","group":"生活影響設施","radius":500,"name":"宏仁醫院"},"geometry":{"type":"Point","coordinates":[121.4838142,25.0540753]}},{"type":"Feature","properties":{"label":"宗教活動設施","group":"生活影響設施","radius":300,"name":"李春生紀念教會"},"geometry":{"type":"Point","coordinates":[121.5082189,25.0551292]}},{"type":"Feature","properties":{"label":"宗教活動設施","group":"生活影響設施","radius":300,"name":"基督教新生教團新生教會"},"geometry":{"type":"Point","coordinates":[121.5281004,25.0596761]}},{"type":"Feature","properties":{"label":"宗教活動設施","group":"生活影響設施","radius":300,"name":"九府先師廟"},"geometry":{"type":"Point","coordinates":[121.5202182,25.0614938]}},{"type":"Feature","properties":{"label":"消防隊","group":"生活影響設施","radius":300,"name":"大湖分隊"},"geometry":{"type":"Point","coordinates":[121.6014792,25.0839877]}},{"type":"Feature","properties":{"label":"醫院／急診","group":"生活影響設施","radius":500,"name":"博仁綜合醫院"},"geometry":{"type":"Point","coordinates":[121.5574371,25.0499464]}},{"type":"Feature","properties":{"label":"學校／幼兒園","group":"生活影響設施","radius":300,"name":"鳳鳴國中"},"geometry":{"type":"Point","coordinates":[121.331679,24.9679218]}},{"type":"Feature","properties":{"label":"宗教活動設施","group":"生活影響設施","radius":300,"name":"渡船頭福德宮"},"geometry":{"type":"Point","coordinates":[121.5701934,24.987851]}},{"type":"Feature","properties":{"label":"宗教活動設施","group":"生活影響設施","radius":300,"name":"五福財神爺廟"},"geometry":{"type":"Point","coordinates":[121.5348547,25.0478257]}},{"type":"Feature","properties":{"label":"學校／幼兒園","group":"生活影響設施","radius":300,"name":"台灣神學院"},"geometry":{"type":"Point","coordinates":[121.5416509,25.1005574]}},{"type":"Feature","properties":{"label":"市場／夜市","group":"生活影響設施","radius":300,"name":"新店建國市場"},"geometry":{"type":"Point","coordinates":[121.5406512,24.9744467]}},{"type":"Feature","properties":{"label":"市場／夜市","group":"生活影響設施","radius":300,"name":"龍泉市場"},"geometry":{"type":"Point","coordinates":[121.5284932,25.0214115]}},{"type":"Feature","properties":{"label":"宗教活動設施","group":"生活影響設施","radius":300,"name":"新莊武聖廟"},"geometry":{"type":"Point","coordinates":[121.4501078,25.0337842]}},{"type":"Feature","properties":{"label":"市場／夜市","group":"生活影響設施","radius":300,"name":"OSM 未命名設施"},"geometry":{"type":"Point","coordinates":[121.5546803,25.0239252]}},{"type":"Feature","properties":{"label":"宗教活動設施","group":"生活影響設施","radius":300,"name":"和德祠"},"geometry":{"type":"Point","coordinates":[121.5106009,25.0528787]}},{"type":"Feature","properties":{"label":"宗教活動設施","group":"生活影響設施","radius":300,"name":"福聚宮"},"geometry":{"type":"Point","coordinates":[121.5117633,25.0516517]}},{"type":"Feature","properties":{"label":"學校／幼兒園","group":"生活影響設施","radius":300,"name":"長青幼兒園"},"geometry":{"type":"Point","coordinates":[121.3379341,24.9587662]}},{"type":"Feature","properties":{"label":"市場／夜市","group":"生活影響設施","radius":300,"name":"饒河街觀光夜市"},"geometry":{"type":"Point","coordinates":[121.5750698,25.0506837]}},{"type":"Feature","properties":{"label":"市場／夜市","group":"生活影響設施","radius":300,"name":"板橋果菜批發市場"},"geometry":{"type":"Point","coordinates":[121.4489057,25.0195503]}},{"type":"Feature","properties":{"label":"市場／夜市","group":"生活影響設施","radius":300,"name":"東三水街市場"},"geometry":{"type":"Point","coordinates":[121.5024215,25.0359917]}},{"type":"Feature","properties":{"label":"市場／夜市","group":"生活影響設施","radius":300,"name":"廣州街夜市"},"geometry":{"type":"Point","coordinates":[121.497552,25.0367548]}},{"type":"Feature","properties":{"label":"宗教活動設施","group":"生活影響設施","radius":300,"name":"地藏王廟"},"geometry":{"type":"Point","coordinates":[121.5008092,25.0369315]}},{"type":"Feature","properties":{"label":"宗教活動設施","group":"生活影響設施","radius":300,"name":"台灣基督長老教會艋舺教會"},"geometry":{"type":"Point","coordinates":[121.5033535,25.0395838]}},{"type":"Feature","properties":{"label":"學校／幼兒園","group":"生活影響設施","radius":300,"name":"新北市華美國際美國學校"},"geometry":{"type":"Point","coordinates":[121.3690653,25.0796545]}},{"type":"Feature","properties":{"label":"市場／夜市","group":"生活影響設施","radius":300,"name":"永吉市場"},"geometry":{"type":"Point","coordinates":[121.5753043,25.0447589]}},{"type":"Feature","properties":{"label":"市場／夜市","group":"生活影響設施","radius":300,"name":"公有龍城市場"},"geometry":{"type":"Point","coordinates":[121.5537774,25.0547245]}},{"type":"Feature","properties":{"label":"宗教活動設施","group":"生活影響設施","radius":300,"name":"震安宮"},"geometry":{"type":"Point","coordinates":[121.4401783,24.9701223]}},{"type":"Feature","properties":{"label":"宗教活動設施","group":"生活影響設施","radius":300,"name":"台北天后宮"},"geometry":{"type":"Point","coordinates":[121.5063902,25.0430271]}},{"type":"Feature","properties":{"label":"宗教活動設施","group":"生活影響設施","radius":300,"name":"福裕宮"},"geometry":{"type":"Point","coordinates":[121.5173377,25.1028465]}},{"type":"Feature","properties":{"label":"宗教活動設施","group":"生活影響設施","radius":300,"name":"鎮安宮"},"geometry":{"type":"Point","coordinates":[121.4982865,25.0649043]}},{"type":"Feature","properties":{"label":"宗教活動設施","group":"生活影響設施","radius":300,"name":"聖母無原罪主教座堂"},"geometry":{"type":"Point","coordinates":[121.5149146,25.0574212]}},{"type":"Feature","properties":{"label":"宗教活動設施","group":"生活影響設施","radius":300,"name":"南興宮"},"geometry":{"type":"Point","coordinates":[121.3476956,24.953348]}},{"type":"Feature","properties":{"label":"消防隊","group":"生活影響設施","radius":300,"name":"新北市政府消防局第六大隊暨社后分隊"},"geometry":{"type":"Point","coordinates":[121.6338993,25.0650925]}},{"type":"Feature","properties":{"label":"醫院／急診","group":"生活影響設施","radius":500,"name":"台北秀傳醫院"},"geometry":{"type":"Point","coordinates":[121.5568796,25.0431667]}},{"type":"Feature","properties":{"label":"宗教活動設施","group":"生活影響設施","radius":300,"name":"普願宮"},"geometry":{"type":"Point","coordinates":[121.5129161,25.0580664]}},{"type":"Feature","properties":{"label":"宗教活動設施","group":"生活影響設施","radius":300,"name":"水仙宮"},"geometry":{"type":"Point","coordinates":[121.4684658,25.033322]}},{"type":"Feature","properties":{"label":"宗教活動設施","group":"生活影響設施","radius":300,"name":"艋舺青山宮"},"geometry":{"type":"Point","coordinates":[121.4994997,25.0398182]}},{"type":"Feature","properties":{"label":"宗教活動設施","group":"生活影響設施","radius":300,"name":"艋舺三清宮"},"geometry":{"type":"Point","coordinates":[121.4970207,25.0389772]}},{"type":"Feature","properties":{"label":"宗教活動設施","group":"生活影響設施","radius":300,"name":"和平長老教會"},"geometry":{"type":"Point","coordinates":[121.5332059,25.0274083]}},{"type":"Feature","properties":{"label":"宗教活動設施","group":"生活影響設施","radius":300,"name":"慈祐宮"},"geometry":{"type":"Point","coordinates":[121.4527495,25.0346017]}},{"type":"Feature","properties":{"label":"市場／夜市","group":"生活影響設施","radius":300,"name":"中央公有零售市場"},"geometry":{"type":"Point","coordinates":[121.5006044,25.0643243]}},{"type":"Feature","properties":{"label":"市場／夜市","group":"生活影響設施","radius":300,"name":"重新公有零售市場"},"geometry":{"type":"Point","coordinates":[121.5012757,25.0637696]}},{"type":"Feature","properties":{"label":"宗教活動設施","group":"生活影響設施","radius":300,"name":"汐止天主堂"},"geometry":{"type":"Point","coordinates":[121.6642449,25.0714652]}},{"type":"Feature","properties":{"label":"學校／幼兒園","group":"生活影響設施","radius":300,"name":"基督教伯大尼兒少家園"},"geometry":{"type":"Point","coordinates":[121.5677223,24.9848073]}},{"type":"Feature","properties":{"label":"消防隊","group":"生活影響設施","radius":300,"name":"新北市政府消防局第三大隊三重分隊"},"geometry":{"type":"Point","coordinates":[121.500673,25.060114]}},{"type":"Feature","properties":{"label":"消防隊","group":"生活影響設施","radius":300,"name":"OSM 未命名設施"},"geometry":{"type":"Point","coordinates":[121.5005359,25.0600953]}},{"type":"Feature","properties":{"label":"宗教活動設施","group":"生活影響設施","radius":300,"name":"泰山明志聖方濟堂"},"geometry":{"type":"Point","coordinates":[121.4244594,25.0428257]}},{"type":"Feature","properties":{"label":"學校／幼兒園","group":"生活影響設施","radius":300,"name":"私立立人高中"},"geometry":{"type":"Point","coordinates":[121.4966812,25.038854]}},{"type":"Feature","properties":{"label":"宗教活動設施","group":"生活影響設施","radius":300,"name":"OSM 未命名設施"},"geometry":{"type":"Point","coordinates":[121.453008,24.9801548]}},{"type":"Feature","properties":{"label":"學校／幼兒園","group":"生活影響設施","radius":300,"name":"加州森林國際幼兒園"},"geometry":{"type":"Point","coordinates":[121.4900808,25.0883126]}},{"type":"Feature","properties":{"label":"宗教活動設施","group":"生活影響設施","radius":300,"name":"公館後福德宮"},"geometry":{"type":"Point","coordinates":[121.365752,24.9354983]}},{"type":"Feature","properties":{"label":"宗教活動設施","group":"生活影響設施","radius":300,"name":"臺灣省城隍廟"},"geometry":{"type":"Point","coordinates":[121.5126805,25.0437925]}},{"type":"Feature","properties":{"label":"市場／夜市","group":"生活影響設施","radius":300,"name":"城中市場"},"geometry":{"type":"Point","coordinates":[121.5126019,25.0438743]}},{"type":"Feature","properties":{"label":"宗教活動設施","group":"生活影響設施","radius":300,"name":"聖母聖心堂"},"geometry":{"type":"Point","coordinates":[121.5441762,25.0258635]}},{"type":"Feature","properties":{"label":"宗教活動設施","group":"生活影響設施","radius":300,"name":"天主教士林耶穌君王堂"},"geometry":{"type":"Point","coordinates":[121.5243487,25.0954488]}},{"type":"Feature","properties":{"label":"宗教活動設施","group":"生活影響設施","radius":300,"name":"財神廟"},"geometry":{"type":"Point","coordinates":[121.5074254,25.1355639]}},{"type":"Feature","properties":{"label":"宗教活動設施","group":"生活影響設施","radius":300,"name":"金龍福德宮"},"geometry":{"type":"Point","coordinates":[121.5921337,25.0873343]}},{"type":"Feature","properties":{"label":"宗教活動設施","group":"生活影響設施","radius":300,"name":"金碧宮"},"geometry":{"type":"Point","coordinates":[121.591359,25.0852416]}},{"type":"Feature","properties":{"label":"宗教活動設施","group":"生活影響設施","radius":300,"name":"內湖梘頭福德祠"},"geometry":{"type":"Point","coordinates":[121.5924674,25.0835554]}},{"type":"Feature","properties":{"label":"宗教活動設施","group":"生活影響設施","radius":300,"name":"忠靈祠"},"geometry":{"type":"Point","coordinates":[121.595028,25.0865626]}},{"type":"Feature","properties":{"label":"宗教活動設施","group":"生活影響設施","radius":300,"name":"埤仔頭福德宮"},"geometry":{"type":"Point","coordinates":[121.5062974,24.9894051]}},{"type":"Feature","properties":{"label":"宗教活動設施","group":"生活影響設施","radius":300,"name":"新莊慈惠堂"},"geometry":{"type":"Point","coordinates":[121.4511264,25.0329988]}},{"type":"Feature","properties":{"label":"宗教活動設施","group":"生活影響設施","radius":300,"name":"潮江寺福德祠"},"geometry":{"type":"Point","coordinates":[121.4515559,25.0329761]}},{"type":"Feature","properties":{"label":"宗教活動設施","group":"生活影響設施","radius":300,"name":"新莊文昌祠"},"geometry":{"type":"Point","coordinates":[121.4548994,25.0345671]}},{"type":"Feature","properties":{"label":"宗教活動設施","group":"生活影響設施","radius":300,"name":"萬應公"},"geometry":{"type":"Point","coordinates":[121.4545224,25.0342078]}},{"type":"Feature","properties":{"label":"市場／夜市","group":"生活影響設施","radius":300,"name":"新莊第一市場"},"geometry":{"type":"Point","coordinates":[121.453333,25.033939]}},{"type":"Feature","properties":{"label":"宗教活動設施","group":"生活影響設施","radius":300,"name":"臺灣基督長老教會"},"geometry":{"type":"Point","coordinates":[121.4240691,24.9944447]}},{"type":"Feature","properties":{"label":"市場／夜市","group":"生活影響設施","radius":300,"name":"金龍路黃昏市場"},"geometry":{"type":"Point","coordinates":[121.5904919,25.0862218]}},{"type":"Feature","properties":{"label":"宗教活動設施","group":"生活影響設施","radius":300,"name":"濟安宮"},"geometry":{"type":"Point","coordinates":[121.4269562,24.9939659]}},{"type":"Feature","properties":{"label":"宗教活動設施","group":"生活影響設施","radius":300,"name":"福安宮"},"geometry":{"type":"Point","coordinates":[121.558143,24.9877019]}},{"type":"Feature","properties":{"label":"宗教活動設施","group":"生活影響設施","radius":300,"name":"福壽宮"},"geometry":{"type":"Point","coordinates":[121.5815228,25.0439786]}},{"type":"Feature","properties":{"label":"宗教活動設施","group":"生活影響設施","radius":300,"name":"玉成公園福德宮"},"geometry":{"type":"Point","coordinates":[121.5840946,25.0426588]}},{"type":"Feature","properties":{"label":"宗教活動設施","group":"生活影響設施","radius":300,"name":"顯應聖公"},"geometry":{"type":"Point","coordinates":[121.5812499,25.0449934]}},{"type":"Feature","properties":{"label":"學校／幼兒園","group":"生活影響設施","radius":300,"name":"光華幼兒園"},"geometry":{"type":"Point","coordinates":[121.5459261,25.053298]}},{"type":"Feature","properties":{"label":"學校／幼兒園","group":"生活影響設施","radius":300,"name":"圓圓幼兒園"},"geometry":{"type":"Point","coordinates":[121.5456208,25.0533817]}},{"type":"Feature","properties":{"label":"宗教活動設施","group":"生活影響設施","radius":300,"name":"OSM 未命名設施"},"geometry":{"type":"Point","coordinates":[121.5319615,25.1087738]}},{"type":"Feature","properties":{"label":"宗教活動設施","group":"生活影響設施","radius":300,"name":"耶穌基督後期聖徒教會副殿"},"geometry":{"type":"Point","coordinates":[121.5272334,25.0311266]}},{"type":"Feature","properties":{"label":"宗教活動設施","group":"生活影響設施","radius":300,"name":"救恩堂"},"geometry":{"type":"Point","coordinates":[121.52507,25.0366853]}},{"type":"Feature","properties":{"label":"宗教活動設施","group":"生活影響設施","radius":300,"name":"基督教迦南會大專團契"},"geometry":{"type":"Point","coordinates":[121.528735,25.023946]}},{"type":"Feature","properties":{"label":"市場／夜市","group":"生活影響設施","radius":300,"name":"南機場夜市"},"geometry":{"type":"Point","coordinates":[121.5060228,25.0285116]}},{"type":"Feature","properties":{"label":"宗教活動設施","group":"生活影響設施","radius":300,"name":"松樹宮"},"geometry":{"type":"Point","coordinates":[121.5946976,25.0783126]}},{"type":"Feature","properties":{"label":"宗教活動設施","group":"生活影響設施","radius":300,"name":"海光宮"},"geometry":{"type":"Point","coordinates":[121.5082857,25.0813773]}},{"type":"Feature","properties":{"label":"宗教活動設施","group":"生活影響設施","radius":300,"name":"雙福宮"},"geometry":{"type":"Point","coordinates":[121.4953784,25.0286017]}},{"type":"Feature","properties":{"label":"消防隊","group":"生活影響設施","radius":300,"name":"雙園分隊"},"geometry":{"type":"Point","coordinates":[121.4958562,25.0284213]}},{"type":"Feature","properties":{"label":"宗教活動設施","group":"生活影響設施","radius":300,"name":"十普寺"},"geometry":{"type":"Point","coordinates":[121.5227553,25.0251677]}},{"type":"Feature","properties":{"label":"學校／幼兒園","group":"生活影響設施","radius":300,"name":"私立奧爾仕幼兒園"},"geometry":{"type":"Point","coordinates":[121.5430513,25.0974581]}},{"type":"Feature","properties":{"label":"學校／幼兒園","group":"生活影響設施","radius":300,"name":"新北市私立快樂家族幼兒園"},"geometry":{"type":"Point","coordinates":[121.4614471,25.1551805]}},{"type":"Feature","properties":{"label":"宗教活動設施","group":"生活影響設施","radius":300,"name":"木柵便以利教會"},"geometry":{"type":"Point","coordinates":[121.5729542,24.9885713]}},{"type":"Feature","properties":{"label":"宗教活動設施","group":"生活影響設施","radius":300,"name":"台北市中心神召會"},"geometry":{"type":"Point","coordinates":[121.5219661,25.0284911]}},{"type":"Feature","properties":{"label":"宗教活動設施","group":"生活影響設施","radius":300,"name":"協天宮"},"geometry":{"type":"Point","coordinates":[121.5161484,25.0671607]}},{"type":"Feature","properties":{"label":"宗教活動設施","group":"生活影響設施","radius":300,"name":"魁星宮"},"geometry":{"type":"Point","coordinates":[121.4588613,25.158749]}},{"type":"Feature","properties":{"label":"學校／幼兒園","group":"生活影響設施","radius":300,"name":"新北市私立紅樹林幼兒園"},"geometry":{"type":"Point","coordinates":[121.4583083,25.1587345]}},{"type":"Feature","properties":{"label":"宗教活動設施","group":"生活影響設施","radius":300,"name":"真元慈玄堂"},"geometry":{"type":"Point","coordinates":[121.4609874,25.1534089]}},{"type":"Feature","properties":{"label":"宗教活動設施","group":"生活影響設施","radius":300,"name":"金山蓮社"},"geometry":{"type":"Point","coordinates":[121.4639222,25.1553234]}},{"type":"Feature","properties":{"label":"宗教活動設施","group":"生活影響設施","radius":300,"name":"三重義天宮"},"geometry":{"type":"Point","coordinates":[121.4837191,25.0761715]}},{"type":"Feature","properties":{"label":"宗教活動設施","group":"生活影響設施","radius":300,"name":"仁德宮"},"geometry":{"type":"Point","coordinates":[121.6613637,25.0707114]}},{"type":"Feature","properties":{"label":"學校／幼兒園","group":"生活影響設施","radius":300,"name":"OSM 未命名設施"},"geometry":{"type":"Point","coordinates":[121.5265522,25.1217911]}},{"type":"Feature","properties":{"label":"宗教活動設施","group":"生活影響設施","radius":300,"name":"OSM 未命名設施"},"geometry":{"type":"Point","coordinates":[121.52687,25.1233158]}},{"type":"Feature","properties":{"label":"市場／夜市","group":"生活影響設施","radius":300,"name":"萬隆小菜市場"},"geometry":{"type":"Point","coordinates":[121.5398765,25.0006934]}},{"type":"Feature","properties":{"label":"宗教活動設施","group":"生活影響設施","radius":300,"name":"木柵北后宮"},"geometry":{"type":"Point","coordinates":[121.5538457,24.9865955]}},{"type":"Feature","properties":{"label":"學校／幼兒園","group":"生活影響設施","radius":300,"name":"碧華國中"},"geometry":{"type":"Point","coordinates":[121.4883978,25.0876866]}},{"type":"Feature","properties":{"label":"學校／幼兒園","group":"生活影響設施","radius":300,"name":"華民幼兒園"},"geometry":{"type":"Point","coordinates":[121.5196313,25.0883311]}},{"type":"Feature","properties":{"label":"宗教活動設施","group":"生活影響設施","radius":300,"name":"新生慈惠堂、無極紫天宮"},"geometry":{"type":"Point","coordinates":[121.5389978,25.100867]}},{"type":"Feature","properties":{"label":"學校／幼兒園","group":"生活影響設施","radius":300,"name":"OSM 未命名設施"},"geometry":{"type":"Point","coordinates":[121.5254224,25.1199095]}},{"type":"Feature","properties":{"label":"宗教活動設施","group":"生活影響設施","radius":300,"name":"天理教"},"geometry":{"type":"Point","coordinates":[121.5488533,25.0831999]}},{"type":"Feature","properties":{"label":"宗教活動設施","group":"生活影響設施","radius":300,"name":"台北東門長老教會"},"geometry":{"type":"Point","coordinates":[121.5302303,25.0378634]}},{"type":"Feature","properties":{"label":"宗教活動設施","group":"生活影響設施","radius":300,"name":"華嚴聯社"},"geometry":{"type":"Point","coordinates":[121.5306334,25.0402639]}},{"type":"Feature","properties":{"label":"宗教活動設施","group":"生活影響設施","radius":300,"name":"大安聖母宮"},"geometry":{"type":"Point","coordinates":[121.5415017,25.0243842]}},{"type":"Feature","properties":{"label":"宗教活動設施","group":"生活影響設施","radius":300,"name":"北極府"},"geometry":{"type":"Point","coordinates":[121.5089521,25.0472957]}},{"type":"Feature","properties":{"label":"宗教活動設施","group":"生活影響設施","radius":300,"name":"基督教便以理會大安堂"},"geometry":{"type":"Point","coordinates":[121.5556204,25.0251282]}},{"type":"Feature","properties":{"label":"宗教活動設施","group":"生活影響設施","radius":300,"name":"宏福宮"},"geometry":{"type":"Point","coordinates":[121.5395563,25.0614976]}},{"type":"Feature","properties":{"label":"市場／夜市","group":"生活影響設施","radius":300,"name":"公館夜市"},"geometry":{"type":"Point","coordinates":[121.535115,25.013235]}},{"type":"Feature","properties":{"label":"宗教活動設施","group":"生活影響設施","radius":300,"name":"台北聖道堂"},"geometry":{"type":"Point","coordinates":[121.522033,25.0247276]}},{"type":"Feature","properties":{"label":"宗教活動設施","group":"生活影響設施","radius":300,"name":"北天宮"},"geometry":{"type":"Point","coordinates":[121.5212692,25.0233154]}},{"type":"Feature","properties":{"label":"宗教活動設施","group":"生活影響設施","radius":300,"name":"五帝廟"},"geometry":{"type":"Point","coordinates":[121.520462,25.0217979]}},{"type":"Feature","properties":{"label":"宗教活動設施","group":"生活影響設施","radius":300,"name":"湄州天后宮"},"geometry":{"type":"Point","coordinates":[121.5201913,25.0215956]}},{"type":"Feature","properties":{"label":"宗教活動設施","group":"生活影響設施","radius":300,"name":"三王宮"},"geometry":{"type":"Point","coordinates":[121.505623,25.1001971]}},{"type":"Feature","properties":{"label":"宗教活動設施","group":"生活影響設施","radius":300,"name":"OSM 未命名設施"},"geometry":{"type":"Point","coordinates":[121.663517,25.071502]}},{"type":"Feature","properties":{"label":"宗教活動設施","group":"生活影響設施","radius":300,"name":"頂城福德宮"},"geometry":{"type":"Point","coordinates":[121.528345,24.9635632]}},{"type":"Feature","properties":{"label":"宗教活動設施","group":"生活影響設施","radius":300,"name":"竹林義應公廟"},"geometry":{"type":"Point","coordinates":[121.5425156,24.9890044]}},{"type":"Feature","properties":{"label":"宗教活動設施","group":"生活影響設施","radius":300,"name":"紫範宮"},"geometry":{"type":"Point","coordinates":[121.5439005,24.9904992]}},{"type":"Feature","properties":{"label":"宗教活動設施","group":"生活影響設施","radius":300,"name":"新店行道會"},"geometry":{"type":"Point","coordinates":[121.5336833,24.9732406]}},{"type":"Feature","properties":{"label":"宗教活動設施","group":"生活影響設施","radius":300,"name":"五港宮"},"geometry":{"type":"Point","coordinates":[121.5215683,25.082317]}},{"type":"Feature","properties":{"label":"宗教活動設施","group":"生活影響設施","radius":300,"name":"福德宮"},"geometry":{"type":"Point","coordinates":[121.5606605,24.9891814]}},{"type":"Feature","properties":{"label":"學校／幼兒園","group":"生活影響設施","radius":300,"name":"立德幼兒園"},"geometry":{"type":"Point","coordinates":[121.5631177,25.0535935]}},{"type":"Feature","properties":{"label":"宗教活動設施","group":"生活影響設施","radius":300,"name":"惠隆宮"},"geometry":{"type":"Point","coordinates":[121.3450452,24.953818]}},{"type":"Feature","properties":{"label":"宗教活動設施","group":"生活影響設施","radius":300,"name":"大稻埕千歲宮"},"geometry":{"type":"Point","coordinates":[121.5074343,25.0555021]}},{"type":"Feature","properties":{"label":"宗教活動設施","group":"生活影響設施","radius":300,"name":"萬隆集應廟"},"geometry":{"type":"Point","coordinates":[121.5391951,25.002423]}},{"type":"Feature","properties":{"label":"醫院／急診","group":"生活影響設施","radius":500,"name":"臺北市立聯合醫院昆明院區"},"geometry":{"type":"Point","coordinates":[121.5047337,25.0442679]}},{"type":"Feature","properties":{"label":"市場／夜市","group":"生活影響設施","radius":300,"name":"泰山公有市場"},"geometry":{"type":"Point","coordinates":[121.4336631,25.0561225]}},{"type":"Feature","properties":{"label":"宗教活動設施","group":"生活影響設施","radius":300,"name":"竹林山寺"},"geometry":{"type":"Point","coordinates":[121.3891524,25.0836077]}},{"type":"Feature","properties":{"label":"宗教活動設施","group":"生活影響設施","radius":300,"name":"木柵忠順廟"},"geometry":{"type":"Point","coordinates":[121.5646565,24.9836606]}},{"type":"Feature","properties":{"label":"宗教活動設施","group":"生活影響設施","radius":300,"name":"永和保福宮"},"geometry":{"type":"Point","coordinates":[121.5086543,25.0132034]}},{"type":"Feature","properties":{"label":"宗教活動設施","group":"生活影響設施","radius":300,"name":"福星宮"},"geometry":{"type":"Point","coordinates":[121.5123752,25.110409]}},{"type":"Feature","properties":{"label":"宗教活動設施","group":"生活影響設施","radius":300,"name":"福德廟"},"geometry":{"type":"Point","coordinates":[121.5258483,25.1240398]}},{"type":"Feature","properties":{"label":"市場／夜市","group":"生活影響設施","radius":300,"name":"黃昏市場"},"geometry":{"type":"Point","coordinates":[121.4598182,24.9775447]}},{"type":"Feature","properties":{"label":"學校／幼兒園","group":"生活影響設施","radius":300,"name":"喬幼光明幼兒園"},"geometry":{"type":"Point","coordinates":[121.4615573,25.0025977]}},{"type":"Feature","properties":{"label":"市場／夜市","group":"生活影響設施","radius":300,"name":"大稻埕太平市場"},"geometry":{"type":"Point","coordinates":[121.5119567,25.0622665]}},{"type":"Feature","properties":{"label":"宗教活動設施","group":"生活影響設施","radius":300,"name":"天師宮"},"geometry":{"type":"Point","coordinates":[121.5110911,25.0678536]}},{"type":"Feature","properties":{"label":"市場／夜市","group":"生活影響設施","radius":300,"name":"三和夜市"},"geometry":{"type":"Point","coordinates":[121.5004641,25.0658368]}},{"type":"Feature","properties":{"label":"宗教活動設施","group":"生活影響設施","radius":300,"name":"慈濟潮州街靜思堂"},"geometry":{"type":"Point","coordinates":[121.5208543,25.0299981]}},{"type":"Feature","properties":{"label":"宗教活動設施","group":"生活影響設施","radius":300,"name":"大坪林聖三堂"},"geometry":{"type":"Point","coordinates":[121.5425872,24.9822914]}},{"type":"Feature","properties":{"label":"宗教活動設施","group":"生活影響設施","radius":300,"name":"真光堂"},"geometry":{"type":"Point","coordinates":[121.5232562,25.0638588]}},{"type":"Feature","properties":{"label":"市場／夜市","group":"生活影響設施","radius":300,"name":"後埔市場"},"geometry":{"type":"Point","coordinates":[121.4589903,25.0066237]}},{"type":"Feature","properties":{"label":"宗教活動設施","group":"生活影響設施","radius":300,"name":"大直明山寺福天宮"},"geometry":{"type":"Point","coordinates":[121.5536253,25.0863456]}},{"type":"Feature","properties":{"label":"學校／幼兒園","group":"生活影響設施","radius":300,"name":"仁和幼兒園"},"geometry":{"type":"Point","coordinates":[121.5586632,24.983208]}},{"type":"Feature","properties":{"label":"宗教活動設施","group":"生活影響設施","radius":300,"name":"十四張斯馨祠"},"geometry":{"type":"Point","coordinates":[121.5296906,24.982707]}},{"type":"Feature","properties":{"label":"醫院／急診","group":"生活影響設施","radius":500,"name":"文化醫院"},"geometry":{"type":"Point","coordinates":[121.3782243,24.9308069]}},{"type":"Feature","properties":{"label":"宗教活動設施","group":"生活影響設施","radius":300,"name":"陳德星堂"},"geometry":{"type":"Point","coordinates":[121.5161675,25.0556262]}},{"type":"Feature","properties":{"label":"宗教活動設施","group":"生活影響設施","radius":300,"name":"YMCA"},"geometry":{"type":"Point","coordinates":[121.5036621,25.0383085]}},{"type":"Feature","properties":{"label":"市場／夜市","group":"生活影響設施","radius":300,"name":"木柵市場"},"geometry":{"type":"Point","coordinates":[121.5691631,24.9886906]}},{"type":"Feature","properties":{"label":"市場／夜市","group":"生活影響設施","radius":300,"name":"榮星攤販集中場"},"geometry":{"type":"Point","coordinates":[121.540293,25.0651735]}},{"type":"Feature","properties":{"label":"宗教活動設施","group":"生活影響設施","radius":300,"name":"OSM 未命名設施"},"geometry":{"type":"Point","coordinates":[121.4276131,25.1889254]}},{"type":"Feature","properties":{"label":"市場／夜市","group":"生活影響設施","radius":300,"name":"沙崙夜市"},"geometry":{"type":"Point","coordinates":[121.424555,25.1849976]}},{"type":"Feature","properties":{"label":"宗教活動設施","group":"生活影響設施","radius":300,"name":"士林福壽宮"},"geometry":{"type":"Point","coordinates":[121.5364608,25.0977834]}},{"type":"Feature","properties":{"label":"宗教活動設施","group":"生活影響設施","radius":300,"name":"普濟寺"},"geometry":{"type":"Point","coordinates":[121.5141219,25.0504354]}},{"type":"Feature","properties":{"label":"宗教活動設施","group":"生活影響設施","radius":300,"name":"OSM 未命名設施"},"geometry":{"type":"Point","coordinates":[121.5207754,25.1052255]}},{"type":"Feature","properties":{"label":"宗教活動設施","group":"生活影響設施","radius":300,"name":"臺北市召會第十聚會所"},"geometry":{"type":"Point","coordinates":[121.5675252,24.9893461]}},{"type":"Feature","properties":{"label":"宗教活動設施","group":"生活影響設施","radius":300,"name":"靜思堂"},"geometry":{"type":"Point","coordinates":[121.5123545,25.0760631]}},{"type":"Feature","properties":{"label":"宗教活動設施","group":"生活影響設施","radius":300,"name":"OSM 未命名設施"},"geometry":{"type":"Point","coordinates":[121.5039596,25.0666357]}},{"type":"Feature","properties":{"label":"學校／幼兒園","group":"生活影響設施","radius":300,"name":"康橋幼兒園"},"geometry":{"type":"Point","coordinates":[121.3913457,25.0733574]}},{"type":"Feature","properties":{"label":"宗教活動設施","group":"生活影響設施","radius":300,"name":"淡江教會淡海堂"},"geometry":{"type":"Point","coordinates":[121.4229784,25.1956717]}},{"type":"Feature","properties":{"label":"宗教活動設施","group":"生活影響設施","radius":300,"name":"竹月寺"},"geometry":{"type":"Point","coordinates":[121.5715918,25.0897653]}},{"type":"Feature","properties":{"label":"宗教活動設施","group":"生活影響設施","radius":300,"name":"OSM 未命名設施"},"geometry":{"type":"Point","coordinates":[121.43946,25.185855]}},{"type":"Feature","properties":{"label":"宗教活動設施","group":"生活影響設施","radius":300,"name":"天皇宮"},"geometry":{"type":"Point","coordinates":[121.5249462,25.0615912]}},{"type":"Feature","properties":{"label":"市場／夜市","group":"生活影響設施","radius":300,"name":"雙連菜市場"},"geometry":{"type":"Point","coordinates":[121.5207759,25.0590636]}},{"type":"Feature","properties":{"label":"宗教活動設施","group":"生活影響設施","radius":300,"name":"OSM 未命名設施"},"geometry":{"type":"Point","coordinates":[121.5328136,25.0674048]}},{"type":"Feature","properties":{"label":"醫院／急診","group":"生活影響設施","radius":500,"name":"新莊仁濟醫院"},"geometry":{"type":"Point","coordinates":[121.4429442,25.0269521]}},{"type":"Feature","properties":{"label":"宗教活動設施","group":"生活影響設施","radius":300,"name":"雙連長老教會"},"geometry":{"type":"Point","coordinates":[121.5232862,25.0599631]}},{"type":"Feature","properties":{"label":"宗教活動設施","group":"生活影響設施","radius":300,"name":"南港浸信會"},"geometry":{"type":"Point","coordinates":[121.6056883,25.0552023]}},{"type":"Feature","properties":{"label":"宗教活動設施","group":"生活影響設施","radius":300,"name":"台北浸信會我們教會"},"geometry":{"type":"Point","coordinates":[121.5243013,25.0508498]}},{"type":"Feature","properties":{"label":"市場／夜市","group":"生活影響設施","radius":300,"name":"林口黃昏市場"},"geometry":{"type":"Point","coordinates":[121.3674604,25.0711766]}},{"type":"Feature","properties":{"label":"宗教活動設施","group":"生活影響設施","radius":300,"name":"觀音閣"},"geometry":{"type":"Point","coordinates":[121.5950326,25.0823135]}},{"type":"Feature","properties":{"label":"宗教活動設施","group":"生活影響設施","radius":300,"name":"OSM 未命名設施"},"geometry":{"type":"Point","coordinates":[121.4547735,24.9950209]}},{"type":"Feature","properties":{"label":"宗教活動設施","group":"生活影響設施","radius":300,"name":"靈芝慈惠堂"},"geometry":{"type":"Point","coordinates":[121.3430273,24.9460519]}},{"type":"Feature","properties":{"label":"學校／幼兒園","group":"生活影響設施","radius":300,"name":"信義幼兒園"},"geometry":{"type":"Point","coordinates":[121.5590198,25.0351437]}},{"type":"Feature","properties":{"label":"市場／夜市","group":"生活影響設施","radius":300,"name":"林口市場"},"geometry":{"type":"Point","coordinates":[121.3912993,25.0778431]}},{"type":"Feature","properties":{"label":"宗教活動設施","group":"生活影響設施","radius":300,"name":"板橋福德祠"},"geometry":{"type":"Point","coordinates":[121.4638828,24.9995675]}},{"type":"Feature","properties":{"label":"醫院／急診","group":"生活影響設施","radius":500,"name":"臺北市立聯合醫院和平婦幼院區婦幼院址"},"geometry":{"type":"Point","coordinates":[121.5193103,25.0290074]}},{"type":"Feature","properties":{"label":"宗教活動設施","group":"生活影響設施","radius":300,"name":"開山宮"},"geometry":{"type":"Point","coordinates":[121.6429692,25.0690952]}},{"type":"Feature","properties":{"label":"宗教活動設施","group":"生活影響設施","radius":300,"name":"龍津宮"},"geometry":{"type":"Point","coordinates":[121.4997016,25.0412795]}},{"type":"Feature","properties":{"label":"宗教活動設施","group":"生活影響設施","radius":300,"name":"福德宮"},"geometry":{"type":"Point","coordinates":[121.4998198,25.0414666]}},{"type":"Feature","properties":{"label":"宗教活動設施","group":"生活影響設施","radius":300,"name":"台北火聖廟"},"geometry":{"type":"Point","coordinates":[121.5552994,25.0363255]}},{"type":"Feature","properties":{"label":"宗教活動設施","group":"生活影響設施","radius":300,"name":"OSM 未命名設施"},"geometry":{"type":"Point","coordinates":[121.5196473,25.0223443]}},{"type":"Feature","properties":{"label":"宗教活動設施","group":"生活影響設施","radius":300,"name":"聖若望天主堂"},"geometry":{"type":"Point","coordinates":[121.4524603,25.0098143]}},{"type":"Feature","properties":{"label":"宗教活動設施","group":"生活影響設施","radius":300,"name":"鳳吉宮"},"geometry":{"type":"Point","coordinates":[121.3274633,24.9739567]}},{"type":"Feature","properties":{"label":"學校／幼兒園","group":"生活影響設施","radius":300,"name":"愛唯兒幼稚園"},"geometry":{"type":"Point","coordinates":[121.4786924,25.0268019]}},{"type":"Feature","properties":{"label":"宗教活動設施","group":"生活影響設施","radius":300,"name":"城隍廟"},"geometry":{"type":"Point","coordinates":[121.4842101,25.14098]}},{"type":"Feature","properties":{"label":"宗教活動設施","group":"生活影響設施","radius":300,"name":"OSM 未命名設施"},"geometry":{"type":"Point","coordinates":[121.4820194,25.0881446]}},{"type":"Feature","properties":{"label":"宗教活動設施","group":"生活影響設施","radius":300,"name":"汐止龍泉宮"},"geometry":{"type":"Point","coordinates":[121.620232,25.0486829]}},{"type":"Feature","properties":{"label":"宗教活動設施","group":"生活影響設施","radius":300,"name":"德善祠"},"geometry":{"type":"Point","coordinates":[121.56992,24.9939778]}},{"type":"Feature","properties":{"label":"宗教活動設施","group":"生活影響設施","radius":300,"name":"竹林山寺福德宮"},"geometry":{"type":"Point","coordinates":[121.3906822,25.0825001]}},{"type":"Feature","properties":{"label":"宗教活動設施","group":"生活影響設施","radius":300,"name":"佛國寺"},"geometry":{"type":"Point","coordinates":[121.4255352,25.0493362]}},{"type":"Feature","properties":{"label":"宗教活動設施","group":"生活影響設施","radius":300,"name":"灣仔庄福德堂"},"geometry":{"type":"Point","coordinates":[121.5855649,25.0626353]}},{"type":"Feature","properties":{"label":"夜間娛樂場所","group":"生活影響設施","radius":300,"name":"超級巨星自助式 KTV"},"geometry":{"type":"Point","coordinates":[121.3710739,25.0749449]}},{"type":"Feature","properties":{"label":"學校／幼兒園","group":"生活影響設施","radius":300,"name":"臺北市正義非營利幼兒園"},"geometry":{"type":"Point","coordinates":[121.5381315,25.0411685]}},{"type":"Feature","properties":{"label":"宗教活動設施","group":"生活影響設施","radius":300,"name":"OSM 未命名設施"},"geometry":{"type":"Point","coordinates":[121.433004,25.0014427]}},{"type":"Feature","properties":{"label":"消防隊","group":"生活影響設施","radius":300,"name":"新北市政府消防局第三大隊竹圍消防分隊"},"geometry":{"type":"Point","coordinates":[121.4555157,25.1595869]}},{"type":"Feature","properties":{"label":"宗教活動設施","group":"生活影響設施","radius":300,"name":"玄帝宮"},"geometry":{"type":"Point","coordinates":[121.512489,25.1116241]}},{"type":"Feature","properties":{"label":"宗教活動設施","group":"生活影響設施","radius":300,"name":"中和廣濟宮"},"geometry":{"type":"Point","coordinates":[121.5013888,25.0007365]}},{"type":"Feature","properties":{"label":"市場／夜市","group":"生活影響設施","radius":300,"name":"瑞億市場"},"geometry":{"type":"Point","coordinates":[121.4544742,24.9940868]}},{"type":"Feature","properties":{"label":"宗教活動設施","group":"生活影響設施","radius":300,"name":"石牌聖體堂"},"geometry":{"type":"Point","coordinates":[121.5174737,25.1168356]}},{"type":"Feature","properties":{"label":"市場／夜市","group":"生活影響設施","radius":300,"name":"合作社"},"geometry":{"type":"Point","coordinates":[121.4724961,25.009867]}},{"type":"Feature","properties":{"label":"宗教活動設施","group":"生活影響設施","radius":300,"name":"鳳陽寺"},"geometry":{"type":"Point","coordinates":[121.3968685,25.0710012]}},{"type":"Feature","properties":{"label":"宗教活動設施","group":"生活影響設施","radius":300,"name":"OSM 未命名設施"},"geometry":{"type":"Point","coordinates":[121.5222615,25.1103698]}},{"type":"Feature","properties":{"label":"宗教活動設施","group":"生活影響設施","radius":300,"name":"玉皇宮"},"geometry":{"type":"Point","coordinates":[121.5208865,25.1244176]}},{"type":"Feature","properties":{"label":"市場／夜市","group":"生活影響設施","radius":300,"name":"金山中繼市場"},"geometry":{"type":"Point","coordinates":[121.637051,25.2194565]}},{"type":"Feature","properties":{"label":"宗教活動設施","group":"生活影響設施","radius":300,"name":"港墘福德祠"},"geometry":{"type":"Point","coordinates":[121.57651,25.0807829]}},{"type":"Feature","properties":{"label":"軍事設施","group":"生活影響設施","radius":500,"name":"國防部福利站秀朗副供站"},"geometry":{"type":"Point","coordinates":[121.5246476,25.002533]}},{"type":"Feature","properties":{"label":"消防隊","group":"生活影響設施","radius":300,"name":"光興分隊"},"geometry":{"type":"Point","coordinates":[121.4991825,25.0603363]}},{"type":"Feature","properties":{"label":"宗教活動設施","group":"生活影響設施","radius":300,"name":"頂泰山巖"},"geometry":{"type":"Point","coordinates":[121.4234536,25.043723]}},{"type":"Feature","properties":{"label":"宗教活動設施","group":"生活影響設施","radius":300,"name":"永仁媽"},"geometry":{"type":"Point","coordinates":[121.4894129,25.0099983]}},{"type":"Feature","properties":{"label":"市場／夜市","group":"生活影響設施","radius":300,"name":"沙崙夜市"},"geometry":{"type":"Point","coordinates":[121.4241439,25.1852312]}},{"type":"Feature","properties":{"label":"宗教活動設施","group":"生活影響設施","radius":300,"name":"OSM 未命名設施"},"geometry":{"type":"Point","coordinates":[121.4569498,25.0148541]}},{"type":"Feature","properties":{"label":"宗教活動設施","group":"生活影響設施","radius":300,"name":"OSM 未命名設施"},"geometry":{"type":"Point","coordinates":[121.3968838,25.1470721]}},{"type":"Feature","properties":{"label":"宗教活動設施","group":"生活影響設施","radius":300,"name":"慈光寺"},"geometry":{"type":"Point","coordinates":[121.5691634,24.9951936]}},{"type":"Feature","properties":{"label":"市場／夜市","group":"生活影響設施","radius":300,"name":"溪洲公有零售市場"},"geometry":{"type":"Point","coordinates":[121.5165574,25.0134757]}},{"type":"Feature","properties":{"label":"市場／夜市","group":"生活影響設施","radius":300,"name":"溪州市場"},"geometry":{"type":"Point","coordinates":[121.5165885,25.0131803]}},{"type":"Feature","properties":{"label":"學校／幼兒園","group":"生活影響設施","radius":300,"name":"四維幼兒園"},"geometry":{"type":"Point","coordinates":[121.5469284,25.0256558]}},{"type":"Feature","properties":{"label":"學校／幼兒園","group":"生活影響設施","radius":300,"name":"私立大同高中"},"geometry":{"type":"Point","coordinates":[121.5212278,25.0665879]}},{"type":"Feature","properties":{"label":"宗教活動設施","group":"生活影響設施","radius":300,"name":"OSM 未命名設施"},"geometry":{"type":"Point","coordinates":[121.6451629,25.0665112]}},{"type":"Feature","properties":{"label":"軍事設施","group":"生活影響設施","radius":500,"name":"防空洞"},"geometry":{"type":"Point","coordinates":[121.5270158,25.015544]}},{"type":"Feature","properties":{"label":"宗教活動設施","group":"生活影響設施","radius":300,"name":"楊聖廟"},"geometry":{"type":"Point","coordinates":[121.4961082,25.0226753]}},{"type":"Feature","properties":{"label":"醫院／急診","group":"生活影響設施","radius":500,"name":"豐榮醫院"},"geometry":{"type":"Point","coordinates":[121.5114444,24.9632964]}},{"type":"Feature","properties":{"label":"宗教活動設施","group":"生活影響設施","radius":300,"name":"曹公曹媽祠"},"geometry":{"type":"Point","coordinates":[121.5452604,25.0199188]}},{"type":"Feature","properties":{"label":"宗教活動設施","group":"生活影響設施","radius":300,"name":"大湖底福德宮"},"geometry":{"type":"Point","coordinates":[121.5230404,24.9559389]}},{"type":"Feature","properties":{"label":"醫院／急診","group":"生活影響設施","radius":500,"name":"宏濟神經精神科醫院"},"geometry":{"type":"Point","coordinates":[121.5142604,24.9588443]}},{"type":"Feature","properties":{"label":"宗教活動設施","group":"生活影響設施","radius":300,"name":"觀音亭"},"geometry":{"type":"Point","coordinates":[121.4579339,25.0055433]}},{"type":"Feature","properties":{"label":"學校／幼兒園","group":"生活影響設施","radius":300,"name":"興穀國小"},"geometry":{"type":"Point","coordinates":[121.4749575,25.0500581]}},{"type":"Feature","properties":{"label":"軍事設施","group":"生活影響設施","radius":500,"name":"OSM 未命名設施"},"geometry":{"type":"Point","coordinates":[121.6130615,25.0505068]}},{"type":"Feature","properties":{"label":"學校／幼兒園","group":"生活影響設施","radius":300,"name":"國立臺北大學合江校區(宿舍區)"},"geometry":{"type":"Point","coordinates":[121.5398905,25.0565332]}},{"type":"Feature","properties":{"label":"宗教活動設施","group":"生活影響設施","radius":300,"name":"福德祠"},"geometry":{"type":"Point","coordinates":[121.5806262,24.9831236]}},{"type":"Feature","properties":{"label":"宗教活動設施","group":"生活影響設施","radius":300,"name":"法華寺"},"geometry":{"type":"Point","coordinates":[121.5058946,25.0387661]}},{"type":"Feature","properties":{"label":"宗教活動設施","group":"生活影響設施","radius":300,"name":"三慈宮"},"geometry":{"type":"Point","coordinates":[121.4901908,25.1559957]}},{"type":"Feature","properties":{"label":"市場／夜市","group":"生活影響設施","radius":300,"name":"東門市場"},"geometry":{"type":"Point","coordinates":[121.5268543,25.034837]}},{"type":"Feature","properties":{"label":"宗教活動設施","group":"生活影響設施","radius":300,"name":"福佛宮"},"geometry":{"type":"Point","coordinates":[121.5189886,25.0207142]}},{"type":"Feature","properties":{"label":"宗教活動設施","group":"生活影響設施","radius":300,"name":"台灣基督長老教會 金包里教會"},"geometry":{"type":"Point","coordinates":[121.6394041,25.2193486]}},{"type":"Feature","properties":{"label":"學校／幼兒園","group":"生活影響設施","radius":300,"name":"溫德爾林口幼兒園"},"geometry":{"type":"Point","coordinates":[121.3814066,25.0772537]}},{"type":"Feature","properties":{"label":"宗教活動設施","group":"生活影響設施","radius":300,"name":"穆斯林祈禱室"},"geometry":{"type":"Point","coordinates":[121.5341791,25.0427439]}},{"type":"Feature","properties":{"label":"宗教活動設施","group":"生活影響設施","radius":300,"name":"南港玉成福德宮"},"geometry":{"type":"Point","coordinates":[121.5851467,25.0501008]}},{"type":"Feature","properties":{"label":"夜間娛樂場所","group":"生活影響設施","radius":300,"name":"The Glasshouse"},"geometry":{"type":"Point","coordinates":[121.5495221,25.0524029]}},{"type":"Feature","properties":{"label":"學校／幼兒園","group":"生活影響設施","radius":300,"name":"千愛幼兒園"},"geometry":{"type":"Point","coordinates":[121.3792491,25.0675953]}},{"type":"Feature","properties":{"label":"學校／幼兒園","group":"生活影響設施","radius":300,"name":"頂溪國小"},"geometry":{"type":"Point","coordinates":[121.5112625,25.0151077]}},{"type":"Feature","properties":{"label":"宗教活動設施","group":"生活影響設施","radius":300,"name":"淡水福澤宮"},"geometry":{"type":"Point","coordinates":[121.4606937,25.1463297]}},{"type":"Feature","properties":{"label":"學校／幼兒園","group":"生活影響設施","radius":300,"name":"吾米幼兒園"},"geometry":{"type":"Point","coordinates":[121.4267892,25.1977897]}},{"type":"Feature","properties":{"label":"學校／幼兒園","group":"生活影響設施","radius":300,"name":"淡水愛丁堡探索幼兒園"},"geometry":{"type":"Point","coordinates":[121.4402707,25.1852776]}},{"type":"Feature","properties":{"label":"軍事設施","group":"生活影響設施","radius":500,"name":"軍事碉堡遺址"},"geometry":{"type":"Point","coordinates":[121.557684,25.0149102]}},{"type":"Feature","properties":{"label":"軍事設施","group":"生活影響設施","radius":500,"name":"OSM 未命名設施"},"geometry":{"type":"Point","coordinates":[121.5550618,25.0884843]}},{"type":"Feature","properties":{"label":"宗教活動設施","group":"生活影響設施","radius":300,"name":"頂街福德宮"},"geometry":{"type":"Point","coordinates":[121.3683478,24.931451]}},{"type":"Feature","properties":{"label":"消防隊","group":"生活影響設施","radius":300,"name":"鳳鳴分隊"},"geometry":{"type":"Point","coordinates":[121.3347799,24.9672091]}},{"type":"Feature","properties":{"label":"學校／幼兒園","group":"生活影響設施","radius":300,"name":"新北市私立天仁幼兒園"},"geometry":{"type":"Point","coordinates":[121.6355894,25.2217235]}},{"type":"Feature","properties":{"label":"宗教活動設施","group":"生活影響設施","radius":300,"name":"昭應侯廟"},"geometry":{"type":"Point","coordinates":[121.6361768,25.2213824]}},{"type":"Feature","properties":{"label":"宗教活動設施","group":"生活影響設施","radius":300,"name":"西湖福湖宮"},"geometry":{"type":"Point","coordinates":[121.5568564,25.0870521]}},{"type":"Feature","properties":{"label":"宗教活動設施","group":"生活影響設施","radius":300,"name":"西湖聖佑宮"},"geometry":{"type":"Point","coordinates":[121.5583565,25.0874624]}},{"type":"Feature","properties":{"label":"宗教活動設施","group":"生活影響設施","radius":300,"name":"福景宮"},"geometry":{"type":"Point","coordinates":[121.5572344,25.0296775]}},{"type":"Feature","properties":{"label":"學校／幼兒園","group":"生活影響設施","radius":300,"name":"老人社區大學"},"geometry":{"type":"Point","coordinates":[121.5624356,25.055317]}},{"type":"Feature","properties":{"label":"學校／幼兒園","group":"生活影響設施","radius":300,"name":"西門國小"},"geometry":{"type":"Point","coordinates":[121.5033615,25.0426395]}},{"type":"Feature","properties":{"label":"學校／幼兒園","group":"生活影響設施","radius":300,"name":"龍山國中"},"geometry":{"type":"Point","coordinates":[121.5053031,25.0354507]}},{"type":"Feature","properties":{"label":"學校／幼兒園","group":"生活影響設施","radius":300,"name":"老松國小"},"geometry":{"type":"Point","coordinates":[121.502688,25.0375049]}},{"type":"Feature","properties":{"label":"學校／幼兒園","group":"生活影響設施","radius":300,"name":"南海實驗幼兒園"},"geometry":{"type":"Point","coordinates":[121.4977193,25.0297122]}},{"type":"Feature","properties":{"label":"學校／幼兒園","group":"生活影響設施","radius":300,"name":"雙園國小"},"geometry":{"type":"Point","coordinates":[121.4982444,25.030232]}},{"type":"Feature","properties":{"label":"學校／幼兒園","group":"生活影響設施","radius":300,"name":"福星國小"},"geometry":{"type":"Point","coordinates":[121.5081696,25.0468138]}},{"type":"Feature","properties":{"label":"學校／幼兒園","group":"生活影響設施","radius":300,"name":"忠孝國中"},"geometry":{"type":"Point","coordinates":[121.5077649,25.0515122]}},{"type":"Feature","properties":{"label":"學校／幼兒園","group":"生活影響設施","radius":300,"name":"萬福國小"},"geometry":{"type":"Point","coordinates":[121.5368064,25.0055586]}},{"type":"Feature","properties":{"label":"軍事設施","group":"生活影響設施","radius":500,"name":"臺北市替代役中心"},"geometry":{"type":"Point","coordinates":[121.5267142,25.0169771]}},{"type":"Feature","properties":{"label":"學校／幼兒園","group":"生活影響設施","radius":300,"name":"建國中學"},"geometry":{"type":"Point","coordinates":[121.512568,25.0303558]}},{"type":"Feature","properties":{"label":"軍事設施","group":"生活影響設施","radius":500,"name":"成德營區"},"geometry":{"type":"Point","coordinates":[121.5849251,25.0491425]}},{"type":"Feature","properties":{"label":"學校／幼兒園","group":"生活影響設施","radius":300,"name":"東吳大學城中校區"},"geometry":{"type":"Point","coordinates":[121.5094778,25.0383676]}},{"type":"Feature","properties":{"label":"軍事設施","group":"生活影響設施","radius":500,"name":"福興營區"},"geometry":{"type":"Point","coordinates":[121.5444156,25.0088056]}},{"type":"Feature","properties":{"label":"學校／幼兒園","group":"生活影響設施","radius":300,"name":"銘傳國小"},"geometry":{"type":"Point","coordinates":[121.5359891,25.0141639]}},{"type":"Feature","properties":{"label":"學校／幼兒園","group":"生活影響設施","radius":300,"name":"景美國小"},"geometry":{"type":"Point","coordinates":[121.540273,24.9891437]}},{"type":"Feature","properties":{"label":"學校／幼兒園","group":"生活影響設施","radius":300,"name":"私立中山小學"},"geometry":{"type":"Point","coordinates":[121.5564338,24.9880669]}},{"type":"Feature","properties":{"label":"學校／幼兒園","group":"生活影響設施","radius":300,"name":"溪口國小"},"geometry":{"type":"Point","coordinates":[121.5391336,24.9943459]}},{"type":"Feature","properties":{"label":"學校／幼兒園","group":"生活影響設施","radius":300,"name":"志清國小"},"geometry":{"type":"Point","coordinates":[121.539048,24.9983441]}},{"type":"Feature","properties":{"label":"學校／幼兒園","group":"生活影響設施","radius":300,"name":"景美國中"},"geometry":{"type":"Point","coordinates":[121.5430554,24.9936959]}},{"type":"Feature","properties":{"label":"學校／幼兒園","group":"生活影響設施","radius":300,"name":"市立大同高中"},"geometry":{"type":"Point","coordinates":[121.535039,25.0561672]}},{"type":"Feature","properties":{"label":"學校／幼兒園","group":"生活影響設施","radius":300,"name":"長春國小"},"geometry":{"type":"Point","coordinates":[121.534284,25.0556789]}},{"type":"Feature","properties":{"label":"學校／幼兒園","group":"生活影響設施","radius":300,"name":"武功國小"},"geometry":{"type":"Point","coordinates":[121.5397325,25.0035444]}},{"type":"Feature","properties":{"label":"學校／幼兒園","group":"生活影響設施","radius":300,"name":"南山高中"},"geometry":{"type":"Point","coordinates":[121.5044111,25.0014822]}},{"type":"Feature","properties":{"label":"學校／幼兒園","group":"生活影響設施","radius":300,"name":"漳和國中"},"geometry":{"type":"Point","coordinates":[121.5050202,25.001779]}},{"type":"Feature","properties":{"label":"學校／幼兒園","group":"生活影響設施","radius":300,"name":"南門國中"},"geometry":{"type":"Point","coordinates":[121.5090519,25.0341975]}},{"type":"Feature","properties":{"label":"學校／幼兒園","group":"生活影響設施","radius":300,"name":"南門國小"},"geometry":{"type":"Point","coordinates":[121.5088873,25.0350551]}},{"type":"Feature","properties":{"label":"學校／幼兒園","group":"生活影響設施","radius":300,"name":"國語實驗小學"},"geometry":{"type":"Point","coordinates":[121.5106278,25.0303959]}},{"type":"Feature","properties":{"label":"軍事設施","group":"生活影響設施","radius":500,"name":"忠愛營區"},"geometry":{"type":"Point","coordinates":[121.5096123,25.0374908]}},{"type":"Feature","properties":{"label":"軍事設施","group":"生活影響設施","radius":500,"name":"新店東營區"},"geometry":{"type":"Point","coordinates":[121.5383702,24.9851027]}},{"type":"Feature","properties":{"label":"學校／幼兒園","group":"生活影響設施","radius":300,"name":"實踐國小"},"geometry":{"type":"Point","coordinates":[121.5573738,24.9831647]}},{"type":"Feature","properties":{"label":"學校／幼兒園","group":"生活影響設施","radius":300,"name":"永建國小"},"geometry":{"type":"Point","coordinates":[121.5555639,24.9893077]}},{"type":"Feature","properties":{"label":"學校／幼兒園","group":"生活影響設施","radius":300,"name":"滬江中學"},"geometry":{"type":"Point","coordinates":[121.538324,24.989306]}},{"type":"Feature","properties":{"label":"軍事設施","group":"生活影響設施","radius":500,"name":"武崗營區"},"geometry":{"type":"Point","coordinates":[121.5530988,25.0882327]}},{"type":"Feature","properties":{"label":"軍事設施","group":"生活影響設施","radius":500,"name":"北安營區"},"geometry":{"type":"Point","coordinates":[121.5548771,25.0855342]}},{"type":"Feature","properties":{"label":"學校／幼兒園","group":"生活影響設施","radius":300,"name":"安坑國小"},"geometry":{"type":"Point","coordinates":[121.5136043,24.9609245]}},{"type":"Feature","properties":{"label":"軍事設施","group":"生活影響設施","radius":500,"name":"清風園營區"},"geometry":{"type":"Point","coordinates":[121.5256022,24.9610703]}},{"type":"Feature","properties":{"label":"軍事設施","group":"生活影響設施","radius":500,"name":"碧園營區"},"geometry":{"type":"Point","coordinates":[121.5264976,24.9646748]}},{"type":"Feature","properties":{"label":"醫院／急診","group":"生活影響設施","radius":500,"name":"三軍總醫院北投分院"},"geometry":{"type":"Point","coordinates":[121.5095903,25.1394371]}},{"type":"Feature","properties":{"label":"學校／幼兒園","group":"生活影響設施","radius":300,"name":"景文中學"},"geometry":{"type":"Point","coordinates":[121.5681383,24.9852598]}},{"type":"Feature","properties":{"label":"學校／幼兒園","group":"生活影響設施","radius":300,"name":"新店高中"},"geometry":{"type":"Point","coordinates":[121.5329158,24.9749381]}},{"type":"Feature","properties":{"label":"醫院／急診","group":"生活影響設施","radius":500,"name":"耕莘醫院"},"geometry":{"type":"Point","coordinates":[121.5359052,24.9765429]}},{"type":"Feature","properties":{"label":"軍事設施","group":"生活影響設施","radius":500,"name":"國家安全局"},"geometry":{"type":"Point","coordinates":[121.5360323,25.1073723]}},{"type":"Feature","properties":{"label":"學校／幼兒園","group":"生活影響設施","radius":300,"name":"明德國中"},"geometry":{"type":"Point","coordinates":[121.5189473,25.1079495]}},{"type":"Feature","properties":{"label":"學校／幼兒園","group":"生活影響設施","radius":300,"name":"福林國小"},"geometry":{"type":"Point","coordinates":[121.5299414,25.0981308]}},{"type":"Feature","properties":{"label":"軍事設施","group":"生活影響設施","radius":500,"name":"精誠營區"},"geometry":{"type":"Point","coordinates":[121.5344369,25.1038684]}},{"type":"Feature","properties":{"label":"學校／幼兒園","group":"生活影響設施","radius":300,"name":"國北教大實小"},"geometry":{"type":"Point","coordinates":[121.540481,25.0243518]}},{"type":"Feature","properties":{"label":"學校／幼兒園","group":"生活影響設施","radius":300,"name":"新生國小"},"geometry":{"type":"Point","coordinates":[121.5327578,25.0297785]}},{"type":"Feature","properties":{"label":"軍事設施","group":"生活影響設施","radius":500,"name":"建國營區"},"geometry":{"type":"Point","coordinates":[121.5386088,25.0225471]}},{"type":"Feature","properties":{"label":"學校／幼兒園","group":"生活影響設施","radius":300,"name":"龍安國小"},"geometry":{"type":"Point","coordinates":[121.5352783,25.0236261]}},{"type":"Feature","properties":{"label":"學校／幼兒園","group":"生活影響設施","radius":300,"name":"龍門國中"},"geometry":{"type":"Point","coordinates":[121.5387913,25.0238191]}},{"type":"Feature","properties":{"label":"學校／幼兒園","group":"生活影響設施","radius":300,"name":"士林國中"},"geometry":{"type":"Point","coordinates":[121.5228253,25.0935194]}},{"type":"Feature","properties":{"label":"學校／幼兒園","group":"生活影響設施","radius":300,"name":"士林國小"},"geometry":{"type":"Point","coordinates":[121.524362,25.0931791]}},{"type":"Feature","properties":{"label":"學校／幼兒園","group":"生活影響設施","radius":300,"name":"實踐大學台北校區"},"geometry":{"type":"Point","coordinates":[121.5454709,25.0845532]}},{"type":"Feature","properties":{"label":"學校／幼兒園","group":"生活影響設施","radius":300,"name":"道明外僑學校"},"geometry":{"type":"Point","coordinates":[121.5473069,25.0850792]}},{"type":"Feature","properties":{"label":"軍事設施","group":"生活影響設施","radius":500,"name":"雙溪營區"},"geometry":{"type":"Point","coordinates":[121.5419166,25.0965372]}},{"type":"Feature","properties":{"label":"學校／幼兒園","group":"生活影響設施","radius":300,"name":"石牌國小"},"geometry":{"type":"Point","coordinates":[121.5124679,25.1154128]}},{"type":"Feature","properties":{"label":"學校／幼兒園","group":"生活影響設施","radius":300,"name":"石牌國中"},"geometry":{"type":"Point","coordinates":[121.5136275,25.1159022]}},{"type":"Feature","properties":{"label":"學校／幼兒園","group":"生活影響設施","radius":300,"name":"亞東科技大學"},"geometry":{"type":"Point","coordinates":[121.4529404,24.9958687]}},{"type":"Feature","properties":{"label":"學校／幼兒園","group":"生活影響設施","radius":300,"name":"國光國小"},"geometry":{"type":"Point","coordinates":[121.4525517,25.0190961]}},{"type":"Feature","properties":{"label":"學校／幼兒園","group":"生活影響設施","radius":300,"name":"後埔國小"},"geometry":{"type":"Point","coordinates":[121.4633825,25.0035751]}},{"type":"Feature","properties":{"label":"學校／幼兒園","group":"生活影響設施","radius":300,"name":"忠孝國中"},"geometry":{"type":"Point","coordinates":[121.4616226,25.0040914]}},{"type":"Feature","properties":{"label":"學校／幼兒園","group":"生活影響設施","radius":300,"name":"文聖國小"},"geometry":{"type":"Point","coordinates":[121.4772237,25.028959]}},{"type":"Feature","properties":{"label":"學校／幼兒園","group":"生活影響設施","radius":300,"name":"板橋國中"},"geometry":{"type":"Point","coordinates":[121.4529105,25.0248464]}},{"type":"Feature","properties":{"label":"學校／幼兒園","group":"生活影響設施","radius":300,"name":"江翠國小"},"geometry":{"type":"Point","coordinates":[121.4734467,25.0324204]}},{"type":"Feature","properties":{"label":"學校／幼兒園","group":"生活影響設施","radius":300,"name":"海山國小"},"geometry":{"type":"Point","coordinates":[121.4703904,25.009238]}},{"type":"Feature","properties":{"label":"學校／幼兒園","group":"生活影響設施","radius":300,"name":"海山高中"},"geometry":{"type":"Point","coordinates":[121.4714766,25.0105513]}},{"type":"Feature","properties":{"label":"學校／幼兒園","group":"生活影響設施","radius":300,"name":"溪崑國中"},"geometry":{"type":"Point","coordinates":[121.4319694,24.9977809]}},{"type":"Feature","properties":{"label":"學校／幼兒園","group":"生活影響設施","radius":300,"name":"溪洲國小"},"geometry":{"type":"Point","coordinates":[121.4315033,24.9868669]}},{"type":"Feature","properties":{"label":"學校／幼兒園","group":"生活影響設施","radius":300,"name":"重慶國中"},"geometry":{"type":"Point","coordinates":[121.4625173,24.997965]}},{"type":"Feature","properties":{"label":"醫院／急診","group":"生活影響設施","radius":500,"name":"國立臺灣大學醫學院附設醫院"},"geometry":{"type":"Point","coordinates":[121.5191531,25.0419013]}},{"type":"Feature","properties":{"label":"學校／幼兒園","group":"生活影響設施","radius":300,"name":"國立臺北商業大學"},"geometry":{"type":"Point","coordinates":[121.5254463,25.0423803]}},{"type":"Feature","properties":{"label":"軍事設施","group":"生活影響設施","radius":500,"name":"國防部文化營區"},"geometry":{"type":"Point","coordinates":[121.5216741,25.0372943]}},{"type":"Feature","properties":{"label":"學校／幼兒園","group":"生活影響設施","radius":300,"name":"舊台大法社學院"},"geometry":{"type":"Point","coordinates":[121.5250708,25.0410786]}},{"type":"Feature","properties":{"label":"學校／幼兒園","group":"生活影響設施","radius":300,"name":"華江高中"},"geometry":{"type":"Point","coordinates":[121.4970614,25.028158]}},{"type":"Feature","properties":{"label":"學校／幼兒園","group":"生活影響設施","radius":300,"name":"萬華國中"},"geometry":{"type":"Point","coordinates":[121.4988222,25.0282298]}},{"type":"Feature","properties":{"label":"學校／幼兒園","group":"生活影響設施","radius":300,"name":"復興商工"},"geometry":{"type":"Point","coordinates":[121.5186702,25.0038415]}},{"type":"Feature","properties":{"label":"學校／幼兒園","group":"生活影響設施","radius":300,"name":"景新國小"},"geometry":{"type":"Point","coordinates":[121.5156659,24.9894648]}},{"type":"Feature","properties":{"label":"學校／幼兒園","group":"生活影響設施","radius":300,"name":"永和國小"},"geometry":{"type":"Point","coordinates":[121.5164688,25.002664]}},{"type":"Feature","properties":{"label":"學校／幼兒園","group":"生活影響設施","radius":300,"name":"福和國中"},"geometry":{"type":"Point","coordinates":[121.5214761,25.0048729]}},{"type":"Feature","properties":{"label":"學校／幼兒園","group":"生活影響設施","radius":300,"name":"秀山國小"},"geometry":{"type":"Point","coordinates":[121.521114,24.9951828]}},{"type":"Feature","properties":{"label":"學校／幼兒園","group":"生活影響設施","radius":300,"name":"網溪國小"},"geometry":{"type":"Point","coordinates":[121.5201197,25.0133697]}},{"type":"Feature","properties":{"label":"學校／幼兒園","group":"生活影響設施","radius":300,"name":"莊敬高職永和校區"},"geometry":{"type":"Point","coordinates":[121.5194391,25.0154595]}},{"type":"Feature","properties":{"label":"學校／幼兒園","group":"生活影響設施","radius":300,"name":"古亭國小"},"geometry":{"type":"Point","coordinates":[121.5293804,25.0210362]}},{"type":"Feature","properties":{"label":"學校／幼兒園","group":"生活影響設施","radius":300,"name":"私立新民小學"},"geometry":{"type":"Point","coordinates":[121.5317016,25.0224713]}},{"type":"Feature","properties":{"label":"學校／幼兒園","group":"生活影響設施","radius":300,"name":"臺灣戲曲學院木柵校區"},"geometry":{"type":"Point","coordinates":[121.5667955,24.9863215]}},{"type":"Feature","properties":{"label":"學校／幼兒園","group":"生活影響設施","radius":300,"name":"明道國小"},"geometry":{"type":"Point","coordinates":[121.5634788,24.987444]}},{"type":"Feature","properties":{"label":"學校／幼兒園","group":"生活影響設施","radius":300,"name":"木柵國小"},"geometry":{"type":"Point","coordinates":[121.5696946,24.9907972]}},{"type":"Feature","properties":{"label":"學校／幼兒園","group":"生活影響設施","radius":300,"name":"台北日僑學校"},"geometry":{"type":"Point","coordinates":[121.5285837,25.1171061]}},{"type":"Feature","properties":{"label":"醫院／急診","group":"生活影響設施","radius":500,"name":"臺北榮民總醫院"},"geometry":{"type":"Point","coordinates":[121.5207508,25.1210084]}},{"type":"Feature","properties":{"label":"學校／幼兒園","group":"生活影響設施","radius":300,"name":"天母國小"},"geometry":{"type":"Point","coordinates":[121.5280659,25.119965]}},{"type":"Feature","properties":{"label":"醫院／急診","group":"生活影響設施","radius":500,"name":"振興醫院"},"geometry":{"type":"Point","coordinates":[121.5224265,25.1163266]}},{"type":"Feature","properties":{"label":"學校／幼兒園","group":"生活影響設施","radius":300,"name":"華江國小"},"geometry":{"type":"Point","coordinates":[121.491648,25.0339018]}},{"type":"Feature","properties":{"label":"學校／幼兒園","group":"生活影響設施","radius":300,"name":"忠義國小"},"geometry":{"type":"Point","coordinates":[121.505806,25.0297674]}},{"type":"Feature","properties":{"label":"學校／幼兒園","group":"生活影響設施","radius":300,"name":"雙園國中"},"geometry":{"type":"Point","coordinates":[121.4919352,25.0275627]}},{"type":"Feature","properties":{"label":"學校／幼兒園","group":"生活影響設施","radius":300,"name":"龍山國小"},"geometry":{"type":"Point","coordinates":[121.4958411,25.0361355]}},{"type":"Feature","properties":{"label":"學校／幼兒園","group":"生活影響設施","radius":300,"name":"仁愛國中"},"geometry":{"type":"Point","coordinates":[121.5512234,25.0368487]}},{"type":"Feature","properties":{"label":"學校／幼兒園","group":"生活影響設施","radius":300,"name":"仁愛國小"},"geometry":{"type":"Point","coordinates":[121.5513468,25.0358988]}},{"type":"Feature","properties":{"label":"學校／幼兒園","group":"生活影響設施","radius":300,"name":"北投國小"},"geometry":{"type":"Point","coordinates":[121.4998177,25.1338853]}},{"type":"Feature","properties":{"label":"學校／幼兒園","group":"生活影響設施","radius":300,"name":"OSM 未命名設施"},"geometry":{"type":"Point","coordinates":[121.5584302,25.0403714]}},{"type":"Feature","properties":{"label":"軍事設施","group":"生活影響設施","radius":500,"name":"忠貞營區"},"geometry":{"type":"Point","coordinates":[121.5261352,25.0699297]}},{"type":"Feature","properties":{"label":"學校／幼兒園","group":"生活影響設施","radius":300,"name":"文湖國小"},"geometry":{"type":"Point","coordinates":[121.5599223,25.0862805]}},{"type":"Feature","properties":{"label":"學校／幼兒園","group":"生活影響設施","radius":300,"name":"葫蘆國小"},"geometry":{"type":"Point","coordinates":[121.5076146,25.083582]}},{"type":"Feature","properties":{"label":"學校／幼兒園","group":"生活影響設施","radius":300,"name":"大安高工"},"geometry":{"type":"Point","coordinates":[121.5421103,25.0319333]}},{"type":"Feature","properties":{"label":"學校／幼兒園","group":"生活影響設施","radius":300,"name":"三興國小"},"geometry":{"type":"Point","coordinates":[121.558713,25.0291823]}},{"type":"Feature","properties":{"label":"學校／幼兒園","group":"生活影響設施","radius":300,"name":"中山國小"},"geometry":{"type":"Point","coordinates":[121.5264276,25.063617]}},{"type":"Feature","properties":{"label":"學校／幼兒園","group":"生活影響設施","radius":300,"name":"中山女高"},"geometry":{"type":"Point","coordinates":[121.5380583,25.0492184]}},{"type":"Feature","properties":{"label":"學校／幼兒園","group":"生活影響設施","radius":300,"name":"中正國小"},"geometry":{"type":"Point","coordinates":[121.5394,25.0506733]}},{"type":"Feature","properties":{"label":"學校／幼兒園","group":"生活影響設施","radius":300,"name":"五常國中"},"geometry":{"type":"Point","coordinates":[121.5431266,25.0642533]}},{"type":"Feature","properties":{"label":"學校／幼兒園","group":"生活影響設施","radius":300,"name":"五常國小"},"geometry":{"type":"Point","coordinates":[121.5417531,25.0638066]}},{"type":"Feature","properties":{"label":"學校／幼兒園","group":"生活影響設施","radius":300,"name":"信義國小"},"geometry":{"type":"Point","coordinates":[121.5629113,25.0311062]}},{"type":"Feature","properties":{"label":"學校／幼兒園","group":"生活影響設施","radius":300,"name":"健康國小"},"geometry":{"type":"Point","coordinates":[121.5627824,25.056436]}},{"type":"Feature","properties":{"label":"學校／幼兒園","group":"生活影響設施","radius":300,"name":"內湖國小"},"geometry":{"type":"Point","coordinates":[121.5806289,25.0797373]}},{"type":"Feature","properties":{"label":"學校／幼兒園","group":"生活影響設施","radius":300,"name":"內湖高工"},"geometry":{"type":"Point","coordinates":[121.5750329,25.0792501]}},{"type":"Feature","properties":{"label":"學校／幼兒園","group":"生活影響設施","radius":300,"name":"博愛國小"},"geometry":{"type":"Point","coordinates":[121.5709506,25.0356696]}},{"type":"Feature","properties":{"label":"學校／幼兒園","group":"生活影響設施","radius":300,"name":"國立臺北科技大學"},"geometry":{"type":"Point","coordinates":[121.5358779,25.0428929]}},{"type":"Feature","properties":{"label":"學校／幼兒園","group":"生活影響設施","radius":300,"name":"吉林國小"},"geometry":{"type":"Point","coordinates":[121.529293,25.0540838]}},{"type":"Feature","properties":{"label":"學校／幼兒園","group":"生活影響設施","radius":300,"name":"喬治商職"},"geometry":{"type":"Point","coordinates":[121.5548775,25.0260494]}},{"type":"Feature","properties":{"label":"學校／幼兒園","group":"生活影響設施","radius":300,"name":"國立臺灣戲曲學院"},"geometry":{"type":"Point","coordinates":[121.5863175,25.0821639]}},{"type":"Feature","properties":{"label":"學校／幼兒園","group":"生活影響設施","radius":300,"name":"士東國小"},"geometry":{"type":"Point","coordinates":[121.5274915,25.1127822]}},{"type":"Feature","properties":{"label":"學校／幼兒園","group":"生活影響設施","radius":300,"name":"大安國中"},"geometry":{"type":"Point","coordinates":[121.5470179,25.0304017]}},{"type":"Feature","properties":{"label":"學校／幼兒園","group":"生活影響設施","radius":300,"name":"大橋國小"},"geometry":{"type":"Point","coordinates":[121.5127971,25.0639105]}},{"type":"Feature","properties":{"label":"學校／幼兒園","group":"生活影響設施","radius":300,"name":"天主教文德女中"},"geometry":{"type":"Point","coordinates":[121.5890801,25.0776427]}},{"type":"Feature","properties":{"label":"學校／幼兒園","group":"生活影響設施","radius":300,"name":"天主教方濟中學"},"geometry":{"type":"Point","coordinates":[121.5911205,25.0768818]}},{"type":"Feature","properties":{"label":"學校／幼兒園","group":"生活影響設施","radius":300,"name":"臺北市私立達人高級中學"},"geometry":{"type":"Point","coordinates":[121.5879129,25.0805886]}},{"type":"Feature","properties":{"label":"學校／幼兒園","group":"生活影響設施","radius":300,"name":"太平國小"},"geometry":{"type":"Point","coordinates":[121.512352,25.0614295]}},{"type":"Feature","properties":{"label":"學校／幼兒園","group":"生活影響設施","radius":300,"name":"康寧國小"},"geometry":{"type":"Point","coordinates":[121.5943758,25.0805125]}},{"type":"Feature","properties":{"label":"學校／幼兒園","group":"生活影響設施","radius":300,"name":"建安國小"},"geometry":{"type":"Point","coordinates":[121.5470018,25.0293686]}},{"type":"Feature","properties":{"label":"學校／幼兒園","group":"生活影響設施","radius":300,"name":"新民高中"},"geometry":{"type":"Point","coordinates":[121.5203063,25.025278]}},{"type":"Feature","properties":{"label":"學校／幼兒園","group":"生活影響設施","radius":300,"name":"忠孝國小"},"geometry":{"type":"Point","coordinates":[121.5316759,25.0430086]}},{"type":"Feature","properties":{"label":"學校／幼兒園","group":"生活影響設施","radius":300,"name":"懷生國中"},"geometry":{"type":"Point","coordinates":[121.5411246,25.0400991]}},{"type":"Feature","properties":{"label":"學校／幼兒園","group":"生活影響設施","radius":300,"name":"懷生國小"},"geometry":{"type":"Point","coordinates":[121.541495,25.0450481]}},{"type":"Feature","properties":{"label":"學校／幼兒園","group":"生活影響設施","radius":300,"name":"政大公企中心"},"geometry":{"type":"Point","coordinates":[121.5276823,25.030403]}},{"type":"Feature","properties":{"label":"學校／幼兒園","group":"生活影響設施","radius":300,"name":"敦化國中"},"geometry":{"type":"Point","coordinates":[121.546599,25.0509057]}},{"type":"Feature","properties":{"label":"學校／幼兒園","group":"生活影響設施","radius":300,"name":"敦化國小"},"geometry":{"type":"Point","coordinates":[121.5480349,25.0492164]}},{"type":"Feature","properties":{"label":"學校／幼兒園","group":"生活影響設施","radius":300,"name":"新興國中"},"geometry":{"type":"Point","coordinates":[121.5265165,25.0619438]}},{"type":"Feature","properties":{"label":"學校／幼兒園","group":"生活影響設施","radius":300,"name":"明德國小"},"geometry":{"type":"Point","coordinates":[121.522372,25.112079]}},{"type":"Feature","properties":{"label":"學校／幼兒園","group":"生活影響設施","radius":300,"name":"東方工商"},"geometry":{"type":"Point","coordinates":[121.5515094,25.0321007]}},{"type":"Feature","properties":{"label":"學校／幼兒園","group":"生活影響設施","radius":300,"name":"東湖國中"},"geometry":{"type":"Point","coordinates":[121.6202071,25.0725675]}},{"type":"Feature","properties":{"label":"學校／幼兒園","group":"生活影響設施","radius":300,"name":"松山國小"},"geometry":{"type":"Point","coordinates":[121.5788388,25.0508036]}},{"type":"Feature","properties":{"label":"學校／幼兒園","group":"生活影響設施","radius":300,"name":"松山高中"},"geometry":{"type":"Point","coordinates":[121.5648642,25.0440331]}},{"type":"Feature","properties":{"label":"學校／幼兒園","group":"生活影響設施","radius":300,"name":"民族國小"},"geometry":{"type":"Point","coordinates":[121.5512883,25.0595067]}},{"type":"Feature","properties":{"label":"學校／幼兒園","group":"生活影響設施","radius":300,"name":"民權國中"},"geometry":{"type":"Point","coordinates":[121.5144207,25.0636429]}},{"type":"Feature","properties":{"label":"學校／幼兒園","group":"生活影響設施","radius":300,"name":"民生國小"},"geometry":{"type":"Point","coordinates":[121.5520783,25.0560283]}},{"type":"Feature","properties":{"label":"學校／幼兒園","group":"生活影響設施","radius":300,"name":"同心華德福學校"},"geometry":{"type":"Point","coordinates":[121.5503476,24.9879204]}},{"type":"Feature","properties":{"label":"學校／幼兒園","group":"生活影響設施","radius":300,"name":"永樂國小"},"geometry":{"type":"Point","coordinates":[121.5105,25.0612529]}},{"type":"Feature","properties":{"label":"學校／幼兒園","group":"生活影響設施","radius":300,"name":"百齡國小"},"geometry":{"type":"Point","coordinates":[121.5185524,25.0860866]}},{"type":"Feature","properties":{"label":"學校／幼兒園","group":"生活影響設施","radius":300,"name":"碧湖國小"},"geometry":{"type":"Point","coordinates":[121.5909421,25.0842795]}},{"type":"Feature","properties":{"label":"學校／幼兒園","group":"生活影響設施","radius":300,"name":"社子國小"},"geometry":{"type":"Point","coordinates":[121.5025959,25.0906912]}},{"type":"Feature","properties":{"label":"學校／幼兒園","group":"生活影響設施","radius":300,"name":"私立幼華高中"},"geometry":{"type":"Point","coordinates":[121.4966945,25.1332502]}},{"type":"Feature","properties":{"label":"學校／幼兒園","group":"生活影響設施","radius":300,"name":"薇閣高中"},"geometry":{"type":"Point","coordinates":[121.5041669,25.1391449]}},{"type":"Feature","properties":{"label":"學校／幼兒園","group":"生活影響設施","radius":300,"name":"立人國際國中小"},"geometry":{"type":"Point","coordinates":[121.5518767,25.029508]}},{"type":"Feature","properties":{"label":"學校／幼兒園","group":"生活影響設施","radius":300,"name":"立農國小"},"geometry":{"type":"Point","coordinates":[121.5047152,25.1190386]}},{"type":"Feature","properties":{"label":"學校／幼兒園","group":"生活影響設施","radius":300,"name":"興福國中"},"geometry":{"type":"Point","coordinates":[121.550304,25.0049913]}},{"type":"Feature","properties":{"label":"學校／幼兒園","group":"生活影響設施","radius":300,"name":"興雅國中"},"geometry":{"type":"Point","coordinates":[121.5722422,25.0356389]}},{"type":"Feature","properties":{"label":"學校／幼兒園","group":"生活影響設施","radius":300,"name":"興雅國小"},"geometry":{"type":"Point","coordinates":[121.5696569,25.0473462]}},{"type":"Feature","properties":{"label":"學校／幼兒園","group":"生活影響設施","radius":300,"name":"舊莊國小"},"geometry":{"type":"Point","coordinates":[121.6194101,25.0395156]}},{"type":"Feature","properties":{"label":"學校／幼兒園","group":"生活影響設施","radius":300,"name":"芝山國小"},"geometry":{"type":"Point","coordinates":[121.5367431,25.1107078]}},{"type":"Feature","properties":{"label":"學校／幼兒園","group":"生活影響設施","radius":300,"name":"蘭雅國中"},"geometry":{"type":"Point","coordinates":[121.5317862,25.1105373]}},{"type":"Feature","properties":{"label":"學校／幼兒園","group":"生活影響設施","radius":300,"name":"蘭雅國小"},"geometry":{"type":"Point","coordinates":[121.5226592,25.1082898]}},{"type":"Feature","properties":{"label":"學校／幼兒園","group":"生活影響設施","radius":300,"name":"螢橋國小"},"geometry":{"type":"Point","coordinates":[121.5145489,25.0254723]}},{"type":"Feature","properties":{"label":"學校／幼兒園","group":"生活影響設施","radius":300,"name":"西松高中"},"geometry":{"type":"Point","coordinates":[121.5663368,25.0553762]}},{"type":"Feature","properties":{"label":"學校／幼兒園","group":"生活影響設施","radius":300,"name":"逸仙國小"},"geometry":{"type":"Point","coordinates":[121.5054593,25.1379937]}},{"type":"Feature","properties":{"label":"學校／幼兒園","group":"生活影響設施","radius":300,"name":"重慶國中"},"geometry":{"type":"Point","coordinates":[121.5181822,25.0764324]}},{"type":"Feature","properties":{"label":"學校／幼兒園","group":"生活影響設施","radius":300,"name":"金華國小"},"geometry":{"type":"Point","coordinates":[121.528293,25.0323623]}},{"type":"Feature","properties":{"label":"學校／幼兒園","group":"生活影響設施","radius":300,"name":"長安國小"},"geometry":{"type":"Point","coordinates":[121.5310656,25.0497301]}},{"type":"Feature","properties":{"label":"學校／幼兒園","group":"生活影響設施","radius":300,"name":"雨聲國小"},"geometry":{"type":"Point","coordinates":[121.5352135,25.1031227]}},{"type":"Feature","properties":{"label":"學校／幼兒園","group":"生活影響設施","radius":300,"name":"麗山國中"},"geometry":{"type":"Point","coordinates":[121.5755775,25.0821168]}},{"type":"Feature","properties":{"label":"學校／幼兒園","group":"生活影響設施","radius":300,"name":"麗山高中"},"geometry":{"type":"Point","coordinates":[121.5777628,25.0852416]}},{"type":"Feature","properties":{"label":"學校／幼兒園","group":"生活影響設施","radius":300,"name":"長安國中"},"geometry":{"type":"Point","coordinates":[121.5312528,25.0498223]}},{"type":"Feature","properties":{"label":"學校／幼兒園","group":"生活影響設施","radius":300,"name":"台北市職能發展學院"},"geometry":{"type":"Point","coordinates":[121.5383167,25.1150435]}},{"type":"Feature","properties":{"label":"學校／幼兒園","group":"生活影響設施","radius":300,"name":"台北啟明學校"},"geometry":{"type":"Point","coordinates":[121.5350739,25.1171457]}},{"type":"Feature","properties":{"label":"學校／幼兒園","group":"生活影響設施","radius":300,"name":"臺北市立大學天母校區"},"geometry":{"type":"Point","coordinates":[121.5357499,25.1148906]}},{"type":"Feature","properties":{"label":"學校／幼兒園","group":"生活影響設施","radius":300,"name":"中山國中"},"geometry":{"type":"Point","coordinates":[121.5457631,25.0609685]}},{"type":"Feature","properties":{"label":"學校／幼兒園","group":"生活影響設施","radius":300,"name":"中崙高中"},"geometry":{"type":"Point","coordinates":[121.5616893,25.0494882]}},{"type":"Feature","properties":{"label":"學校／幼兒園","group":"生活影響設施","radius":300,"name":"中正國中"},"geometry":{"type":"Point","coordinates":[121.5217042,25.0318192]}},{"type":"Feature","properties":{"label":"學校／幼兒園","group":"生活影響設施","radius":300,"name":"中正高中"},"geometry":{"type":"Point","coordinates":[121.5157678,25.1035091]}},{"type":"Feature","properties":{"label":"學校／幼兒園","group":"生活影響設施","radius":300,"name":"劍潭國小"},"geometry":{"type":"Point","coordinates":[121.5226744,25.0795028]}},{"type":"Feature","properties":{"label":"學校／幼兒園","group":"生活影響設施","radius":300,"name":"北投國中"},"geometry":{"type":"Point","coordinates":[121.5041265,25.1347858]}},{"type":"Feature","properties":{"label":"學校／幼兒園","group":"生活影響設施","radius":300,"name":"和平高中"},"geometry":{"type":"Point","coordinates":[121.548471,25.0190779]}},{"type":"Feature","properties":{"label":"學校／幼兒園","group":"生活影響設施","radius":300,"name":"大同國小"},"geometry":{"type":"Point","coordinates":[121.5168991,25.0649471]}},{"type":"Feature","properties":{"label":"學校／幼兒園","group":"生活影響設施","radius":300,"name":"大安國小"},"geometry":{"type":"Point","coordinates":[121.5499777,25.0199551]}},{"type":"Feature","properties":{"label":"學校／幼兒園","group":"生活影響設施","radius":300,"name":"大龍國小"},"geometry":{"type":"Point","coordinates":[121.5165927,25.073942]}},{"type":"Feature","properties":{"label":"學校／幼兒園","group":"生活影響設施","radius":300,"name":"靜修中學"},"geometry":{"type":"Point","coordinates":[121.5153634,25.0577686]}},{"type":"Feature","properties":{"label":"學校／幼兒園","group":"生活影響設施","radius":300,"name":"幸安國小"},"geometry":{"type":"Point","coordinates":[121.5349099,25.0369804]}},{"type":"Feature","properties":{"label":"學校／幼兒園","group":"生活影響設施","radius":300,"name":"建成國中"},"geometry":{"type":"Point","coordinates":[121.5192029,25.0514024]}},{"type":"Feature","properties":{"label":"學校／幼兒園","group":"生活影響設施","radius":300,"name":"成淵高中"},"geometry":{"type":"Point","coordinates":[121.5192885,25.0612561]}},{"type":"Feature","properties":{"label":"學校／幼兒園","group":"生活影響設施","radius":300,"name":"文林國小"},"geometry":{"type":"Point","coordinates":[121.5144528,25.1057942]}},{"type":"Feature","properties":{"label":"學校／幼兒園","group":"生活影響設施","radius":300,"name":"日新國小"},"geometry":{"type":"Point","coordinates":[121.517075,25.0542273]}},{"type":"Feature","properties":{"label":"學校／幼兒園","group":"生活影響設施","radius":300,"name":"明倫高中"},"geometry":{"type":"Point","coordinates":[121.5193631,25.0761187]}},{"type":"Feature","properties":{"label":"學校／幼兒園","group":"生活影響設施","radius":300,"name":"桃源國中"},"geometry":{"type":"Point","coordinates":[121.4765658,25.1355881]}},{"type":"Feature","properties":{"label":"學校／幼兒園","group":"生活影響設施","radius":300,"name":"民族實驗國中"},"geometry":{"type":"Point","coordinates":[121.5388658,25.0104697]}},{"type":"Feature","properties":{"label":"學校／幼兒園","group":"生活影響設施","radius":300,"name":"永吉國中"},"geometry":{"type":"Point","coordinates":[121.5738075,25.0482827]}},{"type":"Feature","properties":{"label":"學校／幼兒園","group":"生活影響設施","radius":300,"name":"河堤國小"},"geometry":{"type":"Point","coordinates":[121.5222239,25.0229433]}},{"type":"Feature","properties":{"label":"學校／幼兒園","group":"生活影響設施","radius":300,"name":"泰北高中"},"geometry":{"type":"Point","coordinates":[121.5345626,25.09705]}},{"type":"Feature","properties":{"label":"學校／幼兒園","group":"生活影響設施","radius":300,"name":"清江國小"},"geometry":{"type":"Point","coordinates":[121.506739,25.126471]}},{"type":"Feature","properties":{"label":"學校／幼兒園","group":"生活影響設施","radius":300,"name":"協和祐德高中"},"geometry":{"type":"Point","coordinates":[121.583664,25.041925]}},{"type":"Feature","properties":{"label":"學校／幼兒園","group":"生活影響設施","radius":300,"name":"育達高職"},"geometry":{"type":"Point","coordinates":[121.5541649,25.0499691]}},{"type":"Feature","properties":{"label":"學校／幼兒園","group":"生活影響設施","radius":300,"name":"臺北啟聰學校"},"geometry":{"type":"Point","coordinates":[121.5126516,25.0747436]}},{"type":"Feature","properties":{"label":"學校／幼兒園","group":"生活影響設施","radius":300,"name":"臺北歐洲學校小學部"},"geometry":{"type":"Point","coordinates":[121.5199396,25.1008623]}},{"type":"Feature","properties":{"label":"學校／幼兒園","group":"生活影響設施","radius":300,"name":"興德國小"},"geometry":{"type":"Point","coordinates":[121.5508815,25.0018555]}},{"type":"Feature","properties":{"label":"學校／幼兒園","group":"生活影響設施","radius":300,"name":"興隆國小"},"geometry":{"type":"Point","coordinates":[121.5521717,25.0024934]}},{"type":"Feature","properties":{"label":"學校／幼兒園","group":"生活影響設施","radius":300,"name":"蓬萊國小"},"geometry":{"type":"Point","coordinates":[121.5160571,25.0561631]}},{"type":"Feature","properties":{"label":"學校／幼兒園","group":"生活影響設施","radius":300,"name":"蘭州國中"},"geometry":{"type":"Point","coordinates":[121.5168556,25.0698089]}},{"type":"Feature","properties":{"label":"學校／幼兒園","group":"生活影響設施","radius":300,"name":"誠正國中"},"geometry":{"type":"Point","coordinates":[121.6192266,25.0534546]}},{"type":"Feature","properties":{"label":"學校／幼兒園","group":"生活影響設施","radius":300,"name":"金甌女中"},"geometry":{"type":"Point","coordinates":[121.5244555,25.0347769]}},{"type":"Feature","properties":{"label":"學校／幼兒園","group":"生活影響設施","radius":300,"name":"雙蓮國小"},"geometry":{"type":"Point","coordinates":[121.5168171,25.0607504]}},{"type":"Feature","properties":{"label":"學校／幼兒園","group":"生活影響設施","radius":300,"name":"清水國小"},"geometry":{"type":"Point","coordinates":[121.4616425,24.9841742]}},{"type":"Feature","properties":{"label":"學校／幼兒園","group":"生活影響設施","radius":300,"name":"成德國小"},"geometry":{"type":"Point","coordinates":[121.5871912,25.0474135]}},{"type":"Feature","properties":{"label":"學校／幼兒園","group":"生活影響設施","radius":300,"name":"修德國小"},"geometry":{"type":"Point","coordinates":[121.5894274,25.044957]}},{"type":"Feature","properties":{"label":"軍事設施","group":"生活影響設施","radius":500,"name":"精勤營區"},"geometry":{"type":"Point","coordinates":[121.5914512,25.0478746]}},{"type":"Feature","properties":{"label":"學校／幼兒園","group":"生活影響設施","radius":300,"name":"成德國中"},"geometry":{"type":"Point","coordinates":[121.5878407,25.0448761]}},{"type":"Feature","properties":{"label":"宗教活動設施","group":"生活影響設施","radius":300,"name":"景美集應廟"},"geometry":{"type":"Point","coordinates":[121.5419636,24.9916929]}},{"type":"Feature","properties":{"label":"軍事設施","group":"生活影響設施","radius":500,"name":"基信營區"},"geometry":{"type":"Point","coordinates":[121.5526053,25.0231255]}},{"type":"Feature","properties":{"label":"軍事設施","group":"生活影響設施","radius":500,"name":"溪園營區"},"geometry":{"type":"Point","coordinates":[121.5250237,24.9823497]}},{"type":"Feature","properties":{"label":"學校／幼兒園","group":"生活影響設施","radius":300,"name":"國立臺灣師範大學公館校區"},"geometry":{"type":"Point","coordinates":[121.5357029,25.0082431]}},{"type":"Feature","properties":{"label":"學校／幼兒園","group":"生活影響設施","radius":300,"name":"新北高工"},"geometry":{"type":"Point","coordinates":[121.4507885,24.9832479]}},{"type":"Feature","properties":{"label":"學校／幼兒園","group":"生活影響設施","radius":300,"name":"樂利國小"},"geometry":{"type":"Point","coordinates":[121.4479199,24.9852246]}},{"type":"Feature","properties":{"label":"學校／幼兒園","group":"生活影響設施","radius":300,"name":"智光商工"},"geometry":{"type":"Point","coordinates":[121.5145226,24.9946164]}},{"type":"Feature","properties":{"label":"學校／幼兒園","group":"生活影響設施","radius":300,"name":"中和國小"},"geometry":{"type":"Point","coordinates":[121.501313,24.9994488]}},{"type":"Feature","properties":{"label":"學校／幼兒園","group":"生活影響設施","radius":300,"name":"竹林中學"},"geometry":{"type":"Point","coordinates":[121.5056994,24.9801068]}},{"type":"Feature","properties":{"label":"學校／幼兒園","group":"生活影響設施","radius":300,"name":"復興國小"},"geometry":{"type":"Point","coordinates":[121.5022177,24.9887501]}},{"type":"Feature","properties":{"label":"學校／幼兒園","group":"生活影響設施","radius":300,"name":"中和高中"},"geometry":{"type":"Point","coordinates":[121.4775128,24.9947212]}},{"type":"Feature","properties":{"label":"學校／幼兒園","group":"生活影響設施","radius":300,"name":"中和國中"},"geometry":{"type":"Point","coordinates":[121.5087552,24.9850854]}},{"type":"Feature","properties":{"label":"學校／幼兒園","group":"生活影響設施","radius":300,"name":"桃源國小"},"geometry":{"type":"Point","coordinates":[121.4835289,25.1399429]}},{"type":"Feature","properties":{"label":"軍事設施","group":"生活影響設施","radius":500,"name":"新明營區"},"geometry":{"type":"Point","coordinates":[121.5256313,25.0225123]}},{"type":"Feature","properties":{"label":"學校／幼兒園","group":"生活影響設施","radius":300,"name":"北新國小"},"geometry":{"type":"Point","coordinates":[121.544736,24.973795]}},{"type":"Feature","properties":{"label":"學校／幼兒園","group":"生活影響設施","radius":300,"name":"國立臺北護理健康大學城區部"},"geometry":{"type":"Point","coordinates":[121.5032978,25.042046]}},{"type":"Feature","properties":{"label":"軍事設施","group":"生活影響設施","radius":500,"name":"松南營區"},"geometry":{"type":"Point","coordinates":[121.5535771,25.060702]}},{"type":"Feature","properties":{"label":"學校／幼兒園","group":"生活影響設施","radius":300,"name":"文山特殊教育學校"},"geometry":{"type":"Point","coordinates":[121.5674548,24.9917256]}},{"type":"Feature","properties":{"label":"宗教活動設施","group":"生活影響設施","radius":300,"name":"行天宮"},"geometry":{"type":"Point","coordinates":[121.5339067,25.0630808]}},{"type":"Feature","properties":{"label":"軍事設施","group":"生活影響設施","radius":500,"name":"松園營區"},"geometry":{"type":"Point","coordinates":[121.5352207,25.0959371]}},{"type":"Feature","properties":{"label":"學校／幼兒園","group":"生活影響設施","radius":300,"name":"麗湖國小"},"geometry":{"type":"Point","coordinates":[121.6009802,25.0721888]}},{"type":"Feature","properties":{"label":"軍事設施","group":"生活影響設施","radius":500,"name":"國防醫學大學衛勤訓練中心"},"geometry":{"type":"Point","coordinates":[121.6024278,25.0726641]}},{"type":"Feature","properties":{"label":"軍事設施","group":"生活影響設施","radius":500,"name":"公館山營區"},"geometry":{"type":"Point","coordinates":[121.5836415,25.0728539]}},{"type":"Feature","properties":{"label":"軍事設施","group":"生活影響設施","radius":500,"name":"博愛樓"},"geometry":{"type":"Point","coordinates":[121.5427174,25.0835808]}},{"type":"Feature","properties":{"label":"軍事設施","group":"生活影響設施","radius":500,"name":"北投福利站"},"geometry":{"type":"Point","coordinates":[121.4887776,25.1389051]}},{"type":"Feature","properties":{"label":"軍事設施","group":"生活影響設施","radius":500,"name":"后山營區"},"geometry":{"type":"Point","coordinates":[121.4657553,25.135532]}},{"type":"Feature","properties":{"label":"學校／幼兒園","group":"生活影響設施","radius":300,"name":"國立臺灣師範大學和平校區"},"geometry":{"type":"Point","coordinates":[121.5285207,25.026171]}},{"type":"Feature","properties":{"label":"軍事設施","group":"生活影響設施","radius":500,"name":"憲兵訓練中心"},"geometry":{"type":"Point","coordinates":[121.4325385,25.0751214]}},{"type":"Feature","properties":{"label":"軍事設施","group":"生活影響設施","radius":500,"name":"淡水營區"},"geometry":{"type":"Point","coordinates":[121.4480507,25.1640591]}},{"type":"Feature","properties":{"label":"宗教活動設施","group":"生活影響設施","radius":300,"name":"OSM 未命名設施"},"geometry":{"type":"Point","coordinates":[121.5178309,25.0752256]}},{"type":"Feature","properties":{"label":"宗教活動設施","group":"生活影響設施","radius":300,"name":"臺北孔子廟"},"geometry":{"type":"Point","coordinates":[121.5165142,25.0726973]}},{"type":"Feature","properties":{"label":"學校／幼兒園","group":"生活影響設施","radius":300,"name":"新和國小"},"geometry":{"type":"Point","coordinates":[121.5181435,24.9850255]}},{"type":"Feature","properties":{"label":"學校／幼兒園","group":"生活影響設施","radius":300,"name":"光華商職"},"geometry":{"type":"Point","coordinates":[121.4548076,25.0030962]}},{"type":"Feature","properties":{"label":"醫院／急診","group":"生活影響設施","radius":500,"name":"永和耕莘醫院"},"geometry":{"type":"Point","coordinates":[121.5176429,25.0114698]}},{"type":"Feature","properties":{"label":"學校／幼兒園","group":"生活影響設施","radius":300,"name":"文化國小"},"geometry":{"type":"Point","coordinates":[121.4375459,25.1742412]}},{"type":"Feature","properties":{"label":"學校／幼兒園","group":"生活影響設施","radius":300,"name":"淡水國中"},"geometry":{"type":"Point","coordinates":[121.4373248,25.1751089]}},{"type":"Feature","properties":{"label":"學校／幼兒園","group":"生活影響設施","radius":300,"name":"私立淡江高中"},"geometry":{"type":"Point","coordinates":[121.4364761,25.1763551]}},{"type":"Feature","properties":{"label":"軍事設施","group":"生活影響設施","radius":500,"name":"陸軍台北辦事處"},"geometry":{"type":"Point","coordinates":[121.5182705,25.029069]}},{"type":"Feature","properties":{"label":"軍事設施","group":"生活影響設施","radius":500,"name":"淡海營區"},"geometry":{"type":"Point","coordinates":[121.4242527,25.176291]}},{"type":"Feature","properties":{"label":"醫院／急診","group":"生活影響設施","radius":500,"name":"三軍總醫院北投分院門診處"},"geometry":{"type":"Point","coordinates":[121.5011976,25.1397385]}},{"type":"Feature","properties":{"label":"軍事設施","group":"生活影響設施","radius":500,"name":"新店西營區"},"geometry":{"type":"Point","coordinates":[121.5361193,24.988259]}},{"type":"Feature","properties":{"label":"軍事設施","group":"生活影響設施","radius":500,"name":"OSM 未命名設施"},"geometry":{"type":"Point","coordinates":[121.5393704,25.096995]}},{"type":"Feature","properties":{"label":"學校／幼兒園","group":"生活影響設施","radius":300,"name":"國防醫學大學"},"geometry":{"type":"Point","coordinates":[121.5970934,25.0709538]}},{"type":"Feature","properties":{"label":"學校／幼兒園","group":"生活影響設施","radius":300,"name":"稻江高級商業職業學校"},"geometry":{"type":"Point","coordinates":[121.5119484,25.0643186]}},{"type":"Feature","properties":{"label":"學校／幼兒園","group":"生活影響設施","radius":300,"name":"榮星幼兒園"},"geometry":{"type":"Point","coordinates":[121.5087918,25.058735]}},{"type":"Feature","properties":{"label":"學校／幼兒園","group":"生活影響設施","radius":300,"name":"開平餐飲學校"},"geometry":{"type":"Point","coordinates":[121.5422179,25.0286325]}},{"type":"Feature","properties":{"label":"醫院／急診","group":"生活影響設施","radius":500,"name":"三軍總醫院松山分院"},"geometry":{"type":"Point","coordinates":[121.5574572,25.054676]}},{"type":"Feature","properties":{"label":"軍事設施","group":"生活影響設施","radius":500,"name":"復安營區"},"geometry":{"type":"Point","coordinates":[121.5438033,25.0853122]}},{"type":"Feature","properties":{"label":"學校／幼兒園","group":"生活影響設施","radius":300,"name":"大直幼兒園"},"geometry":{"type":"Point","coordinates":[121.544855,25.0831949]}},{"type":"Feature","properties":{"label":"軍事設施","group":"生活影響設施","radius":500,"name":"憲兵332營"},"geometry":{"type":"Point","coordinates":[121.5120105,25.033632]}},{"type":"Feature","properties":{"label":"學校／幼兒園","group":"生活影響設施","radius":300,"name":"國立臺灣科技大學華夏校區"},"geometry":{"type":"Point","coordinates":[121.5080701,24.9810089]}},{"type":"Feature","properties":{"label":"學校／幼兒園","group":"生活影響設施","radius":300,"name":"育達大學台北校區"},"geometry":{"type":"Point","coordinates":[121.5553417,25.0505771]}},{"type":"Feature","properties":{"label":"學校／幼兒園","group":"生活影響設施","radius":300,"name":"永和國中"},"geometry":{"type":"Point","coordinates":[121.5227482,25.0058913]}},{"type":"Feature","properties":{"label":"學校／幼兒園","group":"生活影響設施","radius":300,"name":"東海高中"},"geometry":{"type":"Point","coordinates":[121.4787127,25.0644736]}},{"type":"Feature","properties":{"label":"學校／幼兒園","group":"生活影響設施","radius":300,"name":"二重國小"},"geometry":{"type":"Point","coordinates":[121.4784867,25.0656563]}},{"type":"Feature","properties":{"label":"學校／幼兒園","group":"生活影響設施","radius":300,"name":"二重國中"},"geometry":{"type":"Point","coordinates":[121.4797665,25.065493]}},{"type":"Feature","properties":{"label":"醫院／急診","group":"生活影響設施","radius":500,"name":"三總汀州院區"},"geometry":{"type":"Point","coordinates":[121.5292441,25.0164292]}},{"type":"Feature","properties":{"label":"學校／幼兒園","group":"生活影響設施","radius":300,"name":"奎山實驗中學"},"geometry":{"type":"Point","coordinates":[121.5226342,25.1127133]}},{"type":"Feature","properties":{"label":"醫院／急診","group":"生活影響設施","radius":500,"name":"仁濟醫院"},"geometry":{"type":"Point","coordinates":[121.4979431,25.0367006]}},{"type":"Feature","properties":{"label":"醫院／急診","group":"生活影響設施","radius":500,"name":"國泰醫院總院"},"geometry":{"type":"Point","coordinates":[121.5536976,25.0368252]}},{"type":"Feature","properties":{"label":"宗教活動設施","group":"生活影響設施","radius":300,"name":"OSM 未命名設施"},"geometry":{"type":"Point","coordinates":[121.5307378,25.026849]}},{"type":"Feature","properties":{"label":"醫院／急診","group":"生活影響設施","radius":500,"name":"永越健康管理中心"},"geometry":{"type":"Point","coordinates":[121.494881,25.0274681]}},{"type":"Feature","properties":{"label":"學校／幼兒園","group":"生活影響設施","radius":300,"name":"興南國小"},"geometry":{"type":"Point","coordinates":[121.5097095,24.9864179]}},{"type":"Feature","properties":{"label":"學校／幼兒園","group":"生活影響設施","radius":300,"name":"恩慈美國學校"},"geometry":{"type":"Point","coordinates":[121.5879487,25.0467368]}},{"type":"Feature","properties":{"label":"學校／幼兒園","group":"生活影響設施","radius":300,"name":"集美國小"},"geometry":{"type":"Point","coordinates":[121.4890476,25.0568776]}},{"type":"Feature","properties":{"label":"消防隊","group":"生活影響設施","radius":300,"name":"永吉分隊"},"geometry":{"type":"Point","coordinates":[121.5692903,25.0454735]}},{"type":"Feature","properties":{"label":"宗教活動設施","group":"生活影響設施","radius":300,"name":"臺北清真寺"},"geometry":{"type":"Point","coordinates":[121.5340207,25.0279217]}},{"type":"Feature","properties":{"label":"學校／幼兒園","group":"生活影響設施","radius":300,"name":"土城國中"},"geometry":{"type":"Point","coordinates":[121.4293981,24.9625432]}},{"type":"Feature","properties":{"label":"監獄／看守所","group":"生活影響設施","radius":500,"name":"臺北看守所"},"geometry":{"type":"Point","coordinates":[121.4616661,24.9866214]}},{"type":"Feature","properties":{"label":"學校／幼兒園","group":"生活影響設施","radius":300,"name":"白雲國小"},"geometry":{"type":"Point","coordinates":[121.6182509,25.047792]}},{"type":"Feature","properties":{"label":"學校／幼兒園","group":"生活影響設施","radius":300,"name":"新莊國中"},"geometry":{"type":"Point","coordinates":[121.4514977,25.0351077]}},{"type":"Feature","properties":{"label":"學校／幼兒園","group":"生活影響設施","radius":300,"name":"台大農場安康分場"},"geometry":{"type":"Point","coordinates":[121.5254584,24.9579428]}},{"type":"Feature","properties":{"label":"醫院／急診","group":"生活影響設施","radius":500,"name":"新光醫院"},"geometry":{"type":"Point","coordinates":[121.5200907,25.0957603]}},{"type":"Feature","properties":{"label":"學校／幼兒園","group":"生活影響設施","radius":300,"name":"臺北市立文山幼兒園"},"geometry":{"type":"Point","coordinates":[121.5609079,24.9878717]}},{"type":"Feature","properties":{"label":"學校／幼兒園","group":"生活影響設施","radius":300,"name":"中山國小幼兒園"},"geometry":{"type":"Point","coordinates":[121.5568189,24.9878854]}},{"type":"Feature","properties":{"label":"學校／幼兒園","group":"生活影響設施","radius":300,"name":"和平實驗國小"},"geometry":{"type":"Point","coordinates":[121.5466087,25.0215166]}},{"type":"Feature","properties":{"label":"宗教活動設施","group":"生活影響設施","radius":300,"name":"大龍峒保安宮"},"geometry":{"type":"Point","coordinates":[121.5155487,25.0730921]}},{"type":"Feature","properties":{"label":"學校／幼兒園","group":"生活影響設施","radius":300,"name":"北大國小"},"geometry":{"type":"Point","coordinates":[121.373589,24.9396241]}},{"type":"Feature","properties":{"label":"學校／幼兒園","group":"生活影響設施","radius":300,"name":"潭美國小"},"geometry":{"type":"Point","coordinates":[121.5815695,25.058554]}},{"type":"Feature","properties":{"label":"市場／夜市","group":"生活影響設施","radius":300,"name":"林口夜市"},"geometry":{"type":"Point","coordinates":[121.3871902,25.0804584]}},{"type":"Feature","properties":{"label":"學校／幼兒園","group":"生活影響設施","radius":300,"name":"佳林國中"},"geometry":{"type":"Point","coordinates":[121.3843989,25.0812753]}},{"type":"Feature","properties":{"label":"學校／幼兒園","group":"生活影響設施","radius":300,"name":"樟樹國小"},"geometry":{"type":"Point","coordinates":[121.6414622,25.067135]}},{"type":"Feature","properties":{"label":"軍事設施","group":"生活影響設施","radius":500,"name":"軍車停車場"},"geometry":{"type":"Point","coordinates":[121.5126487,25.0333324]}},{"type":"Feature","properties":{"label":"軍事設施","group":"生活影響設施","radius":500,"name":"中正營區"},"geometry":{"type":"Point","coordinates":[121.5117862,25.0391775]}},{"type":"Feature","properties":{"label":"學校／幼兒園","group":"生活影響設施","radius":300,"name":"文林國小"},"geometry":{"type":"Point","coordinates":[121.4252845,24.9978472]}},{"type":"Feature","properties":{"label":"學校／幼兒園","group":"生活影響設施","radius":300,"name":"永福國小"},"geometry":{"type":"Point","coordinates":[121.4799714,25.0770209]}},{"type":"Feature","properties":{"label":"學校／幼兒園","group":"生活影響設施","radius":300,"name":"修德國小"},"geometry":{"type":"Point","coordinates":[121.4894824,25.0654127]}},{"type":"Feature","properties":{"label":"學校／幼兒園","group":"生活影響設施","radius":300,"name":"明志國中"},"geometry":{"type":"Point","coordinates":[121.4889412,25.0642616]}},{"type":"Feature","properties":{"label":"學校／幼兒園","group":"生活影響設施","radius":300,"name":"三重國小"},"geometry":{"type":"Point","coordinates":[121.497991,25.0705763]}},{"type":"Feature","properties":{"label":"學校／幼兒園","group":"生活影響設施","radius":300,"name":"光榮國中"},"geometry":{"type":"Point","coordinates":[121.499408,25.0711865]}},{"type":"Feature","properties":{"label":"學校／幼兒園","group":"生活影響設施","radius":300,"name":"正義國小"},"geometry":{"type":"Point","coordinates":[121.4958457,25.065134]}},{"type":"Feature","properties":{"label":"學校／幼兒園","group":"生活影響設施","radius":300,"name":"光興國小"},"geometry":{"type":"Point","coordinates":[121.4995127,25.0594122]}},{"type":"Feature","properties":{"label":"學校／幼兒園","group":"生活影響設施","radius":300,"name":"三光國小"},"geometry":{"type":"Point","coordinates":[121.4959485,25.055905]}},{"type":"Feature","properties":{"label":"學校／幼兒園","group":"生活影響設施","radius":300,"name":"新林國小"},"geometry":{"type":"Point","coordinates":[121.3588125,25.0698712]}},{"type":"Feature","properties":{"label":"學校／幼兒園","group":"生活影響設施","radius":300,"name":"三民高中"},"geometry":{"type":"Point","coordinates":[121.4736871,25.086948]}},{"type":"Feature","properties":{"label":"學校／幼兒園","group":"生活影響設施","radius":300,"name":"蘆洲國中"},"geometry":{"type":"Point","coordinates":[121.4656845,25.0865572]}},{"type":"Feature","properties":{"label":"學校／幼兒園","group":"生活影響設施","radius":300,"name":"忠義國小"},"geometry":{"type":"Point","coordinates":[121.4636041,25.0896665]}},{"type":"Feature","properties":{"label":"學校／幼兒園","group":"生活影響設施","radius":300,"name":"成功國小"},"geometry":{"type":"Point","coordinates":[121.4565965,25.0856527]}},{"type":"Feature","properties":{"label":"學校／幼兒園","group":"生活影響設施","radius":300,"name":"頭前國中"},"geometry":{"type":"Point","coordinates":[121.4588419,25.0553513]}},{"type":"Feature","properties":{"label":"學校／幼兒園","group":"生活影響設施","radius":300,"name":"介壽國小"},"geometry":{"type":"Point","coordinates":[121.3788639,24.9293642]}},{"type":"Feature","properties":{"label":"學校／幼兒園","group":"生活影響設施","radius":300,"name":"龍埔國小"},"geometry":{"type":"Point","coordinates":[121.3773721,24.9411937]}},{"type":"Feature","properties":{"label":"市場／夜市","group":"生活影響設施","radius":300,"name":"新莊廟街夜市"},"geometry":{"type":"Point","coordinates":[121.4512106,25.0333781]}},{"type":"Feature","properties":{"label":"學校／幼兒園","group":"生活影響設施","radius":300,"name":"新天地托兒所"},"geometry":{"type":"Point","coordinates":[121.4778638,25.1352597]}},{"type":"Feature","properties":{"label":"學校／幼兒園","group":"生活影響設施","radius":300,"name":"私立裕德雙語實驗高中"},"geometry":{"type":"Point","coordinates":[121.440017,24.982617]}},{"type":"Feature","properties":{"label":"學校／幼兒園","group":"生活影響設施","radius":300,"name":"土城國小"},"geometry":{"type":"Point","coordinates":[121.4420353,24.9718516]}},{"type":"Feature","properties":{"label":"學校／幼兒園","group":"生活影響設施","radius":300,"name":"清傳高商"},"geometry":{"type":"Point","coordinates":[121.477019,25.0512721]}},{"type":"Feature","properties":{"label":"學校／幼兒園","group":"生活影響設施","radius":300,"name":"調查局幹訓所"},"geometry":{"type":"Point","coordinates":[121.556551,24.9542866]}},{"type":"Feature","properties":{"label":"宗教活動設施","group":"生活影響設施","radius":300,"name":"伯利斯仁慈聖母傳教會"},"geometry":{"type":"Point","coordinates":[121.4285831,25.0399535]}},{"type":"Feature","properties":{"label":"宗教活動設施","group":"生活影響設施","radius":300,"name":"沙爾德聖保祿修女會"},"geometry":{"type":"Point","coordinates":[121.4281835,25.0413663]}},{"type":"Feature","properties":{"label":"學校／幼兒園","group":"生活影響設施","radius":300,"name":"金美國小"},"geometry":{"type":"Point","coordinates":[121.6360667,25.2208114]}},{"type":"Feature","properties":{"label":"學校／幼兒園","group":"生活影響設施","radius":300,"name":"雙永國小"},"geometry":{"type":"Point","coordinates":[121.5792049,25.0438331]}},{"type":"Feature","properties":{"label":"醫院／急診","group":"生活影響設施","radius":500,"name":"臺北醫學大學附設醫院"},"geometry":{"type":"Point","coordinates":[121.5630628,25.0264052]}},{"type":"Feature","properties":{"label":"宗教活動設施","group":"生活影響設施","radius":300,"name":"德來小妹妹會"},"geometry":{"type":"Point","coordinates":[121.4250189,25.03855]}},{"type":"Feature","properties":{"label":"市場／夜市","group":"生活影響設施","radius":300,"name":"智光黃昏市場"},"geometry":{"type":"Point","coordinates":[121.5161296,24.9951594]}},{"type":"Feature","properties":{"label":"市場／夜市","group":"生活影響設施","radius":300,"name":"希望廣場農民市集"},"geometry":{"type":"Point","coordinates":[121.5265761,25.0459245]}},{"type":"Feature","properties":{"label":"學校／幼兒園","group":"生活影響設施","radius":300,"name":"臺大附設幼稚園"},"geometry":{"type":"Point","coordinates":[121.5369431,25.0142053]}},{"type":"Feature","properties":{"label":"學校／幼兒園","group":"生活影響設施","radius":300,"name":"司法官學院"},"geometry":{"type":"Point","coordinates":[121.5466412,25.0199379]}},{"type":"Feature","properties":{"label":"監獄／看守所","group":"生活影響設施","radius":500,"name":"新店戒治所"},"geometry":{"type":"Point","coordinates":[121.5223333,24.9575054]}},{"type":"Feature","properties":{"label":"醫院／急診","group":"生活影響設施","radius":500,"name":"新北仁康醫院"},"geometry":{"type":"Point","coordinates":[121.4998249,24.9554691]}},{"type":"Feature","properties":{"label":"醫院／急診","group":"生活影響設施","radius":500,"name":"泰安醫院"},"geometry":{"type":"Point","coordinates":[121.5315106,25.0614457]}},{"type":"Feature","properties":{"label":"醫院／急診","group":"生活影響設施","radius":500,"name":"板橋國泰醫院"},"geometry":{"type":"Point","coordinates":[121.4599597,25.0020291]}},{"type":"Feature","properties":{"label":"醫院／急診","group":"生活影響設施","radius":500,"name":"板橋中興醫院"},"geometry":{"type":"Point","coordinates":[121.4602355,25.0020723]}},{"type":"Feature","properties":{"label":"學校／幼兒園","group":"生活影響設施","radius":300,"name":"西松國小"},"geometry":{"type":"Point","coordinates":[121.5629015,25.052794]}},{"type":"Feature","properties":{"label":"宗教活動設施","group":"生活影響設施","radius":300,"name":"新莊廣福宮"},"geometry":{"type":"Point","coordinates":[121.4550986,25.0357703]}}]}
